vulnerability_rank,facility_iata,facility_name,city,country,latitude,longitude,degree,in_degree,out_degree,betweenness,influence_score,total_shipment_volume,regional_hub_id
1,CDG,Charles de Gaulle International Airport,Paris,France,49.012798,2.55,470,233,237,0.0631975460927111,0.1592548569900279,1041,2
2,LAX,Los Angeles International Airport,Los Angeles,United States,33.94250107,-118.4079971,295,147,148,0.060142143936041656,0.07587496506088874,986,3
3,DXB,Dubai International Airport,Dubai,United Arab Emirates,25.2527999878,55.3643989563,368,181,187,0.05909196689527076,0.10271112104397158,706,9
4,ANC,Ted Stevens Anchorage International Airport,Anchorage,United States,61.17440032958984,-149.99600219726562,68,34,34,0.05367240001868719,0.007011315563362789,118,21
5,FRA,Frankfurt am Main Airport,Frankfurt,Germany,50.033333,8.570556,477,238,239,0.05194158696389547,0.16578156893654825,990,2
6,PEK,Beijing Capital International Airport,Beijing,China,40.080101013183594,116.58499908447266,408,204,204,0.04989734755534952,0.08351826770567641,1050,20
7,ORD,Chicago O'Hare International Airport,Chicago,United States,41.9786,-87.9048,409,203,206,0.04503917983594114,0.09021028988214672,1108,3
8,YYZ,Lester B. Pearson International Airport,Toronto,Canada,43.6772003174,-79.63059997559999,293,146,147,0.043752363264909194,0.08883000091561756,636,3
9,AMS,Amsterdam Airport Schiphol,Amsterdam,Netherlands,52.308601,4.76389,463,231,232,0.04368367150445417,0.16594722344115984,903,2
10,IST,Istanbul Airport,Istanbul,Turkey,41.275278,28.751944,455,229,226,0.04272626491413331,0.1295905601588546,715,2
11,GRU,Guarulhos - Governador André Franco Montoro International Airport,Sao Paulo,Brazil,-23.435556411743164,-46.47305679321289,182,90,92,0.04126919084765437,0.04830381661696684,387,11
12,LHR,London Heathrow Airport,London,United Kingdom,51.4706,-0.461941,342,171,171,0.03889410960146844,0.13707334769329263,1051,3
13,NRT,Narita International Airport,Tokyo,Japan,35.7647018433,140.386001587,206,103,103,0.03496626253672788,0.06377881624629943,575,18
14,SYD,Sydney Kingsford Smith International Airport,Sydney,Australia,-33.94609832763672,151.177001953125,168,83,85,0.03417945059159445,0.01782141918626968,410,18
15,SEA,Seattle Tacoma International Airport,Seattle,United States,47.449001,-122.308998,183,93,90,0.03107700232900861,0.04647684194140105,402,3
16,SIN,Singapore Changi Airport,Singapore,Singapore,1.35019,103.994003,250,125,125,0.030706639058903248,0.05095943778878975,820,18
17,BNE,Brisbane International Airport,Brisbane,Australia,-27.384199142456055,153.11700439453125,114,55,59,0.030479773270530763,0.010344800570871948,294,18
18,DME,Domodedovo International Airport,Moscow,Russia,55.40879821777344,37.90629959106445,376,188,188,0.029931156085098495,0.07664488574835861,647,14
19,ATL,Hartsfield Jackson Atlanta International Airport,Atlanta,United States,33.6367,-84.428101,433,216,217,0.029811570491758504,0.08132626912744649,1826,3
20,YUL,Montreal / Pierre Elliott Trudeau International Airport,Montreal,Canada,45.4706001282,-73.7407989502,185,92,93,0.02945957996948592,0.0634728152028851,371,3
21,HKG,Hong Kong International Airport,Hong Kong,Hong Kong,22.308901,113.915001,265,133,132,0.028669216079681602,0.06026932654495643,708,18
22,ICN,Incheon International Airport,Seoul,South Korea,37.46910095214844,126.45099639892578,260,130,130,0.02741232815428285,0.06369780508584952,736,18
23,JFK,John F Kennedy International Airport,New York,United States,40.63980103,-73.77890015,322,160,162,0.02581424153436531,0.10618304621371437,911,3
24,DFW,Dallas Fort Worth International Airport,Dallas-Fort Worth,United States,32.896801,-97.038002,372,185,187,0.025577711809838942,0.06340381227984399,936,3
25,DEN,Denver International Airport,Denver,United States,39.861698150635,-104.672996521,335,167,168,0.025301039136124165,0.04899000258589327,733,3
26,BOG,El Dorado International Airport,Bogota,Colombia,4.70159,-74.1469,148,74,74,0.024251202986028522,0.026225944028587016,307,11
27,JNB,OR Tambo International Airport,Johannesburg,South Africa,-26.1392,28.246,162,82,80,0.023591829972677007,0.033282612483647056,319,9
28,BKK,Suvarnabhumi Airport,Bangkok,Thailand,13.681099891662598,100.74700164794922,242,121,121,0.02311832768410038,0.06373492263298969,656,18
29,IAH,George Bush Intercontinental Houston Airport,Houston,United States,29.984399795532227,-95.34140014648438,337,168,169,0.022896641105263123,0.06559855642664598,485,3
30,MAD,Adolfo Suárez Madrid–Barajas Airport,Madrid,Spain,40.471926,-3.56264,314,156,158,0.02269599609519475,0.12328261047770536,661,2
31,PVG,Shanghai Pudong International Airport,Shanghai,China,31.143400192260746,121.80500030517578,299,150,149,0.0215757527959088,0.05894044722764285,807,20
32,MIA,Miami International Airport,Miami,United States,25.79319953918457,-80.29060363769531,269,134,135,0.02107766669949041,0.06299048578876856,734,3
33,MNL,Ninoy Aquino International Airport,Manila,Philippines,14.5086,121.019997,156,78,78,0.02007506635700551,0.02309547293809627,386,18
34,ARN,Stockholm-Arlanda Airport,Stockholm,Sweden,59.651901245117,17.918600082397,246,123,123,0.019659687581689247,0.095665021039142,439,2
35,YVR,Vancouver International Airport,Vancouver,Canada,49.193901062,-123.183998108,150,75,75,0.018615265865836703,0.03792180629715102,315,3
36,DOH,Hamad International Airport,Doha,Qatar,25.273056,51.608056,234,118,116,0.018178190575752665,0.08141244497259367,377,9
37,KUL,Kuala Lumpur International Airport,Kuala Lumpur,Malaysia,2.745579957962,101.70999908447,223,111,112,0.01808405573314969,0.03803367385233529,514,18
38,CAN,Guangzhou Baiyun International Airport,Guangzhou,China,23.39240074157715,113.29900360107422,295,147,148,0.017988125746000273,0.040557992442828594,667,20
39,SVO,Sheremetyevo International Airport,Moscow,Russia,55.972599,37.4146,288,144,144,0.017869051613317907,0.09638705339933615,397,14
40,CGK,Soekarno-Hatta International Airport,Jakarta,Indonesia,-6.1255698204,106.65599823,127,63,64,0.01761502369684642,0.017754134289665782,367,18
41,HND,Tokyo Haneda International Airport,Tokyo,Japan,35.552299,139.779999,147,74,73,0.016327864035078424,0.023080825072919132,315,18
42,EWR,Newark Liberty International Airport,Newark,United States,40.692501068115234,-74.168701171875,305,152,153,0.016321599139996295,0.09407317611768717,505,3
43,MUC,Munich Airport,Munich,Germany,48.353802,11.7861,380,189,191,0.016084051586956916,0.14900570805287838,728,2
44,PPT,Faa'a International Airport,Papeete,French Polynesia,-17.553699,-149.606995,55,28,27,0.01578554484123446,0.0025645014944504383,75,17
45,JED,King Abdulaziz International Airport,Jeddah,Saudi Arabia,21.6796,39.156502,207,98,109,0.015715903126823617,0.04549079951667184,377,9
46,DEL,Indira Gandhi International Airport,Delhi,India,28.5665,77.103104,194,97,97,0.01559078920654905,0.05097582318556159,527,9
47,MEX,Licenciado Benito Juarez International Airport,Mexico City,Mexico,19.4363,-99.072098,189,95,94,0.015396803246106984,0.0404098040791191,485,3
48,AKL,Auckland International Airport,Auckland,New Zealand,-37.008098602299995,174.792007446,95,50,45,0.015345383818789148,0.010593126940276129,213,18
49,SCL,Comodoro Arturo Merino Benítez International Airport,Santiago,Chile,-33.393001556396484,-70.78579711914062,79,39,40,0.0152890349818643,0.01553509657921765,158,11
50,CPH,Copenhagen Kastrup Airport,Copenhagen,Denmark,55.617900848389,12.656000137329,241,120,121,0.01485813097582925,0.109451782380053,457,2
51,POM,Port Moresby Jacksons International Airport,Port Moresby,Papua New Guinea,-9.44338035583496,147.22000122070312,66,33,33,0.014845279272606086,0.003609907171387384,97,0
52,AEP,Jorge Newbery Airpark,Buenos Aires,Argentina,-34.5592,-58.4156,85,42,43,0.014762327199166446,0.0017243757650944537,128,11
53,LIS,Humberto Delgado Airport (Lisbon Portela Airport),Lisbon,Portugal,38.7813,-9.13592,204,101,103,0.014598588454437515,0.08930938774896177,435,2
54,OSL,Oslo Lufthavn,Oslo,Norway,60.121,11.0502,206,103,103,0.014402835640280345,0.08366952364081028,361,2
55,LIM,Jorge Chávez International Airport,Lima,Peru,-12.0219,-77.114305,114,57,57,0.014286461411705389,0.02290729570382408,230,11
56,HNL,Daniel K Inouye International Airport,Honolulu,United States,21.32062,-157.924228,101,50,51,0.013799767111994323,0.022843425174484306,233,18
57,YYC,Calgary International Airport,Calgary,Canada,51.113899231,-114.019996643,119,60,59,0.013416390972579488,0.03069481435375794,228,3
58,YWG,Winnipeg / James Armstrong Richardson International Airport,Winnipeg,Canada,49.909999847399995,-97.2398986816,46,23,23,0.013298032763308036,0.007390458376385697,81,3
59,IAD,Washington Dulles International Airport,Washington,United States,38.94449997,-77.45580292,248,122,126,0.013197442768117164,0.07479820270463575,386,3
60,MSP,Minneapolis-St Paul International/Wold-Chamberlain Airport,Minneapolis,United States,44.882,-93.221802,260,130,130,0.01318197652810008,0.04835396918675714,430,3
61,FCO,Leonardo da Vinci–Fiumicino Airport,Rome,Italy,41.8002778,12.2388889,316,159,157,0.012570550117653028,0.1358983845646681,662,2
62,BET,Bethel Airport,Bethel,United States,60.77980042,-161.8379974,32,15,17,0.0123320847670524,0.00010149677534668672,42,21
63,SFO,San Francisco International Airport,San Francisco,United States,37.61899948120117,-122.375,208,104,104,0.012320640829115843,0.05923265452354342,499,3
64,HEL,Helsinki Vantaa Airport,Helsinki,Finland,60.317199707031,24.963300704956,176,88,88,0.012047187061804018,0.07781325172512535,320,2
65,LAS,McCarran International Airport,Las Vegas,United States,36.08010101,-115.1520004,266,133,133,0.01191660865267843,0.05109996537428391,498,3
66,GIG,Rio Galeão – Tom Jobim International Airport,Rio De Janeiro,Brazil,-22.8099994659,-43.2505569458,99,50,49,0.011798585545587437,0.026869979115030244,194,11
67,YQT,Thunder Bay Airport,Thunder Bay,Canada,48.37189865112305,-89.32389831542969,20,11,9,0.011702942547978205,0.001507908615708743,27,3
68,YZF,Yellowknife Airport,Yellowknife,Canada,62.462799072265625,-114.44000244140624,36,18,18,0.011626006377793983,0.0009615982128663864,58,4
69,ADD,Addis Ababa Bole International Airport,Addis Ababa,Ethiopia,8.97789001465,38.7993011475,137,71,66,0.01160586991060281,0.03224357147357305,212,9
70,FAI,Fairbanks International Airport,Fairbanks,United States,64.81510162,-147.8560028,30,16,14,0.011377804720360624,0.0007769965267224579,42,21
71,ATH,Eleftherios Venizelos International Airport,Athens,Greece,37.9364013672,23.9444999695,206,102,104,0.01111287240270426,0.08726407537442246,403,2
72,BOS,General Edward Lawrence Logan International Airport,Boston,United States,42.36429977,-71.00520325,205,102,103,0.010850927189743042,0.06022450732196072,424,3
73,NBO,Jomo Kenyatta International Airport,Nairobi,Kenya,-1.31923997402,36.9277992249,125,61,64,0.010798568826376823,0.026411189658157766,258,9
74,ALG,Houari Boumediene Airport,Algier,Algeria,36.69100189208984,3.215409994125366,128,64,64,0.010795914373043797,0.04632930227654408,174,2
75,BCN,Barcelona International Airport,Barcelona,Spain,41.2971,2.07846,326,163,163,0.01076566771901845,0.1294836201468636,783,2
76,BOM,Chhatrapati Shivaji International Airport,Mumbai,India,19.0886993408,72.8678970337,165,82,83,0.010530187123256735,0.03911265658659386,452,9
77,LGW,London Gatwick Airport,London,United Kingdom,51.148102,-0.190278,330,165,165,0.010473595247368541,0.11501177797371694,708,2
78,VLI,Bauerfield International Airport,Port-vila,Vanuatu,-17.699300765991,168.32000732422,40,20,20,0.010284245837320537,0.0006562624032667125,56,18
79,CCS,Simón Bolívar International Airport,Caracas,Venezuela,10.601194,-66.991222,92,46,46,0.010250842013778346,0.02183355865337554,179,11
80,ORY,Paris-Orly Airport,Paris,France,48.7233333,2.3794444,237,119,118,0.009936220369206524,0.06662279637957988,402,2
81,YOW,Ottawa Macdonald-Cartier International Airport,Ottawa,Canada,45.3224983215332,-75.66919708251953,52,26,26,0.009833079522300767,0.01680715053310719,89,3
82,HIR,Honiara International Airport,Honiara,Solomon Islands,-9.4280004501343,160.05499267578,36,17,19,0.009051534208336078,0.0002710608674390692,44,0
83,DTW,Detroit Metropolitan Wayne County Airport,Detroit,United States,42.212398529052734,-83.35340118408203,269,134,135,0.009044645615935007,0.05592070532757426,433,3
84,BSB,Presidente Juscelino Kubistschek International Airport,Brasilia,Brazil,-15.86916732788086,-47.92083358764648,89,45,44,0.008918718476632595,0.008542889028112895,197,11
85,SJO,Juan Santamaria International Airport,San Jose,Costa Rica,9.993860244750977,-84.20880126953125,73,36,37,0.008898237042610582,0.019108215902032228,143,3
86,CTU,Chengdu Shuangliu International Airport,Chengdu,China,30.578500747680664,103.9469985961914,214,107,107,0.008783272047432506,0.02739174554482795,641,20
87,AUH,Abu Dhabi International Airport,Abu Dhabi,United Arab Emirates,24.433000564575195,54.651100158691406,176,89,87,0.008679513612248025,0.06173273172903604,477,9
88,FIH,Ndjili International Airport,Kinshasa,Congo (Kinshasa),-4.38575,15.4446,35,19,16,0.008638928751042692,0.00879576300154593,55,13
89,LAD,Quatro de Fevereiro Airport,Luanda,Angola,-8.85837,13.2312,72,36,36,0.008607698530006916,0.021418617813613823,92,9
90,TPE,Taiwan Taoyuan International Airport,Taipei,Taiwan,25.0777,121.233002,201,100,101,0.008548177713403401,0.0365086229427863,521,18
91,VKO,Vnukovo International Airport,Moscow,Russia,55.5914993286,37.2615013123,147,73,74,0.008285910040830204,0.04077968457920602,171,14
92,PER,Perth International Airport,Perth,Australia,-31.94029998779297,115.96700286865234,76,38,38,0.008268419221977644,0.008816454700995511,182,18
93,LED,Pulkovo Airport,St. Petersburg,Russia,59.80030059814453,30.262500762939453,222,112,110,0.008133264858055262,0.06613616756838837,368,14
94,BRU,Brussels Airport,Brussels,Belgium,50.9014015198,4.48443984985,293,147,146,0.008113291057616271,0.1224054609747153,631,2
95,MEL,Melbourne International Airport,Melbourne,Australia,-37.673302,144.843002,109,54,55,0.008087818084127708,0.014087976571933988,269,18
96,CLT,Charlotte Douglas International Airport,Charlotte,United States,35.2140007019043,-80.94309997558594,280,139,141,0.00806493033652213,0.057010875962512926,600,3
97,ZRH,Zürich Airport,Zurich,Switzerland,47.464699,8.54917,273,136,137,0.008032791122746427,0.12622923789413432,494,2
98,DMK,Don Mueang International Airport,Bangkok,Thailand,13.9125995636,100.607002258,96,48,48,0.00785149783032411,0.007213939412761328,134,18
99,CNS,Cairns International Airport,Cairns,Australia,-16.885799408,145.755004883,59,29,30,0.007814613236681487,0.0034651389592653763,110,18
100,NAN,Nadi International Airport,Nandi,Fiji,-17.755399703979492,177.4429931640625,47,23,24,0.007729074592995432,0.004110721645416736,83,18
101,SLC,Salt Lake City International Airport,Salt Lake City,United States,40.78839874267578,-111.97799682617188,181,91,90,0.0077149956519004,0.032154149139423015,278,3
102,DUB,Dublin Airport,Dublin,Ireland,53.421299,-6.27007,288,144,144,0.007467491391828956,0.11734514758876252,414,2
103,YXL,Sioux Lookout Airport,Sioux Lookout,Canada,50.11389923095703,-91.9052963256836,30,14,16,0.007439769527288933,2.3438148770059838e-05,34,7
104,SGN,Tan Son Nhat International Airport,Ho Chi Minh City,Vietnam,10.8187999725,106.652000427,106,53,53,0.0073719192716144265,0.023245243541609062,216,18
105,MAO,Eduardo Gomes International Airport,Manaus,Brazil,-3.0386099815368652,-60.04970169067383,36,18,18,0.007263688657038971,0.0028073428405388703,64,11
106,RGN,Yangon International Airport,Yangon,Burma,16.907300949099998,96.1332015991,57,29,28,0.0071251160846129554,0.010242270750642874,99,18
107,MAN,Manchester Airport,Manchester,United Kingdom,53.35369873046875,-2.2749500274658203,290,144,146,0.007076545995069464,0.11425640409996375,627,2
108,CMN,Mohammed V International Airport,Casablanca,Morocco,33.36750030517578,-7.589970111846924,173,87,86,0.007019918615012456,0.06251077809267773,249,2
109,PTY,Tocumen International Airport,Panama City,Panama,9.0713596344,-79.3834991455,144,72,72,0.007003609012332541,0.03139462510099375,212,3
110,PHL,Philadelphia International Airport,Philadelphia,United States,39.87189865112305,-75.24109649658203,243,121,122,0.006858026759216371,0.07023206101587952,576,3
111,THR,Mehrabad International Airport,Teheran,Iran,35.68920135498047,51.31340026855469,72,36,36,0.0068178052207854235,0.0013622813985539938,123,9
112,OME,Nome Airport,Nome,United States,64.51219940185547,-165.44500732421875,29,14,15,0.006780871914407677,0.00010449807209567924,45,21
113,KEF,Keflavik International Airport,Keflavik,Iceland,63.985000610352,-22.605600357056,66,34,32,0.006752941528328289,0.03962533834386207,91,2
114,YFB,Iqaluit Airport,Iqaluit,Canada,63.756402,-68.555801,20,10,10,0.006695833438830641,0.00025822591905619725,36,4
115,SFJ,Kangerlussuaq Airport,Sondrestrom,Greenland,67.0122218992,-50.7116031647,14,7,7,0.00669023906887641,0.0015906938547395105,14,1
116,NAS,Lynden Pindling International Airport,Nassau,Bahamas,25.0389995575,-77.46620178219999,79,40,39,0.00651790235840087,0.01908492594458374,135,3
117,YEG,Edmonton International Airport,Edmonton,Canada,53.3097000122,-113.580001831,75,37,38,0.006337200194879801,0.017398589842695572,139,3
118,OTZ,Ralph Wien Memorial Airport,Kotzebue,United States,66.88469696,-162.598999,23,12,11,0.006327663048897266,0.00010294143178122941,41,21
119,RUH,King Khaled International Airport,Riyadh,Saudi Arabia,24.957599639892575,46.69879913330078,161,81,80,0.006314355257007523,0.039604293254210096,276,9
120,DPS,Ngurah Rai (Bali) International Airport,Denpasar,Indonesia,-8.7481698989868,115.16699981689,84,42,42,0.006242330330069263,0.009874242841120335,201,18
121,TNR,Ivato Airport,Antananarivo,Madagascar,-18.7969,47.478802,41,20,21,0.00610674384946387,0.005412902902124912,54,9
122,FLL,Fort Lauderdale Hollywood International Airport,Fort Lauderdale,United States,26.072599,-80.152702,194,97,97,0.006015076762549276,0.04057985906436106,374,3
123,GLA,Glasgow International Airport,Glasgow,United Kingdom,55.8718986511,-4.43306016922,125,62,63,0.006014372018138638,0.04989324745871609,196,2
124,KTM,Tribhuvan International Airport,Kathmandu,Nepal,27.6966,85.3591,64,32,32,0.005826558604248491,0.01364939744612169,88,9
125,DUS,Düsseldorf Airport,Duesseldorf,Germany,51.289501,6.76678,294,147,147,0.005684100131461458,0.1160203972516052,570,2
126,EZE,Ministro Pistarini International Airport,Buenos Aires,Argentina,-34.8222,-58.5358,80,40,40,0.005636708529715241,0.025803109606166955,149,11
127,YVP,Kuujjuaq Airport,Quujjuaq,Canada,58.096099853515625,-68.4269027709961,19,9,10,0.005601356646808644,0.0009243709477092601,19,4
128,VCP,Viracopos International Airport,Campinas,Brazil,-23.0074005127,-47.1344985962,102,51,51,0.005533295289153053,0.0027970509509920596,114,11
129,LOS,Murtala Muhammed International Airport,Lagos,Nigeria,6.5773701667785645,3.321160078048706,85,42,43,0.005500495822164859,0.0271608612295591,119,13
130,TOS,"Tromsø Airport,",Tromso,Norway,69.68329620361328,18.918899536132812,40,20,20,0.005488881562330549,0.006717872526154525,52,12
131,URC,Ürümqi Diwopu International Airport,Urumqi,China,43.907100677490234,87.47419738769531,108,54,54,0.005389851510486902,0.01406253448766634,298,20
132,YZV,Sept-Îles Airport,Sept-iles,Canada,50.22330093383789,-66.2656021118164,22,11,11,0.005213793151037381,0.0011103675225702743,44,4
133,MHD,Mashhad International Airport,Mashhad,Iran,36.235198974609375,59.64099884033203,74,36,38,0.005187632672531704,0.008325501139801482,124,9
134,GOH,Godthaab / Nuuk Airport,Godthaab,Greenland,64.19090271,-51.6781005859,16,8,8,0.005108061638030842,0.0005970599189747398,16,1
135,SON,Santo Pekoa International Airport,Santo,Vanuatu,-15.505000114399998,167.220001221,20,10,10,0.005029934500404666,0.0001593863531364552,22,18
136,ULN,Chinggis Khaan International Airport,Ulan Bator,Mongolia,47.843102,106.766998,29,14,15,0.004972878550346141,0.006397504245445332,41,14
137,STN,London Stansted Airport,London,United Kingdom,51.8849983215,0.234999999404,305,152,153,0.004940053638964331,0.0778489267621048,343,2
138,CAI,Cairo International Airport,Cairo,Egypt,30.12190055847168,31.40559959411621,161,81,80,0.004933319287618366,0.06023642772914287,301,9
139,LPB,El Alto International Airport,La Paz,Bolivia,-16.5132999420166,-68.19229888916016,32,16,16,0.004818318931129458,0.0017074074425866674,51,11
140,VIE,Vienna International Airport,Vienna,Austria,48.110298156738,16.569700241089,275,138,137,0.00481212366622267,0.11440928187382098,616,2
141,ADL,Adelaide International Airport,Adelaide,Australia,-34.945,138.531006,52,26,26,0.0047278173185279155,0.004863500302627666,102,18
142,YHZ,Halifax / Stanfield International Airport,Halifax,Canada,44.8807983398,-63.5085983276,61,33,28,0.004671463887148295,0.015976036680773655,95,3
143,HAN,Noi Bai International Airport,Hanoi,Vietnam,21.221200942993164,105.80699920654295,92,46,46,0.004585107216000423,0.019110639330839563,174,18
144,JNU,Juneau International Airport,Juneau,United States,58.35499954223633,-134.5760040283203,22,11,11,0.0045463151936563145,0.0007835657529036388,34,21
145,UPG,Hasanuddin International Airport,Ujung Pandang,Indonesia,-5.061629772186279,119.5540008544922,46,23,23,0.004528990474471294,0.001877149836481376,106,18
146,YYR,Goose Bay Airport,Goose Bay,Canada,53.3191986084,-60.4258003235,22,11,11,0.004401376131753279,0.000374677548358164,30,4
147,STL,St Louis Lambert International Airport,St. Louis,United States,38.748697,-90.370003,121,61,60,0.0043701196854204,0.031314190599403637,221,3
148,UIO,Mariscal Sucre International Airport,Quito,Ecuador,-0.129166666667,-78.3575,45,23,22,0.004299954214950375,0.010750988052589013,76,11
149,BEL,Val de Cans/Júlio Cezar Ribeiro International Airport,Belem,Brazil,-1.3792500495900002,-48.4762992859,36,18,18,0.004293860797336952,0.0023880512672587186,70,11
150,SVX,Koltsovo Airport,Yekaterinburg,Russia,56.743099212646,60.802700042725,131,66,65,0.004281967662688965,0.02805473708928502,199,14
151,TLV,Ben Gurion International Airport,Tel-aviv,Israel,32.01139831542969,34.88669967651367,157,78,79,0.004262799602697404,0.08050174674662422,271,2
152,WIL,Nairobi Wilson Airport,Nairobi,Kenya,-1.321720004081726,36.81480026245117,21,11,10,0.004260213456632716,9.244600836896438e-05,37,9
153,SSA,Deputado Luiz Eduardo Magalhães International Airport,Salvador,Brazil,-12.9086112976,-38.3224983215,58,29,29,0.004246717906212362,0.008341734113065208,116,11
154,JRO,Kilimanjaro International Airport,Kilimanjaro,Tanzania,-3.42940998077,37.0745010376,20,11,9,0.004211797045213468,0.00556784247933195,41,9
155,MYY,Miri Airport,Miri,Malaysia,4.322010040283203,113.98699951171876,40,20,20,0.0042086199165054985,0.0019014766594842721,48,18
156,KMG,Kunming Changshui International Airport,Kunming,China,25.1019444,102.9291667,186,93,93,0.004141944851190177,0.018003656317954402,539,20
157,CCU,Netaji Subhash Chandra Bose International Airport,Kolkata,India,22.654699325561523,88.44670104980469,74,37,37,0.00408133656444078,0.009265096647516994,194,9
158,PHX,Phoenix Sky Harbor International Airport,Phoenix,United States,33.43429946899414,-112.01200103759766,180,90,90,0.004047643854896181,0.03823496806237738,506,3
159,MXP,Malpensa International Airport,Milano,Italy,45.6306,8.72811,218,111,107,0.0040239203184810855,0.1058511221735773,386,2
160,CUN,Cancún International Airport,Cancun,Mexico,21.036500930800003,-86.8770980835,156,78,78,0.003994298668291124,0.045733495508845395,311,3
161,ISA,Mount Isa Airport,Mount Isa,Australia,-20.663900375399997,139.488998413,18,9,9,0.003948469734677582,0.00030053507602706317,26,18
162,POA,Salgado Filho Airport,Porto Alegre,Brazil,-29.994400024414062,-51.1713981628418,52,25,27,0.0039466358457117415,0.004060605498651195,85,11
163,MCO,Orlando International Airport,Orlando,United States,28.429399490356445,-81.30899810791016,204,102,102,0.003909851617446245,0.048096404252265405,475,3
164,YRL,Red Lake Airport,Red Lake,Canada,51.066898345947266,-93.79309844970705,14,8,6,0.003899692112399893,0.00010716198719884376,16,7
165,PMI,Palma De Mallorca Airport,Palma de Mallorca,Spain,39.551700592,2.73881006241,252,126,126,0.0038391773145442505,0.08502029077406079,548,2
166,ABV,Nnamdi Azikiwe International Airport,Abuja,Nigeria,9.006790161132812,7.263169765472412,50,25,25,0.0038338579261472092,0.009211174992350746,60,13
167,SAW,Sabiha Gökçen International Airport,Istanbul,Turkey,40.898601532,29.3092002869,196,98,98,0.0038271822980435184,0.06632508804956784,290,2
168,KHI,Jinnah International Airport,Karachi,Pakistan,24.9065,67.160797,73,37,36,0.003808563990028287,0.017106592701815308,125,9
169,DAC,Hazrat Shahjalal International Airport,Dhaka,Bangladesh,23.843347,90.397783,67,34,33,0.0037902208912314376,0.018841534773707095,148,9
170,CMB,Bandaranaike International Colombo Airport,Colombo,Sri Lanka,7.180759906768799,79.88410186767578,82,41,41,0.0037808175742737892,0.026265230329502683,203,9
171,SJU,Luis Munoz Marin International Airport,San Juan,Puerto Rico,18.4393997192,-66.0018005371,97,48,49,0.0037786120384075282,0.0235594381735368,204,3
172,KOI,Kirkwall Airport,Kirkwall,United Kingdom,58.957801818847656,-2.9049999713897705,22,11,11,0.0036182574343799874,0.0023453463386822714,22,10
173,MRS,Marseille Provence Airport,Marseille,France,43.439271922,5.22142410278,169,84,85,0.00361763209944222,0.06429730753507612,263,2
174,YVQ,Norman Wells Airport,Norman Wells,Canada,65.28160095214844,-126.7979965209961,8,4,4,0.0036135991506488344,1.3897858866873164e-05,12,4
175,CJU,Jeju International Airport,Cheju,South Korea,33.51129913330078,126.49299621582033,66,33,33,0.0035919565441557945,0.008668696108461733,118,20
176,YTS,Timmins/Victor M. Power,Timmins,Canada,48.5696983337,-81.376701355,11,6,5,0.0034445136843480675,0.0014019738467450408,11,3
177,YRT,Rankin Inlet Airport,Rankin Inlet,Canada,62.8114013672,-92.1157989502,21,10,11,0.003434215434332211,0.00012611620752335422,48,4
178,YKS,Yakutsk Airport,Yakutsk,Russia,62.093299865722656,129.77099609375,46,23,23,0.0033999622932055153,0.006395511223399408,76,14
179,DRW,Darwin International Airport,Darwin,Australia,-12.41469955444336,130.8769989013672,40,20,20,0.0033587672222757333,0.0026769156384817677,90,18
180,YQB,Quebec Jean Lesage International Airport,Quebec,Canada,46.7911,-71.393303,36,18,18,0.003332614186737095,0.00982174007903545,57,4
181,ANI,Aniak Airport,Aniak,United States,61.581600189208984,-159.54299926757812,14,7,7,0.003311522617486575,0.00010285093089385285,24,21
182,KIX,Kansai International Airport,Osaka,Japan,34.42729949951172,135.24400329589844,114,57,57,0.0032987927440037384,0.030801542976645915,304,18
183,TUN,Tunis Carthage International Airport,Tunis,Tunisia,36.85100173950195,10.22719955444336,118,59,59,0.0032096842920492047,0.0547521935221827,169,2
184,XIY,Xi'an Xianyang International Airport,Xi'an,China,34.447102,108.751999,170,85,85,0.0031998267562478562,0.01449460144576177,551,20
185,CLE,Cleveland Hopkins International Airport,Cleveland,United States,41.4117012024,-81.8498001099,112,56,56,0.0031630530357730623,0.02951779279857511,161,3
186,ACC,Kotoka International Airport,Accra,Ghana,5.605189800262451,-0.1667860001325607,58,28,30,0.0031419956163082,0.01896496366003986,107,13
187,EDI,Edinburgh Airport,Edinburgh,United Kingdom,55.95000076293945,-3.372499942779541,177,89,88,0.0031174020167100765,0.07671639374021656,237,2
188,OTP,Henri Coandă International Airport,Bucharest,Romania,44.5711111,26.085,134,68,66,0.003109826669710381,0.06617798933129164,227,2
189,CGB,Marechal Rondon Airport,Cuiaba,Brazil,-15.6528997421,-56.1166992188,36,18,18,0.003100989399455335,0.001416983658898343,66,11
190,BKI,Kota Kinabalu International Airport,Kota Kinabalu,Malaysia,5.9372100830078125,116.0510025024414,60,30,30,0.0030992030982560513,0.007630065680554068,104,18
191,ISB,New Islamabad International Airport,Islamabad,Pakistan,33.560713,72.851613,74,37,37,0.0030987796157927725,0.025503894572269436,117,9
192,ALA,Almaty Airport,Alma-ata,Kazakhstan,43.35210037231445,77.04049682617188,90,45,45,0.003078964217990081,0.02627424940288725,134,14
193,AMQ,"Pattimura Airport, Ambon",Ambon,Indonesia,-3.7102599144,128.089004517,17,8,9,0.0030687097702371325,0.00034626652750103154,28,18
194,RAR,Rarotonga International Airport,Avarua,Cook Islands,-21.2026996613,-159.805999756,18,9,9,0.0030492322976903427,0.0015444454730800035,27,17
195,BIL,Billings Logan International Airport,Billings,United States,45.80770111083984,-108.54299926757812,24,12,12,0.003021953109742472,0.003719899005622674,24,3
196,JAV,Ilulissat Airport,Ilulissat,Greenland,69.2432022095,-51.0570983887,10,5,5,0.003017373459527427,3.19373690922172e-05,10,1
197,IKT,Irkutsk Airport,Irkutsk,Russia,52.268001556396,104.38899993896,56,28,28,0.0029844033676135204,0.007346380966489642,82,14
198,LYS,Lyon Saint-Exupéry Airport,Lyon,France,45.725556,5.081111,153,77,76,0.002847589791101066,0.06520318103218553,273,2
199,MLE,Malé International Airport,Male,Maldives,4.191830158233643,73.52909851074219,54,26,28,0.0028411449955806508,0.01875382835205908,83,9
200,TXL,Berlin-Tegel Airport,Berlin,Germany,52.5597,13.2877,219,110,109,0.0027714145682544086,0.09897237251897664,418,2
201,UAK,Narsarsuaq Airport,Narssarssuaq,Greenland,61.1604995728,-45.4259986877,10,5,5,0.002724466710929249,3.172378229817498e-05,10,1
202,TRD,Trondheim Airport Værnes,Trondheim,Norway,63.4578018,10.9239998,61,30,31,0.0027197833707174224,0.018885425637402604,86,2
203,KTN,Ketchikan International Airport,Ketchikan,United States,55.35559845,-131.7140045,14,7,7,0.0026873996346627026,0.0006833145630442965,27,21
204,SFB,Orlando Sanford International Airport,Sanford,United States,28.777599334716797,-81.23750305175781,97,48,49,0.0026546431565374223,0.0069827068644621884,97,3
205,GYE,José Joaquín de Olmedo International Airport,Guayaquil,Ecuador,-2.1574199199699997,-79.88359832760001,37,18,19,0.0026283598981589693,0.0067942321828674,71,11
206,PDX,Portland International Airport,Portland,United States,45.58869934,-122.5979996,114,57,57,0.0026272910590428734,0.027481790744877176,230,3
207,BOO,Bodø Airport,Bodo,Norway,67.26920318603516,14.365300178527832,29,14,15,0.0026223781405271544,0.0022317905279719,35,12
208,YYT,St. John's International Airport,St. John's,Canada,47.618598938,-52.7518997192,25,12,13,0.0026168471652077358,0.006756779047918883,43,3
209,SXM,Princess Juliana International Airport,Philipsburg,Netherlands Antilles,18.0410003662,-63.1088981628,66,33,33,0.002593369156509336,0.01966031095171929,114,3
210,AGP,Málaga Airport,Malaga,Spain,36.67490005493164,-4.499110221862793,230,115,115,0.00254952067527096,0.09459901064770135,410,2
211,SUV,Nausori International Airport,Nausori,Fiji,-18.04330062866211,178.5590057373047,23,11,12,0.002530983502098507,0.00032751060820904583,23,18
212,MDC,Sam Ratulangi Airport,Manado,Indonesia,1.5492600202560425,124.9260025024414,22,11,11,0.002522664701584028,0.0011137946860148148,42,18
213,VTE,Wattay International Airport,Vientiane,Laos,17.988300323500003,102.56300354,34,17,17,0.0025146562340778848,0.004588550458675707,50,18
214,CNF,Tancredo Neves International Airport,Belo Horizonte,Brazil,-19.62444305419922,-43.97194290161133,66,33,33,0.0024599315581467405,0.0046387545539061095,110,11
215,HRB,Taiping Airport,Harbin,China,45.6234016418457,126.25,113,56,57,0.0024397043934866447,0.010649750635848413,257,20
216,OPO,Francisco de Sá Carneiro Airport,Porto,Portugal,41.2481002808,-8.68138980865,122,61,61,0.0024371675800789507,0.05390903593326728,202,2
217,YMO,Moosonee Airport,Moosonee,Canada,51.29109954833984,-80.60780334472656,6,3,3,0.0024305725729096535,2.0645964085023334e-05,6,4
218,AKN,King Salmon Airport,King Salmon,United States,58.67679977,-156.6490021,10,6,4,0.0024134453844750093,0.00010274261014642984,12,21
219,TFF,Tefé Airport,Tefe,Brazil,-3.38294005394,-64.7240982056,10,5,5,0.0024133513187079877,4.05685641645626e-05,10,11
220,FKI,Bangoka International Airport,Kisangani,Congo (Kinshasa),0.481638997793,25.3379993439,5,3,2,0.0024113759376005327,0.00012699203621478918,5,13
221,VVI,Viru Viru International Airport,Santa Cruz,Bolivia,-17.6448,-63.135399,23,11,12,0.002403922077319869,0.003722109617571318,48,11
222,BGO,Bergen Airport Flesland,Bergen,Norway,60.29339981,5.218140125,96,48,48,0.0023738300076582906,0.039650437259144265,135,2
223,PLU,Pampulha - Carlos Drummond de Andrade Airport,Belo Horizonte,Brazil,-19.85120010375977,-43.95059967041016,23,11,12,0.002317552218927439,0.000800345810439748,25,11
224,SYZ,Shiraz Shahid Dastghaib International Airport,Shiraz,Iran,29.53919982910156,52.58980178833008,50,25,25,0.002312662512850457,0.006950962048094867,74,9
225,TAS,Tashkent International Airport,Tashkent,Uzbekistan,41.257900238,69.2811965942,113,56,57,0.00230020767329599,0.03201875988418316,160,14
226,DJJ,Sentani International Airport,Jayapura,Indonesia,-2.5769500733,140.5160064698,18,9,9,0.00229020454032093,0.0002872260078564978,35,18
227,BLR,Kempegowda International Airport,Bangalore,India,13.1979,77.706299,81,41,40,0.0022723766594323095,0.019197912468363203,195,9
228,DAR,Julius Nyerere International Airport,Dar Es Salaam,Tanzania,-6.87811,39.202599,41,19,22,0.0022687251208445385,0.007229541371543327,67,9
229,ALC,Alicante International Airport,Alicante,Spain,38.28219985961914,-0.5581560134887695,192,96,96,0.0022581692511062013,0.06855598040085556,314,2
230,PLS,Providenciales Airport,Providenciales,Turks and Caicos Islands,21.77359962463379,-72.26589965820312,40,20,20,0.002254436723504749,0.011342747702789969,62,3
231,WAW,Warsaw Chopin Airport,Warsaw,Poland,52.1656990051,20.967100143399996,156,78,78,0.0022050144676229793,0.0778368765653609,240,2
232,FUK,Fukuoka Airport,Fukuoka,Japan,33.585899353027344,130.4510040283203,72,36,36,0.0022004145879355287,0.012701112858784145,168,18
233,ESB,Esenboğa International Airport,Ankara,Turkey,40.1281013489,32.995098114,88,45,43,0.0021948785880520918,0.02002197238433372,105,2
234,TIP,Tripoli International Airport,Tripoli,Libya,32.6635017395,13.1590003967,48,24,24,0.0021866779533526027,0.017359708993110155,93,2
235,MCT,Muscat International Airport,Muscat,Oman,23.593299865722656,58.284400939941406,107,53,54,0.002178995715708582,0.030593457576669442,208,9
236,CEB,Mactan Cebu International Airport,Cebu,Philippines,10.307499885559,123.97899627686,58,29,29,0.0021638877170611207,0.0048066447155486886,97,18
237,CNX,Chiang Mai International Airport,Chiang Mai,Thailand,18.766799926799997,98.962600708,52,26,26,0.0021398942094212284,0.008998872518567172,95,18
238,LTN,London Luton Airport,London,United Kingdom,51.874698638916016,-0.3683330118656158,170,85,85,0.002136135804289186,0.061327833065758876,214,2
239,PDL,João Paulo II Airport,Ponta Delgada,Portugal,37.7411994934,-25.6979007721,33,16,17,0.002134561543886034,0.013920174734164948,47,2
240,YEV,Inuvik Mike Zubko Airport,Inuvik,Canada,68.30419921880001,-133.483001709,14,7,7,0.0021124506076334996,2.0686673347556578e-07,16,4
241,BRW,Wiley Post Will Rogers Memorial Airport,Barrow,United States,71.285402,-156.766008,13,6,7,0.002104396540840542,0.00010301590746755028,13,21
242,PUJ,Punta Cana International Airport,Punta Cana,Dominican Republic,18.567399978599997,-68.36340332030001,89,43,46,0.0020688040809140502,0.04144877055645239,143,3
243,KJA,Yemelyanovo Airport,Krasnoyarsk,Russia,56.172901,92.493301,61,31,30,0.0020341970330698947,0.01116700675361843,92,14
244,GUM,Antonio B. Won Pat International Airport,Agana,Guam,13.4834003448,144.796005249,38,19,19,0.0020079534664736174,0.005325989129843971,70,18
245,NCE,Nice-Côte d'Azur Airport,Nice,France,43.6584014893,7.215869903560001,178,89,89,0.0019945533143673993,0.08440280964409141,267,2
246,BGY,Il Caravaggio International Airport,Bergamo,Italy,45.673901,9.70417,160,80,80,0.0019764050389482098,0.04935649843451379,162,2
247,CKG,Chongqing Jiangbei International Airport,Chongqing,China,29.719200134277344,106.64199829101562,174,87,87,0.0019697276964894825,0.01799788185681536,528,20
248,LUN,Kenneth Kaunda International Airport Lusaka,Lusaka,Zambia,-15.3308000565,28.4526004791,31,14,17,0.0019507711527833554,0.0030286708672479703,65,9
249,MED,Prince Mohammad Bin Abdulaziz Airport,Madinah,Saudi Arabia,24.5534,39.705101,70,42,28,0.001918110311213449,0.016246976039130973,98,9
250,MRU,Sir Seewoosagur Ramgoolam International Airport,Plaisance,Mauritius,-20.430201,57.683601,49,24,25,0.001917036949655101,0.018355427554929075,82,9
251,KRT,Khartoum International Airport,Khartoum,Sudan,15.589500427246094,32.553199768066406,44,22,22,0.0018775428681156762,0.01053543814442214,81,9
252,OVB,Tolmachevo Airport,Novosibirsk,Russia,55.012599945068,82.650703430176,105,53,52,0.0018701356572959752,0.022940940391272622,177,14
253,ZGS,La Romaine Airport,La Romaine,Canada,50.259701,-60.679401,10,5,5,0.0018664414372442227,1.6285106739945896e-05,12,4
254,TWB,Toowoomba Airport,Toowoomba,Australia,-27.542801,151.916,8,4,4,0.0018392421824885814,0.00040902508247734297,8,18
255,TLL,Lennart Meri Tallinn Airport,Tallinn-ulemiste International,Estonia,59.41329956049999,24.832799911499997,56,28,28,0.0018298752879791164,0.02919700570048434,76,2
256,RKV,Reykjavik Airport,Reykjavik,Iceland,64.1299972534,-21.9405994415,8,4,4,0.0018102956863320563,8.624156782593844e-06,8,1
257,CDB,Cold Bay Airport,Cold Bay,United States,55.20610046386719,-162.72500610351562,8,4,4,0.0018102956863320558,0.00010132165435189138,10,21
258,TAH,Tanna Airport,Tanna,Vanuatu,-19.45509910583496,169.2239990234375,10,5,5,0.0018101075547980125,9.623096328942292e-06,10,18
259,YFA,Fort Albany Airport,Fort Albany,Canada,52.20140075683594,-81.6968994140625,4,2,2,0.0018097312917299262,2.981934877660642e-07,4,4
260,CWB,Afonso Pena Airport,Curitiba,Brazil,-25.5284996033,-49.1758003235,47,24,23,0.0018032302737447069,0.0030442739567291214,86,11
261,TSE,Astana International Airport,Tselinograd,Kazakhstan,51.02220153808594,71.46690368652344,68,34,34,0.0017750541973465365,0.018660337504059595,104,14
262,SHJ,Sharjah International Airport,Sharjah,United Arab Emirates,25.32859992980957,55.5172004699707,156,78,78,0.0017658239207216666,0.02030410733725446,195,9
263,HAV,José Martí International Airport,Havana,Cuba,22.989200592041016,-82.40910339355469,61,30,31,0.0017546627330180622,0.023059869343880848,87,3
264,HYD,Rajiv Gandhi International Airport,Hyderabad,India,17.2313175201,78.4298553467,64,32,32,0.0017429160828135914,0.013537477106825228,147,9
265,LPA,Gran Canaria Airport,Gran Canaria,Spain,27.931900024414062,-15.38659954071045,161,82,79,0.00174055105206266,0.06953216098762874,306,2
266,DKR,Léopold Sédar Senghor International Airport,Dakar,Senegal,14.739700317382812,-17.49020004272461,62,31,31,0.0017400558036523438,0.021347098997552494,134,13
267,TLS,Toulouse-Blagnac Airport,Toulouse,France,43.629101,1.36382,93,47,46,0.0017356659317379877,0.051259490145634926,161,2
268,GAL,Edward G. Pitka Sr Airport,Galena,United States,64.73619843,-156.9369965,11,6,5,0.0017344081287873228,1.139321352427165e-05,14,21
269,EBB,Entebbe International Airport,Entebbe,Uganda,0.042386,32.443501,34,15,19,0.0017325030165243754,0.007261205138218887,65,9
270,GCM,Owen Roberts International Airport,Georgetown,Cayman Islands,19.2928009033,-81.3576965332,37,19,18,0.0016815853415235076,0.013861303428605386,51,3
271,CPT,Cape Town International Airport,Cape Town,South Africa,-33.9648017883,18.6016998291,45,22,23,0.0016707413948470284,0.007155263198023902,86,9
272,VCE,Venice Marco Polo Airport,Venice,Italy,45.505299,12.3519,146,73,73,0.0016256056862025017,0.0800907080028543,245,2
273,GVA,Geneva Cointrin International Airport,Geneva,Switzerland,46.23809814453125,6.108950138092041,201,100,101,0.0016171772830170592,0.10034075934975052,329,2
274,YPX,Puvirnituq Airport,Puvirnituq,Canada,60.05059814453125,-77.28690338134766,8,4,4,0.0016079531151738861,2.7188841728321217e-05,8,4
275,AMM,Queen Alia International Airport,Amman,Jordan,31.7226009369,35.9931983948,113,57,56,0.0015890119629774688,0.04961330338835435,221,9
276,WLG,Wellington International Airport,Wellington,New Zealand,-41.3272018433,174.804992676,42,21,21,0.001555528501979807,0.0008334269459672347,64,18
277,MAB,João Correa da Rocha Airport,Maraba,Brazil,-5.36858987808,-49.138000488299994,12,4,8,0.0015191757060225664,0.00016115981833980376,22,11
278,CLO,Alfonso Bonilla Aragon International Airport,Cali,Colombia,3.54322,-76.3816,36,18,18,0.0015132524483181518,0.004594097945976533,57,11
279,JJU,Qaqortoq Heliport,Qaqortoq,Greenland,60.7156841553,-46.0299186409,9,4,5,0.0015086267714935573,4.648125394214397e-07,9,1
280,CHC,Christchurch International Airport,Christchurch,New Zealand,-43.48939895629883,172.53199768066406,41,21,20,0.0015071738142123483,0.0016614817171415302,72,18
281,HKT,Phuket International Airport,Phuket,Thailand,8.1132,98.316902,63,31,32,0.0014692898046502183,0.014552899506884055,138,18
282,PRG,Václav Havel Airport Prague,Prague,Czech Republic,50.1008,14.26,188,94,94,0.0014582462906559597,0.09135784537147791,361,2
283,CTL,Charleville Airport,Charlieville,Australia,-26.4132995605,146.261993408,8,4,4,0.0014458491990832023,0.00015748992248221962,8,18
284,RUN,Roland Garros Airport,St.-denis,Reunion,-20.88710021972656,55.51029968261719,26,13,13,0.0014092744772210843,0.0053242713577619965,40,9
285,YKG,Kangirsuk Airport,Kangirsuk,Canada,60.027198791503906,-69.99919891357422,6,3,3,0.0014075555078350277,1.354696531638387e-05,6,4
286,OGG,Kahului Airport,Kahului,United States,20.8986,-156.429993,42,21,21,0.001405565217936444,0.008712543900133003,84,3
287,LCY,London City Airport,London,United Kingdom,51.505299,0.055278,71,36,35,0.0013967609366746347,0.03339615909899458,128,2
288,WDH,Hosea Kutako International Airport,Windhoek,Namibia,-22.4799,17.4709,24,12,12,0.001392480345510619,0.003699188185123941,38,9
289,CTS,New Chitose Airport,Sapporo,Japan,42.77519989013672,141.69200134277344,71,35,36,0.00137265222114937,0.008364132731461284,158,18
290,STM,Maestro Wilson Fonseca Airport,Santarem,Brazil,-2.424721956253052,-54.785831451416016,13,6,7,0.0013696247880351639,7.607372902450392e-05,27,11
291,ABZ,Aberdeen Dyce Airport,Aberdeen,United Kingdom,57.201900482177734,-2.197779893875122,58,29,29,0.0013624242797704127,0.024559313321362474,82,2
292,GOM,Goma International Airport,Goma,Congo (Kinshasa),-1.670809984207153,29.238500595092773,6,3,3,0.0013583096757929273,1.8334741983345904e-06,6,13
293,YGW,Kuujjuarapik Airport,Kuujjuarapik,Canada,55.28189849853515,-77.76529693603516,14,7,7,0.0013502383403516337,0.000959142904766962,14,4
294,RAI,Praia International Airport,"Praia, Santiago Island",Cape Verde,14.924500465393066,-23.493499755859375,30,15,15,0.0013409657585202223,0.007297677445810615,34,13
295,HGH,Hangzhou Xiaoshan International Airport,Hangzhou,China,30.22949981689453,120.43399810791016,142,71,71,0.00133907617403755,0.018194965610903197,502,20
296,MEM,Memphis International Airport,Memphis,United States,35.04240036010742,-89.97669982910156,63,31,32,0.0013307640670749614,0.018413774413492068,112,3
297,IFN,Esfahan Shahid Beheshti International Airport,Esfahan,Iran,32.75080108642578,51.86130142211914,28,14,14,0.001330334890167196,0.004895239800491007,40,9
298,BHX,Birmingham International Airport,Birmingham,United Kingdom,52.453899383499994,-1.74802994728,162,81,81,0.0013302072477833576,0.06770154862930254,264,2
299,LHE,Alama Iqbal International Airport,Lahore,Pakistan,31.5216007232666,74.40360260009766,62,31,31,0.0013245048669999055,0.024105399148566117,111,9
300,ORN,Es Senia Airport,Oran,Algeria,35.6239013672,-0.6211829781529999,44,22,22,0.001312710444198948,0.017977768329647082,66,2
301,XMN,Xiamen Gaoqi International Airport,Xiamen,China,24.54400062561035,118.12799835205078,142,71,71,0.0013012221733856976,0.01831616440903145,462,20
302,SAH,Sana'a International Airport,Sanaa,Yemen,15.476300239562988,44.21969985961914,46,24,22,0.0012872776336540516,0.011137442463029343,75,9
303,KBP,Boryspil International Airport,Kiev,Ukraine,50.345001220703125,30.894699096679688,123,61,62,0.0012866215153005574,0.06050016564049608,202,2
304,HFT,Hammerfest Airport,Hammerfest,Norway,70.679702758789,23.668600082397,16,9,7,0.0012855187852727234,0.00012135126578192893,16,12
305,SUB,Juanda International Airport,Surabaya,Indonesia,-7.37982988357544,112.78700256347656,51,26,25,0.0012573948119078372,0.004252805093551752,131,18
306,WUH,Wuhan Tianhe International Airport,Wuhan,China,30.7838,114.208,128,64,64,0.0012531229639783697,0.016501935227485567,364,20
307,FYU,Fort Yukon Airport,Fort Yukon,United States,66.57150268554688,-145.25,8,4,4,0.0012478948790396098,1.1414440387251749e-05,12,21
308,TDD,Teniente Av. Jorge Henrich Arauz Airport,Trinidad,Bolivia,-14.8186998367,-64.9179992676,14,7,7,0.001232926256361583,3.717753480588299e-05,16,11
309,UUS,Yuzhno-Sakhalinsk Airport,Yuzhno-sakhalinsk,Russia,46.88869857788086,142.71800231933594,20,10,10,0.001230825061294102,0.004832352753428056,29,18
310,MPM,Maputo Airport,Maputo,Mozambique,-25.920799,32.572601,30,15,15,0.0012226782859291456,0.0031267431791351533,34,9
311,YVO,Val-d'Or Airport,Val D'or,Canada,48.0532989502,-77.7827987671,10,5,5,0.0012221074396539793,0.0009334565603896742,14,4
312,LST,Launceston Airport,Launceston,Australia,-41.54529953,147.214004517,10,5,5,0.001220549111867203,0.0006132959730622067,16,18
313,MAJ,Marshall Islands International Airport,Majuro,Marshall Islands,7.064760208129883,171.27200317382812,8,4,4,0.001217397756060732,0.0003331341173836507,8,18
314,ABQ,Albuquerque International Sunport,Albuquerque,United States,35.040199,-106.609001,46,23,23,0.0012171950849233133,0.014418361645254719,83,3
315,PZO,General Manuel Carlos Piar International Airport,Guayana,Venezuela,8.288530349731445,-62.760398864746094,12,6,6,0.001208085396113776,0.0004133426542090014,22,11
316,EOH,Enrique Olaya Herrera Airport,Medellin,Colombia,6.220549,-75.590582,16,8,8,0.0012079925800922973,0.0004143324563952664,22,11
317,ADQ,Kodiak Airport,Kodiak,United States,57.75,-152.4940033,5,2,3,0.0012073341197231455,0.00010127935404045185,7,21
318,ALB,Albany International Airport,Albany,United States,42.74829864501953,-73.80169677734375,38,19,19,0.001207207486221018,0.01352275918670882,60,3
319,PAC,Marcos A. Gelabert International Airport,Panama,Panama,8.973340034484863,-79.55560302734375,8,4,4,0.0012071930210726131,7.974594064835476e-06,8,16
320,MNG,Maningrida Airport,Maningrida,Australia,-12.0560998917,134.23399353,6,3,3,0.0012070519224220806,3.866501087584585e-05,6,18
321,GIU,Sigiriya Air Force Base,Sigiriya,Sri Lanka,7.956669807430001,80.7285003662,6,3,3,0.0012070519224220803,0.0003793216234147315,6,9
322,ZKE,Kashechewan Airport,Kashechewan,Canada,52.282501220703125,-81.67780303955078,4,2,2,0.0012068637908880376,4.3074046190829095e-09,4,4
323,ETH,Eilat Airport,Elat,Israel,29.56130027770996,34.96009826660156,6,3,3,0.0012068637908880374,0.001162516062564027,10,15
324,JUV,Upernavik Airport,Upernavik,Greenland,72.7901992798,-56.1305999756,4,2,2,0.0012068637908880374,4.610884123634545e-07,4,1
325,SGO,St George Airport,St George,Australia,-28.049699783325195,148.59500122070312,4,2,2,0.0012068637908880372,5.907249495508353e-06,4,18
326,TVY,Dawei Airport,Dawei,Burma,14.103899955749512,98.20359802246094,4,2,2,0.0012068637908880372,0.00014790256792614648,4,18
327,YAB,Old Arctic Bay Airport,Arctic Bay,Canada,73.0058922479,-85.0325489044,4,2,2,0.0012068637908880372,3.7296646429171663e-06,4,4
328,BOC,Bocas Del Toro International Airport,Bocas Del Toro,Panama,9.340849876403809,-82.25080108642578,5,3,2,0.0012062053305188854,0.0002760391158195262,5,16
329,KND,Kindu Airport,Kindu,Congo (Kinshasa),-2.91917991638,25.915399551399997,4,2,2,0.0012057350016837771,0.000126992412617254,4,13
330,KSM,St Mary's Airport,St Mary's,United States,62.0605011,-163.302002,6,3,3,0.0012027562523947576,0.0001013008106014584,8,21
331,YMT,Chapais Airport,Chibougamau,Canada,49.77190017700195,-74.5280990600586,6,3,3,0.0012001274476646437,0.0009169564364332899,6,4
332,ARH,Talagi Airport,Arkhangelsk,Russia,64.60030364990234,40.71670150756836,12,6,6,0.001196155169690369,0.002385266323930832,18,14
333,CBB,Jorge Wilsterman International Airport,Cochabamba,Bolivia,-17.421100616455078,-66.1771011352539,14,8,6,0.001192246732630736,0.0007794397543222538,19,11
334,KHH,Kaohsiung International Airport,Kaohsiung,Taiwan,22.57710075378418,120.3499984741211,74,37,37,0.0011723466665225697,0.012824191076659261,129,20
335,KWI,Kuwait International Airport,Kuwait,Kuwait,29.226600646972656,47.96889877319336,114,57,57,0.0011568480104039052,0.031436791971621615,239,9
336,RHO,Diagoras Airport,Rhodos,Greece,36.405399322509766,28.086200714111328,97,50,47,0.0011463130038837897,0.04424749377406469,168,2
337,NGO,Chubu Centrair International Airport,Nagoya,Japan,34.8583984375,136.80499267578125,85,43,42,0.0011369469784152375,0.01560920337242,169,18
338,MAA,Chennai International Airport,Madras,India,12.990005493164062,80.16929626464844,76,37,39,0.001134481124102461,0.0179022359708846,209,9
339,CVG,Cincinnati Northern Kentucky International Airport,Cincinnati,United States,39.0488014221,-84.6678009033,94,47,47,0.0011333115240260247,0.030188893615374697,150,3
340,BGI,Sir Grantley Adams International Airport,Bridgetown,Barbados,13.0746002197,-59.4925003052,35,18,17,0.0011253646747884536,0.008860751236004468,46,3
341,DCA,Ronald Reagan Washington National Airport,Washington,United States,38.8521,-77.037697,180,89,91,0.0011251717677079485,0.035621981251114564,388,3
342,YGL,La Grande Rivière Airport,La Grande Riviere,Canada,53.625301361083984,-77.7042007446289,6,3,3,0.0010910659192036748,0.0009306011935002437,6,4
343,PEW,Peshawar International Airport,Peshawar,Pakistan,33.993900299072266,71.51460266113281,34,17,17,0.001077578714592182,0.007938070985084644,60,9
344,MDW,Chicago Midway International Airport,Chicago,United States,41.785999,-87.752403,149,75,74,0.0010773330641654357,0.028704107369576334,271,3
345,KHV,Khabarovsk-Novy Airport,Khabarovsk,Russia,48.52799987793,135.18800354004,44,22,22,0.0010716816403497245,0.00770216522999913,73,14
346,EXT,Exeter International Airport,Exeter,United Kingdom,50.73440170288086,-3.4138898849487305,38,19,19,0.0010709304541639782,0.018070061021345743,49,2
347,BNA,Nashville International Airport,Nashville,United States,36.1245002746582,-86.6781997680664,93,46,47,0.0010678658923993871,0.02760002802139156,164,3
348,YFH,Fort Hope Airport,Fort Hope,Canada,51.5619010925293,-87.90779876708984,6,3,3,0.0010559352677017664,2.178650225443829e-05,6,3
349,UNK,Unalakleet Airport,Unalakleet,United States,63.88840103,-160.798996,9,5,4,0.001052878130273562,0.00010285550356219429,18,21
350,SDU,Santos Dumont Airport,Rio De Janeiro,Brazil,-22.910499572799996,-43.1631011963,36,18,18,0.0010266444407702878,0.0012834104052945646,61,11
351,TFS,Tenerife South Airport,Tenerife,Spain,28.044500351,-16.5725002289,166,83,83,0.0010238249672374815,0.07106523191832176,318,2
352,FLN,Hercílio Luz International Airport,Florianopolis,Brazil,-27.670278549194336,-48.5525016784668,24,12,12,0.0010204959935666642,0.0017684462603398579,42,11
353,MCI,Kansas City International Airport,Kansas City,United States,39.2976,-94.713898,86,43,43,0.0010066534582724917,0.026355897908300112,159,3
354,AKV,Akulivik Airport,Akulivik,Canada,60.818599700927734,-78.14859771728516,4,2,2,0.0010041026270665543,3.926499666047024e-07,4,4
355,BQL,Boulia Airport,Boulia,Australia,-22.913299560546875,139.89999389648438,4,2,2,0.0009661851988864786,4.34046182896474e-06,4,18
356,AYT,Antalya International Airport,Antalya,Turkey,36.898701,30.800501,127,64,63,0.0009470034348464763,0.05219869276079316,253,2
357,AUA,Queen Beatrix International Airport,Oranjestad,Aruba,12.5014,-70.015198,50,25,25,0.0009254037668793933,0.016221504096055637,90,3
358,REC,Guararapes - Gilberto Freyre International Airport,Recife,Brazil,-8.126489639282227,-34.92359924316406,36,18,18,0.0009180843899376417,0.006674888453190725,72,11
359,LCE,Goloson International Airport,La Ceiba,Honduras,15.7425,-86.852997,13,6,7,0.0009176706658775589,0.0004535377241173804,15,3
360,MQH,Minaçu Airport,Minacu,Brazil,-13.5491,-48.195301,2,1,1,0.0009058533364186908,1.2400792360358109e-37,2,11
361,MCG,McGrath Airport,Mcgrath,United States,62.95289993,-155.6060028,7,4,3,0.000905383007583582,0.00010276531743024041,11,21
362,LUV,Dumatumbun Airport,Langgur-Kei Islands,Indonesia,-5.661620140075684,132.7310028076172,5,3,2,0.0009052889418165605,5.072650485266561e-06,6,18
363,MDK,Mbandaka Airport,Mbandaka,Congo (Kinshasa),0.0226000007242,18.2887001038,5,3,2,0.0009052889418165605,0.00012882511706378973,5,13
364,DAV,Enrique Malek International Airport,David,Panama,8.390999794006348,-82.43499755859375,4,2,2,0.0009044423499133654,0.0002760374516918751,4,16
365,YSO,Postville Airport,Postville,Canada,54.9105,-59.78507,6,3,3,0.0009043639617741807,5.413726952503705e-06,8,4
366,NSI,Yaoundé Nsimalen International Airport,Yaounde,Cameroon,3.722559928894043,11.553299903869627,19,12,7,0.0009040971533176741,0.0075343115888754685,38,13
367,YCO,Kugluktuk Airport,Coppermine,Canada,67.816704,-115.143997,6,3,3,0.0009036741461493553,1.4098577993584566e-05,10,4
368,YNA,Natashquan Airport,Natashquan,Canada,50.189998626708984,-61.78919982910156,8,4,4,0.0009012027889275758,1.6280241414494088e-05,12,4
369,SHA,Shanghai Hongqiao International Airport,Shanghai,China,31.197900772094727,121.33599853515624,134,68,66,0.0008973835344443208,0.010261514000802285,410,20
370,SAN,San Diego International Airport,San Diego,United States,32.7336006165,-117.190002441,111,56,55,0.0008874928427929099,0.03179378959096112,238,3
371,MMX,Malmö Sturup Airport,Malmoe,Sweden,55.536305364,13.3761978149,26,13,13,0.0008817678860600009,0.008170266695831489,32,2
372,GOT,Gothenburg-Landvetter Airport,Gothenborg,Sweden,57.662799835205,12.279800415039,64,32,32,0.0008786343852871858,0.040235802153851474,106,2
373,SCC,Deadhorse Airport,Deadhorse,United States,70.19470215,-148.4649963,10,5,5,0.000874177558170552,0.00011403914068570856,11,21
374,SZX,Shenzhen Bao'an International Airport,Shenzhen,China,22.639299392700195,113.81099700927734,170,85,85,0.0008703723643307588,0.014960315765747622,463,20
375,AJA,Ajaccio-Napoléon Bonaparte Airport,Ajaccio,France,41.92359924316406,8.8029203414917,50,25,25,0.0008658283507124434,0.019760774069535043,78,2
376,SCW,Syktyvkar Airport,Syktyvkar,Russia,61.64699935913086,50.84510040283203,14,7,7,0.0008638558284215507,0.0027923310097607216,18,14
377,BZE,Philip S. W. Goldson International Airport,Belize City,Belize,17.539100646972656,-88.30819702148438,28,14,14,0.0008430323289591481,0.008390200695975713,38,3
378,ULP,Quilpie Airport,Quilpie,Australia,-26.612199783325195,144.2530059814453,4,2,2,0.0008429816982413178,2.2745763411331276e-06,4,18
379,MLA,Malta International Airport,Malta,Malta,35.857498,14.4775,152,76,76,0.000816049739393121,0.07625738441797239,226,2
380,ZAG,Zagreb Airport,Zagreb,Croatia,45.7429008484,16.0687999725,55,28,27,0.000811728744628842,0.03326214613917545,85,2
381,YQC,Quaqtaq Airport,Quaqtaq,Canada,61.0463981628418,-69.6177978515625,4,2,2,0.0008050642700611777,1.9563981161169755e-07,4,4
382,TIJ,General Abelardo L. Rodríguez International Airport,Tijuana,Mexico,32.541099548339844,-116.97000122070312,63,31,32,0.0008016639127875155,0.0036572688330915367,83,3
383,KKN,Kirkenes Airport (Høybuktmoen),Kirkenes,Norway,69.725799560547,29.891300201416,11,5,6,0.0008010904942893004,0.001326099821695969,13,12
384,KGL,Kigali International Airport,Kigali,Rwanda,-1.96863,30.1395,33,17,16,0.0007965840089538695,0.009838497986285943,78,9
385,SOQ,Dominique Edward Osok Airport,Sorong,Indonesia,-0.894,131.287,12,6,6,0.0007928086978589009,4.88156334099246e-05,16,18
386,TSA,Taipei Songshan Airport,Taipei,Taiwan,25.069400787353516,121.552001953125,38,19,19,0.000789945473903175,0.003759646999068394,80,20
387,ALF,Alta Airport,Alta,Norway,69.976097106934,23.371700286865,13,6,7,0.0007890943096273026,0.0013275797133886155,20,12
388,OKA,Naha Airport,Okinawa,Japan,26.1958007812,127.646003723,62,31,31,0.0007879734029056612,0.007717409400116249,121,18
389,NAY,Beijing Nanyuan Airport,Beijing,China,39.78279876708984,116.38800048828124,80,40,40,0.0007803336012960242,0.0037610220556064146,160,20
390,ACK,Nantucket Memorial Airport,Nantucket,United States,41.25310135,-70.06020355,12,6,6,0.0007785623092622641,0.0010143763770860353,12,3
391,OGX,Ain el Beida Airport,Ouargla,Algeria,31.917200088500977,5.412779808044434,11,6,5,0.0007784328699956196,0.0009543840286904322,11,2
392,LHW,Lanzhou Zhongchuan Airport,Lanzhou,China,36.5152015686,103.620002747,64,32,32,0.0007626554822350568,0.007596058429651677,166,20
393,NGS,Nagasaki Airport,Nagasaki,Japan,32.916900634799994,129.914001465,22,11,11,0.0007584077223548285,0.0029351254591209876,34,18
394,RIA,Santa Maria Airport,Santa Maria,Brazil,-29.711399,-53.688202,6,3,3,0.0007544544843973112,5.8659592875648215e-05,8,11
395,XNN,Xining Caojiabu Airport,Xining,China,36.5275,102.042999,36,18,18,0.0007536905377203769,0.0046975421872449356,96,20
396,TGU,Toncontín International Airport,Tegucigalpa,Honduras,14.06089973449707,-87.21720123291016,22,11,11,0.0007479412837641832,0.004413387242305927,36,3
397,REP,Siem Reap International Airport,Siem-reap,Cambodia,13.410699844400002,103.81300354,40,20,20,0.0007468704838789643,0.008865223317249612,81,18
398,VDS,Vadsø Airport,Vadsø,Norway,70.065299987793,29.844699859619,14,7,7,0.0007467723394393923,0.00013568636585392822,14,12
399,WJR,Wajir Airport,Wajir,Kenya,1.73324,40.091599,9,5,4,0.0007398821677360438,0.0004388312226164994,12,9
400,FOR,Pinto Martins International Airport,Fortaleza,Brazil,-3.776279926300049,-38.53260040283203,38,19,19,0.0007396259322801392,0.0050158738913251314,71,11
401,DMM,King Fahd International Airport,Dammam,Saudi Arabia,26.471200942993164,49.79790115356445,96,48,48,0.0007229694607546722,0.02148197916204103,164,9
402,COR,Ingeniero Ambrosio Taravella Airport,Cordoba,Argentina,-31.323601,-64.208,22,11,11,0.0007100192739562725,0.002137167110977737,26,11
403,IEV,Kiev Zhuliany International Airport,Kiev,Ukraine,50.40194,30.45194,40,20,20,0.0007080578187854885,0.012808806875493454,44,2
404,BRS,Bristol Airport,Bristol,United Kingdom,51.382702,-2.71909,145,72,73,0.0007058014564929242,0.061445431881128096,200,2
405,LXA,Lhasa Gonggar Airport,Lhasa,China,29.2978000641,90.9119033813,28,14,14,0.0007053912184312388,0.0028088657262802506,58,20
406,LRE,Longreach Airport,Longreach,Australia,-23.4342002869,144.279998779,6,4,2,0.000703485574089103,0.00015385650424101294,7,18
407,MYR,Myrtle Beach International Airport,Myrtle Beach,United States,33.6796989441,-78.9282989502,46,23,23,0.000690578561189141,0.012082716642185652,68,3
408,TER,Lajes Airport,Lajes (terceira Island),Portugal,38.761799,-27.090799,16,8,8,0.000687021502657815,0.0023198334453603617,22,2
409,HET,Baita International Airport,Hohhot,China,40.851398,111.823997,72,36,36,0.0006861822224038876,0.007505286260202277,172,20
410,FAO,Faro Airport,Faro,Portugal,37.0144004822,-7.96590995789,124,61,63,0.0006781728271787086,0.05326393365799308,211,2
411,TFN,Tenerife Norte Airport,Tenerife,Spain,28.4827003479,-16.3414993286,34,17,17,0.0006774178647536246,0.012443894709132024,66,2
412,BMA,Stockholm-Bromma Airport,Stockholm,Sweden,59.354400634765625,17.941699981689453,30,15,15,0.0006755415484581705,0.0039997578387586975,54,2
413,PTP,Pointe-à-Pitre Le Raizet,Pointe-a-pitre,Guadeloupe,16.265301,-61.531799,25,13,12,0.0006744736036464235,0.0063260029589199554,58,3
414,BPN,Sultan Aji Muhamad Sulaiman Airport,Balikpapan,Indonesia,-1.26827001572,116.893997192,28,14,14,0.0006712719397017814,0.0018677549743145916,72,18
415,GMP,Gimpo International Airport,Seoul,South Korea,37.5583,126.791,26,13,13,0.0006684630693603711,0.0027142093397685705,78,20
416,BUD,Budapest Liszt Ferenc International Airport,Budapest,Hungary,47.42976,19.261093,154,77,77,0.0006684485859497521,0.08088998666823423,195,2
417,YWK,Wabush Airport,Wabush,Canada,52.92190170288086,-66.8644027709961,19,9,10,0.0006679663299859271,0.0011179403465825832,31,4
418,SHE,Taoxian Airport,Shenyang,China,41.639801025390625,123.48300170898438,122,61,61,0.0006643449514865561,0.015790418260598755,268,20
419,IKA,Imam Khomeini International Airport,Tehran,Iran,35.416099548339844,51.152198791503906,87,44,43,0.0006611658422990693,0.03790767854628855,122,9
420,DWC,Al Maktoum International Airport,Dubai,United Arab Emirates,24.896356,55.161389,77,37,40,0.0006610332926381535,0.014335871259533832,92,14
421,NOU,La Tontouta International Airport,Noumea,New Caledonia,-22.01460075378418,166.21299743652344,18,9,9,0.0006574439965794995,0.0020322258134588844,26,18
422,AZA,Phoenix-Mesa-Gateway Airport,Mesa,United States,33.30780029,-111.6549988,64,32,32,0.0006568579228497815,0.002768277387339219,64,3
423,SVG,Stavanger Airport Sola,Stavanger,Norway,58.876701354,5.6377801895,72,35,37,0.0006560540698998928,0.031284221745144856,106,2
424,HAM,Hamburg Airport,Hamburg,Germany,53.630401611328,9.9882297515869,174,87,87,0.000654247479627121,0.0872793689439987,321,2
425,MYD,Malindi Airport,Malindi,Kenya,-3.2293100357055664,40.10169982910156,5,2,3,0.0006524719294732927,0.0003813574211636839,10,9
426,CGN,Cologne Bonn Airport,Cologne,Germany,50.8658981323,7.1427397728,184,92,92,0.0006517824564588335,0.07441123801922751,265,2
427,GDL,Don Miguel Hidalgo Y Costilla International Airport,Guadalajara,Mexico,20.521799087524418,-103.31099700927734,82,41,41,0.0006513695747706209,0.01268332312219148,185,3
428,TKK,Chuuk International Airport,Chuuk,Micronesia,7.461870193481445,151.84300231933594,4,2,2,0.0006462519124073988,7.691634045999492e-05,4,18
429,SKG,Thessaloniki Macedonia International Airport,Thessaloniki,Greece,40.51969909667969,22.97089958190918,109,55,54,0.0006439836308190601,0.0497744255325115,174,2
430,YKQ,Waskaganish Airport,Waskaganish,Canada,51.47330093383789,-78.75830078125,12,6,6,0.0006369585902335007,2.7616941311908318e-05,12,4
431,NTN,Normanton Airport,Normanton,Australia,-17.68409,141.069664,4,2,2,0.0006344244253917616,5.004176704003948e-05,4,18
432,BTH,Hang Nadim International Airport,Batam,Indonesia,1.12102997303,104.119003296,34,17,17,0.0006325120660699268,0.0006581932337317783,54,18
433,BZV,Maya-Maya Airport,Brazzaville,Congo (Brazzaville),-4.251699924468994,15.253000259399414,25,12,13,0.0006312747587328772,0.005031450900207221,51,13
434,SEZ,Seychelles International Airport,Mahe,Seychelles,-4.67434,55.521801,18,9,9,0.0006271150191617141,0.006862895788193319,26,9
435,SZB,Sultan Abdul Aziz Shah International Airport,Kuala Lumpur,Malaysia,3.130579948425293,101.54900360107422,24,12,12,0.00062445007944899,0.000991320697383959,58,18
436,COK,Cochin International Airport,Kochi,India,10.152,76.401901,44,22,22,0.0006227951626605206,0.01025327153359849,118,9
437,SJW,Shijiazhuang Daguocun International Airport,Shijiazhuang,China,38.28070068359375,114.6969985961914,66,33,33,0.0006198274913359622,0.006971331630152701,158,20
438,YMM,Fort McMurray Airport,Fort Mcmurray,Canada,56.653301239,-111.222000122,14,7,7,0.0006134567005545537,0.0032406823302333883,25,3
439,BBO,Berbera Airport,Berbera,Somalia,10.389200210571287,44.94110107421875,11,5,6,0.0006124394464945365,0.001639630298602962,15,9
440,CGR,Campo Grande Airport,Campo Grande,Brazil,-20.4687004089,-54.6725006104,20,10,10,0.0006120905983063556,0.0013534263909191961,34,11
441,CEE,Cherepovets Airport,Cherepovets,Russia,59.273601532,38.0158004761,14,7,7,0.0006111249973983408,0.003924398864582805,14,14
442,YIF,St Augustin Airport,St-Augustin,Canada,51.2117004395,-58.6582984924,8,4,4,0.0006110609266242146,3.4177018329806946e-07,8,4
443,CWL,Cardiff International Airport,Cardiff,United Kingdom,51.39670181274414,-3.343329906463623,39,19,20,0.0006108868973424453,0.019024487706698536,63,2
444,PNR,Pointe Noire Airport,Pointe-noire,Congo (Brazzaville),-4.816030025482178,11.88659954071045,18,9,9,0.0006106961423932372,0.004544415047090935,36,13
445,YKU,Chisasibi Airport,Chisasibi,Canada,53.80559921264648,-78.91690063476562,8,4,4,0.0006106852165261362,2.7729426351149577e-05,8,4
446,GFK,Grand Forks International Airport,Grand Forks,United States,47.949299,-97.176102,10,5,5,0.0006084928763604056,0.0015773474493661179,10,3
447,PIR,Pierre Regional Airport,Pierre,United States,44.38270187,-100.2860031,6,3,3,0.0006078875624720891,0.0007178716042548308,16,3
448,EMK,Emmonak Airport,Emmonak,United States,62.78609848,-164.4909973,6,3,3,0.0006075394339372982,1.4878513399227716e-06,7,21
449,ZSJ,Sandy Lake Airport,Sandy Lake,Canada,53.06420135498047,-93.34439849853516,6,3,3,0.0006062726816080731,1.908845847530821e-06,6,7
450,IOM,Isle of Man Airport,Isle Of Man,Isle of Man,54.08330154418945,-4.623889923095703,20,10,10,0.0006061024574941547,0.00796880968251989,22,2
451,LIR,Daniel Oduber Quiros International Airport,Liberia,Costa Rica,10.5933,-85.544403,28,14,14,0.0006060523584697421,0.01173800140698076,43,3
452,YPM,Pikangikum Airport,Pikangikum,Canada,51.819698333740234,-93.97329711914062,7,2,5,0.0006055044778440627,1.5752658307739616e-06,7,7
453,TMM,Toamasina Airport,Toamasina,Madagascar,-18.10950088500977,49.39250183105469,12,6,6,0.000605404675702828,0.000159668636036048,13,9
454,NLA,Simon Mwansa Kapwepwe International Airport,Ndola,Zambia,-12.998100280762,28.66489982605,11,5,6,0.0006048759277428534,0.0009273198223974419,18,9
455,CKS,Carajás Airport,Parauapebas,Brazil,-6.11527776718,-50.0013885498,7,4,3,0.0006047653496444648,0.0001038117035674412,8,11
456,BKY,Bukavu Kavumu Airport,Bukavu/kavumu,Congo (Kinshasa),-2.3089799880981445,28.808799743652344,4,2,2,0.000604184421580192,1.859557123717585e-06,4,13
457,FSC,Figari Sud-Corse Airport,Figari,France,41.5005989074707,9.097780227661133,18,9,9,0.0006041559394284793,0.006352966416689561,28,2
458,GRP,Gurupi Airport,Gurupi,Brazil,-11.73960018157959,-49.132198333740234,2,1,1,0.0006040903558131704,1.841859044560232e-38,2,11
459,RDC,Redenção Airport,Redencao,Brazil,-8.033289909362793,-49.97990036010742,2,1,1,0.0006040903558131703,2.3268906448453775e-06,2,11
460,ADZ,Gustavo Rojas Pinilla International Airport,San Andres Island,Colombia,12.5836,-81.7112,16,8,8,0.0006040545212352573,0.0010984521765386114,22,11
461,SLY,Salekhard Airport,Salekhard,Russia,66.5907974243164,66.61100006103516,16,8,8,0.0006040124996154001,0.0020424811571435383,16,14
462,PMC,El Tepual Airport,Puerto Montt,Chile,-41.43889999389648,-73.09400177001953,10,5,5,0.0006040119676739856,0.00023435613779626863,20,11
463,AZR,Touat Cheikh Sidi Mohamed Belkebir Airport,Adrar,Algeria,27.837600708007812,-0.1864140033721923,11,5,6,0.000603963367027691,0.0010752795913242944,11,2
464,RIY,Mukalla International Airport,Mukalla,Yemen,14.662599563598633,49.375,17,8,9,0.000603891546772799,0.004621534346934926,22,9
465,TTN,Trenton Mercer Airport,Trenton,United States,40.27669906616211,-74.8134994506836,28,14,14,0.0006038454638204518,0.007346985570288524,28,3
466,HOI,Hao Airport,Hao Island,French Polynesia,-18.074800491333008,-140.9459991455078,3,1,2,0.0006037140927450836,3.703055730632873e-05,3,17
467,FLS,Flinders Island Airport,Flinders Island,Australia,-40.0917015076,147.992996216,3,2,1,0.0006037140927450835,8.855364993853798e-06,3,18
468,RBR,Plácido de Castro Airport,Rio Branco,Brazil,-9.868888854980469,-67.89805603027344,6,3,3,0.0006036200269780622,0.000126050441743616,10,11
469,YAT,Attawapiskat Airport,Attawapiskat,Canada,52.9275016784668,-82.43190002441406,4,2,2,0.0006036200269780622,6.223121198472121e-11,4,4
470,AZI,Bateen Airport,Abu Dhabi,United Arab Emirates,24.428300857543945,54.458099365234375,6,3,3,0.0006036200269780622,0.0015047213383775956,6,9
471,TUP,Tupelo Regional Airport,Tupelo,United States,34.26810073852539,-88.7698974609375,4,2,2,0.0006036200269780622,0.0011745551198735305,4,3
472,CMA,Cunnamulla Airport,Cunnamulla,Australia,-28.030000686645508,145.6219940185547,4,2,2,0.0006036200269780621,8.532427072856829e-08,4,18
473,NAQ,Qaanaaq Airport,Qaanaaq,Greenland,77.4886016846,-69.3887023926,4,2,2,0.0006036200269780621,6.656644891145769e-09,4,1
474,TKX,Takaroa Airport,Takaroa,French Polynesia,-14.45580005645752,-145.02499389648438,5,2,3,0.0006036200269780621,3.7038283040253765e-05,5,17
475,JQA,Qaarsut Airport,Uummannaq,Greenland,70.7341995239,-52.6962013245,4,2,2,0.0006036200269780621,4.610883923494055e-07,4,1
476,ISC,St. Mary's Airport,ST MARY\'S,United Kingdom,49.913299560546875,-6.291669845581055,6,3,3,0.0006036200269780621,0.0003366689193310751,6,2
477,VEE,Venetie Airport,Venetie,United States,67.0086975098,-146.365997314,4,2,2,0.0006036200269780621,1.6491182455488703e-07,4,21
478,LWY,Lawas Airport,Lawas,Malaysia,4.84917,115.407997,6,3,3,0.000603620026978062,0.00013764456058084482,6,18
479,MWZ,Mwanza Airport,Mwanza,Tanzania,-2.4444899559020996,32.932701110839844,8,4,4,0.000603620026978062,0.0005661087515440247,12,9
480,XCH,Christmas Island Airport,Christmas Island,Christmas Island,-10.450599670410156,105.69000244140624,4,2,2,0.000603620026978062,0.0001273087179067392,4,18
481,ASW,Aswan International Airport,Aswan,Egypt,23.9643993378,32.8199996948,6,3,3,0.000603620026978062,0.0015265190787965772,8,9
482,ZAM,Zamboanga International Airport,Zamboanga,Philippines,6.922420024871826,122.05999755859376,8,4,4,0.000603620026978062,0.0004202649118267913,12,18
483,MYT,Myitkyina Airport,Myitkyina,Burma,25.38360023498535,97.35189819335938,6,3,3,0.000603620026978062,0.00016872400703964944,8,18
484,MGZ,Myeik Airport,Myeik,Burma,12.439800262451172,98.62149810791016,4,2,2,0.000603620026978062,2.135916887330784e-06,4,18
485,KWN,Quinhagak Airport,Quinhagak,United States,59.7551,-161.845,6,3,3,0.000603620026978062,1.4878923122326904e-06,9,21
486,PGA,Page Municipal Airport,Page,United States,36.92610168,-111.447998,6,3,3,0.000603620026978062,0.0012599259820891065,8,3
487,TRO,Taree Airport,Taree,Australia,-31.8885993958,152.514007568,4,2,2,0.000603620026978062,0.00025735783858879405,4,18
488,VHM,Vilhelmina Airport,Vilhelmina,Sweden,64.5791015625,16.833599090576172,4,2,2,0.000603620026978062,0.0013811651269398592,8,2
489,JIJ,Wilwal International Airport,Jijiga,Ethiopia,9.3325,42.9121,6,3,3,0.000603620026978062,0.0004737930477479088,6,9
490,BYN,Bayankhongor Airport,Bayankhongor,Mongolia,46.163299560546875,100.7040023803711,4,2,2,0.000603620026978062,9.237794827404311e-05,4,14
491,WLS,Hihifo Airport,Wallis,Wallis and Futuna,-13.2383003235,-176.199005127,6,3,3,0.000603620026978062,8.871592688473603e-05,6,18
492,LET,Alfredo Vásquez Cobo International Airport,Leticia,Colombia,-4.19355,-69.9432,4,2,2,0.000603620026978062,0.00037873604520987823,8,11
493,YRB,Resolute Bay Airport,Resolute,Canada,74.7169036865,-94.9693984985,4,2,2,0.000603620026978062,5.387615069109818e-08,4,4
494,PUU,Tres De Mayo Airport,Puerto Asis,Colombia,0.505228,-76.5008,6,3,3,0.000603620026978062,0.000445079409402362,8,11
495,HCR,Holy Cross Airport,Holy Cross,United States,62.18830108642578,-159.77499389648438,4,2,2,0.000603620026978062,1.485963389788546e-06,6,21
496,YXP,Pangnirtung Airport,Pangnirtung,Canada,66.1449966431,-65.71360015869999,4,2,2,0.000603620026978062,3.7296644803658936e-06,8,4
497,BNC,Beni Airport,Beni,Congo (Kinshasa),0.575,29.4739,4,2,2,0.000603620026978062,2.6470599606798522e-08,4,13
498,LYC,Lycksele Airport,Lycksele,Sweden,64.54830169677734,18.71619987487793,4,2,2,0.000603620026978062,0.001381165126939859,8,2
499,JCK,Julia Creek Airport,Julia Creek,Australia,-20.66830062866211,141.72300720214844,4,2,2,0.000603620026978062,4.34046154062769e-06,4,18
500,SVI,Eduardo Falla Solano Airport,San Vincente De Caguan,Colombia,2.15217,-74.7663,4,2,2,0.000603620026978062,0.00037873604520987823,4,11
501,CYS,Cheyenne Regional Jerry Olson Field,Cheyenne,United States,41.15570068,-104.8119965,4,2,2,0.0006036200269780618,0.0007076342666098894,12,3
502,GDT,JAGS McCartney International Airport,Cockburn Town,Turks and Caicos Islands,21.444499969482425,-71.14230346679688,6,3,3,0.0006036200269780617,0.00016622491124820428,8,3
503,OOK,Toksook Bay Airport,Toksook Bay,United States,60.54140091,-165.0870056,3,2,1,0.0006035259612110403,1.4872709007684205e-06,4,21
504,MYU,Mekoryuk Airport,Mekoryuk,United States,60.37139892578125,-166.27099609375,2,1,1,0.0006034318954440186,2.1488483735654625e-08,2,21
505,SCM,Scammon Bay Airport,Scammon Bay,United States,61.845298767100005,-165.570999146,3,2,1,0.0006033378296769969,4.298595107808024e-08,3,21
506,AUQ,Hiva Oa-Atuona Airport,Hiva-oa,French Polynesia,-9.76879024506,-139.011001587,8,4,4,0.0006032437639099753,3.7605469736330145e-05,8,17
507,SLH,Sola Airport,Sola,Vanuatu,-13.8516998291,167.537002563,6,3,3,0.0006032437639099753,2.303442942670265e-06,6,18
508,ZGU,Gaua Island Airport,Gaua Island,Vanuatu,-14.218099594099998,167.587005615,6,3,3,0.0006032437639099753,2.303442942670265e-06,6,18
509,NHV,Nuku Hiva Airport,Nuku Hiva,French Polynesia,-8.795599937438965,-140.22900390625,8,4,4,0.0006032437639099753,3.7605469736330145e-05,8,17
510,YDP,Nain Airport,Nain,Canada,56.549198150634766,-61.680301666259766,4,2,2,0.0006029615666089103,5.411418804254029e-06,8,4
511,YHR,Chevery Airport,Chevery,Canada,50.46889877319336,-59.63669967651367,8,4,4,0.0006023736555650247,4.7524499851683593e-07,8,4
512,TRV,Trivandrum International Airport,Trivandrum,India,8.48211956024,76.9200973511,34,17,17,0.0005986400788585991,0.008609926273761491,84,9
513,RIX,Riga International Airport,Riga,Latvia,56.92359924316406,23.971099853515625,136,68,68,0.0005919292392502093,0.06931480893302878,202,2
514,UET,Quetta International Airport,Quetta,Pakistan,30.251399993896484,66.93779754638672,16,8,8,0.0005786075541368039,0.0014440011529014095,28,9
515,CRL,Brussels South Charleroi Airport,Charleroi,Belgium,50.459202,4.45382,166,83,83,0.0005744861186065904,0.04396798893020692,168,2
516,ANU,V.C. Bird International Airport,Antigua,Antigua and Barbuda,17.1367,-61.792702,44,22,22,0.0005722724107674837,0.009940229051093544,69,3
517,DMD,Doomadgee Airport,Doomadgee,Australia,-17.9403,138.822006,6,3,3,0.0005720631024281878,4.351986286452615e-06,6,18
518,DLA,Douala International Airport,Douala,Cameroon,4.0060801506,9.71947956085,40,19,21,0.0005696059733553693,0.009323941874480228,98,13
519,TSV,Townsville Airport,Townsville,Australia,-19.252500534057617,146.76499938964844,20,10,10,0.0005693581911799622,0.0007169283514868857,32,18
520,YDF,Deer Lake Airport,Deer Lake,Canada,49.21080017089844,-57.39139938354492,9,5,4,0.0005688486361240777,0.001617554214626859,15,3
521,KWA,Bucholz Army Air Field,Kwajalein,Marshall Islands,8.720120429992676,167.73199462890625,6,3,3,0.0005611439046585638,4.829505739146268e-06,6,18
522,OOL,Gold Coast Airport,Coolangatta,Australia,-28.1644001007,153.505004883,26,13,13,0.0005608786958769948,0.0034344261645628316,56,18
523,HOR,Horta Airport,Horta,Portugal,38.519901275634766,-28.715900421142575,10,5,5,0.0005584489983427924,0.0015276405664308356,12,2
524,STT,Cyril E. King Airport,St. Thomas,Virgin Islands,18.337299346923828,-64.97339630126953,37,19,18,0.0005569052454317179,0.011377253131349267,66,3
525,POS,Piarco International Airport,Port-of-spain,Trinidad and Tobago,10.595399856567385,-61.33720016479492,42,21,21,0.0005516657894455844,0.010548164557038093,70,3
526,CGH,Congonhas Airport,Sao Paulo,Brazil,-23.626110076904297,-46.65638732910156,52,26,26,0.0005450182471519568,0.0010867718569386674,94,11
527,GUA,La Aurora Airport,Guatemala City,Guatemala,14.5833,-90.527496,40,21,19,0.0005449828906947185,0.013667490114844813,77,3
528,STR,Stuttgart Airport,Stuttgart,Germany,48.689899444599995,9.22196006775,160,80,80,0.0005420778194657947,0.07286514542477766,273,2
529,BLL,Billund Airport,Billund,Denmark,55.7402992249,9.15178012848,78,39,39,0.0005368925668929636,0.03958884146100844,94,2
530,DLC,Zhoushuizi Airport,Dalian,China,38.9656982421875,121.53900146484376,114,57,57,0.0005322576434850176,0.012268809705004421,279,20
531,TJA,Capitan Oriel Lea Plaza Airport,Tarija,Bolivia,-21.5557003021,-64.7013015747,10,5,5,0.0005296597600756012,9.098024857932118e-05,16,11
532,PSA,Pisa International Airport,Pisa,Italy,43.683899,10.3927,130,65,65,0.0005187017609247427,0.0559561649274411,152,2
533,BEG,Belgrade Nikola Tesla Airport,Belgrade,Serbia,44.8184013367,20.3090991974,102,51,51,0.0005161879752348926,0.0528773377666981,169,2
534,REL,Almirante Marco Andres Zar Airport,Trelew,Argentina,-43.2105,-65.2703,11,5,6,0.0005048566741074784,0.0003987781948989268,11,11
535,TPA,Tampa International Airport,Tampa,United States,27.975500106811523,-82.533203125,135,67,68,0.0004904901628388494,0.034134489374789447,276,3
536,NKG,Nanjing Lukou Airport,Nanjing,China,31.742000579833984,118.86199951171876,106,53,53,0.0004808587841246805,0.016061046642554314,326,20
537,NDJ,N'Djamena International Airport,N'djamena,Chad,12.1337,15.034,18,9,9,0.0004797173275399032,0.0040047321796830605,19,13
538,LPL,Liverpool John Lennon Airport,Liverpool,United Kingdom,53.33359909057617,-2.849720001220703,96,48,48,0.00047819120791916766,0.03656519515368431,116,2
539,SID,Amílcar Cabral International Airport,Amilcar Cabral,Cape Verde,16.7414,-22.9494,24,9,15,0.0004781855206768406,0.008100495055646617,35,2
540,HME,Oued Irara Airport,Hassi Messaoud,Algeria,31.673000335699996,6.140439987180001,12,6,6,0.0004763454783428663,0.0027323862551271835,12,2
541,HER,Heraklion International Nikos Kazantzakis Airport,Heraklion,Greece,35.3396987915,25.1802997589,117,58,59,0.0004716920595193551,0.05751439661856379,219,2
542,GCI,Guernsey Airport,Guernsey,Guernsey,49.435001373291016,-2.601969957351685,29,15,14,0.00045289359644771327,0.014375466559336848,36,2
543,GZO,Nusatupe Airport,Gizo,Solomon Islands,-8.09778022766,156.863998413,9,5,4,0.00045276989193097564,4.146133261939704e-06,9,0
544,YWP,Webequie Airport,Webequie,Canada,52.9593933975,-87.3748683929,4,2,2,0.000452691503791791,2.178195852337206e-05,4,3
545,GUR,Gurney Airport,Gurney,Papua New Guinea,-10.3114995956,150.333999634,6,3,3,0.00045214241999052705,5.290671070446117e-05,9,0
546,GRO,Girona Airport,Gerona,Spain,41.901000977,2.7605500221,98,49,49,0.00045208961172124617,0.02755706450543696,98,2
547,CSX,Changsha Huanghua International Airport,Changcha,China,28.189199447599997,113.220001221,138,69,69,0.0004409302013685161,0.014565794735842501,375,20
548,MAR,La Chinita International Airport,Maracaibo,Venezuela,10.5582084656,-71.7278594971,16,8,8,0.000437850617625792,0.0020599711227657696,28,11
549,AWZ,Ahwaz Airport,Ahwaz,Iran,31.337400436399996,48.7620010376,26,13,13,0.0004314372197793975,0.003064918030853183,48,9
550,ADB,Adnan Menderes International Airport,Izmir,Turkey,38.2924003601,27.156999588,89,45,44,0.0004239374661127873,0.043877992648559266,133,2
551,COO,Cadjehoun Airport,Cotonou,Benin,6.357230186462402,2.384350061416626,37,19,18,0.0004220137898881235,0.007520717656227093,80,13
552,AOK,Karpathos Airport,Karpathos,Greece,35.4213981628418,27.145999908447266,7,4,3,0.00042156361925403825,0.004050270624852872,13,2
553,GAU,Lokpriya Gopinath Bordoloi International Airport,Guwahati,India,26.10610008239746,91.58589935302734,24,12,12,0.00041721521267617764,0.002690972358022293,63,9
554,BWI,Baltimore/Washington International Thurgood Marshall Airport,Baltimore,United States,39.1754,-76.668297,144,72,72,0.00041041959459582687,0.036190138770694234,286,3
555,PAP,Toussaint Louverture International Airport,Port-au-prince,Haiti,18.579999923706055,-72.2925033569336,24,12,12,0.00040736071508892086,0.007081836699986213,48,3
556,RAK,Menara Airport,Marrakech,Morocco,31.606899261499997,-8.03629970551,97,48,49,0.0004040830876437066,0.04859956886008038,145,2
557,SAP,Ramón Villeda Morales International Airport,San Pedro Sula,Honduras,15.4526,-87.923599,30,15,15,0.0004033760639061909,0.00853474200809768,46,3
558,YIK,Ivujivik Airport,Ivujivik,Canada,62.41730117797851,-77.92530059814453,4,2,2,0.0004016113892928147,5.671538269980291e-09,4,4
559,HPN,Westchester County Airport,White Plains,United States,41.06700134277344,-73.70760345458984,30,15,15,0.00039783777729936843,0.007982505169604312,46,3
560,EMA,East Midlands Airport,East Midlands,United Kingdom,52.8311004639,-1.32806003094,114,57,57,0.00039781238614148754,0.040566122884307276,192,2
561,SRZ,El Trompillo Airport,Santa Cruz,Bolivia,-17.8115997314,-63.1715011597,8,4,4,0.00039711882464108276,2.522089975366166e-05,14,11
562,ZNZ,Abeid Amani Karume International Airport,Zanzibar,Tanzania,-6.22202,39.224899,14,7,7,0.0003950664402178523,0.0015613909561025005,24,9
563,ABJ,Port Bouet Airport,Abidjan,Cote d'Ivoire,5.261390209197998,-3.9262900352478023,41,20,21,0.0003924166314650281,0.009629162784451271,102,13
564,JIB,Djibouti-Ambouli Airport,Djibouti,Djibouti,11.547300338745115,43.15950012207031,24,12,12,0.00039207285247363447,0.006787380933156703,40,9
565,TBZ,Tabriz International Airport,Tabriz,Iran,38.1338996887207,46.23500061035156,20,10,10,0.00039091294589708325,0.004862019068036043,30,9
566,DYU,Dushanbe Airport,Dushanbe,Tajikistan,38.5433006287,68.8249969482,61,31,30,0.0003868740691999437,0.013205686343537401,106,14
567,DAL,Dallas Love Field,Dallas,United States,32.847099,-96.851799,45,21,24,0.00038523848091778784,0.005780708795721928,75,3
568,PUQ,Pdte. Carlos Ibañez del Campo Airport,Punta Arenas,Chile,-53.002602,-70.854599,8,4,4,0.00038389542144173344,0.00023102502672654791,13,11
569,NNG,Nanning Wuxu Airport,Nanning,China,22.608299255371097,108.1719970703125,88,44,44,0.0003819326736313355,0.01239070610362438,228,20
570,BAH,Bahrain International Airport,Bahrain,Bahrain,26.27079963684082,50.63359832763672,80,40,40,0.0003816078160415578,0.02458532976597095,170,9
571,KWE,Longdongbao Airport,Guiyang,China,26.53849983215332,106.8010025024414,94,47,47,0.0003779491302983624,0.010845963195879688,272,20
572,APL,Nampula Airport,Nampula,Mozambique,-15.105600357055664,39.28179931640625,14,7,7,0.00037661539847155795,0.0009381181998155235,18,9
573,SAL,Monseñor Óscar Arnulfo Romero International Airport,San Salvador,El Salvador,13.4409,-89.055702,63,31,32,0.00037598508312969205,0.017980315340655195,105,3
574,BEY,Beirut Rafic Hariri International Airport,Beirut,Lebanon,33.820899963378906,35.488399505615234,89,44,45,0.00037557776538514793,0.03605751048749708,133,9
575,GDN,Gdańsk Lech Wałęsa Airport,Gdansk,Poland,54.37760162353515,18.46619987487793,94,47,47,0.00037274296164336386,0.040453234380093045,101,2
576,CUR,Hato International Airport,Willemstad,Netherlands Antilles,12.1889,-68.959801,38,19,19,0.00037262993444811283,0.008314105046753137,63,3
577,LIN,Milano Linate Airport,Milan,Italy,45.445099,9.27674,66,33,33,0.0003714806990435406,0.03677283418012527,120,2
578,OAK,Metropolitan Oakland International Airport,Oakland,United States,37.721298,-122.221001,67,33,34,0.000365618702618042,0.014320789518462277,111,3
579,KOE,El Tari Airport,Kupang,Indonesia,-10.171600341796877,123.6709976196289,12,6,6,0.0003653225068654548,0.00023616329303462392,21,18
580,BEU,Bedourie Airport,Bedourie,Australia,-24.346099853515625,139.4600067138672,4,2,2,0.0003636939611126786,6.270170979162277e-08,4,18
581,GYD,Heydar Aliyev International Airport,Baku,Azerbaijan,40.467498779296875,50.04669952392578,78,39,39,0.0003598786913364019,0.03241753207462773,128,14
582,YTZ,Billy Bishop Toronto City Centre Airport,Toronto,Canada,43.627499,-79.396202,26,13,13,0.00035660480170781965,0.005306448078300462,28,3
583,PFB,Lauro Kurtz Airport,Passo Fundo,Brazil,-28.243999,-52.326599,8,4,4,0.000356258569470698,0.0007973743303041191,10,11
584,LRR,Lar Airport,Lar,Iran,27.6746997833,54.3833007812,12,6,6,0.00034743288241570767,0.0035248282074074795,12,9
585,VIX,Eurico de Aguiar Salles Airport,Vitoria,Brazil,-20.258057,-40.286388,18,9,9,0.00034486429371568693,0.0014711868577715161,32,11
586,SOU,Southampton Airport,Southampton,United Kingdom,50.95029830932617,-1.3567999601364136,46,23,23,0.00034409140138884613,0.017508434221155878,66,2
587,LGA,La Guardia Airport,New York,United States,40.77719879,-73.87259674,139,69,70,0.00034260415412671534,0.027561032811762445,316,3
588,BND,Bandar Abbas International Airport,Bandar Abbas,Iran,27.218299865722656,56.37779998779297,24,12,12,0.00034115487535127257,0.0020085783291426016,38,9
589,LUX,Luxembourg-Findel International Airport,Luxemburg,Luxembourg,49.6233333,6.2044444,108,54,54,0.00034028332771030907,0.05668153406300428,140,2
590,ZAH,Zahedan International Airport,Zahedan,Iran,29.47570037841797,60.90620040893555,14,7,7,0.0003375241669284566,0.001768448437890952,22,9
591,GSE,Gothenburg City Airport,Gothenborg,Sweden,57.7747,11.8704,40,20,20,0.0003351855864198603,0.01484144187663641,42,2
592,VNO,Vilnius International Airport,Vilnius,Lithuania,54.634102,25.285801,92,46,46,0.0003344388524233231,0.04541588032913882,116,2
593,KIJ,Niigata Airport,Niigata,Japan,37.9558982849,139.121002197,20,10,10,0.00032658009554549283,0.0035187023883189116,32,18
594,PKN,Iskandar Airport,Pangkalan Bun,Indonesia,-2.70519995689,111.672996521,14,7,7,0.0003229549929381069,0.0003776792795350066,14,18
595,EIN,Eindhoven Airport,Eindhoven,Netherlands,51.4500999451,5.37452983856,123,61,62,0.00032079505401484985,0.04620282654856583,135,2
596,CAG,Cagliari Elmas Airport,Cagliari,Italy,39.251499,9.05428,76,38,38,0.00031594154889510485,0.028088939214065585,86,2
597,RMQ,Taichung Ching Chuang Kang Airport,Taichung,Taiwan,24.26469993591309,120.62100219726562,46,23,23,0.0003158995324544227,0.005969819253213551,58,20
598,KCH,Kuching International Airport,Kuching,Malaysia,1.4846999645233154,110.34700012207033,26,13,13,0.00031421076973459674,0.0015854397995309461,50,18
599,SDQ,Las Américas International Airport,Santo Domingo,Dominican Republic,18.42970085144,-69.668899536133,55,28,27,0.00031001367014100425,0.017297553324078438,93,3
600,VNS,Lal Bahadur Shastri Airport,Varanasi,India,25.4524002075,82.8592987061,10,5,5,0.0003080495596736057,0.001631420904673894,20,9
601,TET,Chingozi Airport,Tete,Mozambique,-16.104799270629883,33.640201568603516,12,6,6,0.00030690304735384055,0.0005484571851179934,14,9
602,RGL,Piloto Civil N. Fernández Airport,Rio Gallegos,Argentina,-51.6089,-69.3126,9,4,5,0.0003060646326996605,2.91541622762313e-05,11,11
603,SPN,Saipan International Airport,Saipan,Northern Mariana Islands,15.119,145.729004,19,9,10,0.00030528767658152004,0.005172124805250783,20,18
604,RSH,Russian Mission Airport,Russian Mission,United States,61.7788848877,-161.319458008,6,3,3,0.0003050552824512786,1.5498064916831015e-06,8,21
605,OUA,Ouagadougou Airport,Ouagadougou,Burkina Faso,12.3532,-1.51242,29,14,15,0.0003044455155103834,0.008037450127213,66,13
606,TUK,Turbat International Airport,Turbat,Pakistan,25.986400604248047,63.03020095825195,11,5,6,0.00030430323887515963,0.001012666360143752,11,9
607,ASM,Asmara International Airport,Asmara,Eritrea,15.291899681091309,38.910701751708984,15,8,7,0.00030358421670921424,0.002431082017195311,15,9
608,LGG,Liège Airport,Liege,Belgium,50.63740158081055,5.443220138549805,13,6,7,0.0003027492607982919,0.0027999831722860407,17,2
609,YHI,Ulukhaktok Holman Airport,Holman Island,Canada,70.76280212402344,-117.80599975585938,6,3,3,0.0003025938948808783,2.0669643231029482e-07,6,4
610,KVD,Ganja Airport,Ganja,Azerbaijan,40.737701416015625,46.31760025024414,9,5,4,0.0003023644766143617,0.004426523397376827,9,14
611,MDZ,El Plumerillo Airport,Mendoza,Argentina,-32.8316993713,-68.7929000854,15,8,7,0.00030227531168080434,0.0006608741442304687,21,11
612,SXO,São Félix do Araguaia Airport,Sao Felix do Araguaia,Brazil,-11.632399559020996,-50.68960189819336,2,1,1,0.0003021392436736069,1.7465904732898755e-39,2,11
613,CDJ,Conceição do Araguaia Airport,Conceicao Do Araguaia,Brazil,-8.348349571228027,-49.30149841308594,2,1,1,0.00030213924367360683,3.3599184877604114e-08,2,11
614,KLN,Larsen Bay Airport,Larsen Bay,United States,57.5350990295,-153.977996826,2,1,1,0.00030204517790658516,1.462946131452689e-06,2,21
615,KOO,Kongolo Airport,Kongolo,Congo (Kinshasa),-5.39444,26.99,2,1,1,0.00030204517790658516,2.6841566925145297e-08,2,13
616,MEB,Melbourne Essendon Airport,Melbourne,Australia,-37.7281,144.901993,2,1,1,0.00030195111213956343,1.7465904732898755e-39,2,18
617,OIA,Ourilândia do Norte Airport,Ourilandia do Norte,Brazil,-6.763100147250001,-51.0499000549,3,2,1,0.0003018570463725419,2.3268906448453775e-06,3,11
618,SHG,Shungnak Airport,Shungnak,United States,66.88809967041,-157.16200256348,3,2,1,0.0003018570463725418,1.5084497000892994e-06,6,21
619,TTU,Saniat R'mel Airport,Tetouan,Morocco,35.594299316406,-5.320020198822,2,1,1,0.0003018570463725418,0.0009023148661888194,2,2
620,DIU,Diu Airport,Diu,India,20.71310043334961,70.92109680175781,2,1,1,0.0003018570463725418,0.0005646181607148037,4,9
621,WAA,Wales Airport,Wales,United States,65.622593,-168.095,7,4,3,0.0003018570463725418,1.5758575867825108e-06,9,21
622,AIA,Alliance Municipal Airport,Alliance,United States,42.0531997681,-102.804000854,2,1,1,0.0003018570463725418,0.000707486606751884,6,3
623,ZIG,Ziguinchor Airport,Ziguinchor,Senegal,12.5556,-16.281799,3,1,2,0.0003018570463725418,0.0003081449805320995,3,13
624,THL,Tachileik Airport,Tachilek,Burma,20.483800888061523,99.9354019165039,7,3,4,0.0003018570463725418,0.000171195283012645,9,18
625,LUD,Luderitz Airport,Luderitz,Namibia,-26.687400817871097,15.242899894714355,2,1,1,0.0003018570463725418,5.339923332719697e-05,2,9
626,AGR,Agra Airport,Agra,India,27.155799865722656,77.96089935302734,4,2,2,0.0003018570463725418,0.0005881695921398199,4,9
627,SPD,Saidpur Airport,Saidpur,Bangladesh,25.759199142456055,88.90889739990234,3,1,2,0.0003018570463725418,0.0002719943931713131,3,9
628,WNN,Wunnumin Lake Airport,Wunnumin Lake,Canada,52.89390182495117,-89.28919982910156,5,2,3,0.0003018570463725418,3.434276065493759e-07,5,7
629,CEM,Central Airport,Central,United States,65.57379913,-144.7830048,2,1,1,0.0003018570463725418,1.1221405106640509e-05,2,21
630,WSN,South Naknek Nr 2 Airport,South Naknek,United States,58.7033996582,-157.007995605,2,1,1,0.0003018570463725418,1.484087509121741e-06,2,21
631,IVL,Ivalo Airport,Ivalo,Finland,68.607299804688,27.405300140381,2,1,1,0.0003018570463725418,0.0011232041135237029,3,2
632,LAZ,Bom Jesus da Lapa Airport,Bom Jesus Da Lapa,Brazil,-13.2621002197,-43.4081001282,2,1,1,0.0003018570463725418,0.0001204216991333442,2,11
633,XMS,Coronel E Carvajal Airport,Macas,Ecuador,-2.2991700172424316,-78.12079620361328,2,1,1,0.0003018570463725418,0.00015522245462110264,2,11
634,QBC,Bella Coola Airport,Bella Coola,Canada,52.387501,-126.596001,3,1,2,0.0003018570463725418,0.0005475315644199206,3,3
635,BUX,Bunia Airport,Bunia,Congo (Kinshasa),1.5657199621200562,30.220800399780273,4,1,3,0.0003018570463725418,3.8207757506978467e-10,4,13
636,AXR,Arutua Airport,Arutua,French Polynesia,-15.248299598693848,-146.61700439453125,2,1,1,0.0003018570463725418,3.703055730632873e-05,2,17
637,WNA,Napakiak Airport,Napakiak,United States,60.69029998779297,-161.97900390625,2,1,1,0.0003018570463725418,1.4660885659425128e-06,2,21
638,EDL,Eldoret International Airport,Eldoret,Kenya,0.4044579863548279,35.23889923095703,5,3,2,0.00030181001348903103,0.0003923478291034294,7,9
639,YGT,Igloolik Airport,Igloolik,Canada,69.3647003174,-81.8161010742,6,3,3,0.000301810013489031,3.7850975910278198e-06,10,4
640,AFA,Suboficial Ay Santiago Germano Airport,San Rafael,Argentina,-34.588299,-68.4039,4,2,2,0.00030176298060552025,2.5255944518983406e-05,4,11
641,PBD,Porbandar Airport,Porbandar,India,21.6487007141,69.65720367429999,2,1,1,0.00030176298060552025,8.15074556507305e-06,4,9
642,ZAL,Pichoy Airport,Valdivia,Chile,-39.6500015259,-73.0860977173,4,2,2,0.00030176298060552025,6.575149617027736e-06,4,11
643,OMD,Oranjemund Airport,Oranjemund,Namibia,-28.5847,16.446699,2,1,1,0.00030176298060552025,7.708396174465283e-07,2,9
644,KKR,Kaukura Airport,Kaukura Atoll,French Polynesia,-15.663299560546877,-146.88499450683594,2,1,1,0.00030176298060552025,5.347720671101211e-07,2,17
645,IRC,Circle City /New/ Airport,Circle,United States,65.830498,-144.076008,2,1,1,0.00030176298060552025,1.620882484757934e-07,2,21
646,IRG,Lockhart River Airport,Lockhart River,Australia,-12.7869,143.304993,4,2,2,0.0003017629806055202,5.076340782530251e-05,4,18
647,KTT,Kittilä Airport,Kittila,Finland,67.700996398926,24.846799850464,2,1,1,0.00030176298060552014,1.6212685509895434e-05,4,2
648,OBU,Kobuk Airport,Kobuk,United States,66.9123001099,-156.897003174,3,1,2,0.00030176298060552014,2.179458150444651e-08,6,21
649,EGX,Egegik Airport,Egegik,United States,58.1855010986,-157.375,2,1,1,0.00030176298060552014,2.144245180900599e-08,2,21
650,PKA,Napaskiak Airport,Napaskiak,United States,60.70289993,-161.7779999,2,1,1,0.00030176298060552014,2.118233482590782e-08,2,21
651,GNM,Guanambi Airport,Guanambi,Brazil,-14.208200454711914,-42.74610137939453,2,1,1,0.00030176298060552014,1.738441822503997e-06,2,11
652,GEL,Santo Ângelo Airport,Santo Angelo,Brazil,-28.2817,-54.169102,4,2,2,0.0003017629806055201,1.6932747643426404e-06,4,11
653,TMU,Tambor Airport,Nicoya,Costa Rica,9.73852,-85.013802,3,2,1,0.00030176298060552003,0.0002799070547856946,7,3
654,CDR,Chadron Municipal Airport,Chadron,United States,42.837600708,-103.095001221,2,1,1,0.00030176298060552003,1.021874885657771e-05,6,3
655,POJ,Patos de Minas Airport,Patos de Minas,Brazil,-18.67280006408691,-46.4911994934082,3,2,1,0.00030176298060552003,1.172174970494581e-05,3,11
656,AHU,Cherif Al Idrissi Airport,Al Hociema,Morocco,35.177101135253906,-3.83951997756958,2,1,1,0.00030176298060552003,1.3024206477732631e-05,2,2
657,TNW,Jumandy Airport,Tena,Ecuador,-1.059722,-77.583333,2,1,1,0.00030176298060552,2.2412467193228402e-06,2,11
658,YCY,Clyde River Airport,Clyde River,Canada,70.4860992432,-68.5167007446,4,2,2,0.00030162188195498763,3.7304542871047814e-06,8,4
659,YRG,Rigolet Airport,Rigolet,Canada,54.1796989440918,-58.45750045776367,4,2,2,0.0003014964609322921,5.412548284384552e-06,4,4
660,YPL,Pickle Lake Airport,Pickle Lake,Canada,51.4463996887207,-90.21420288085938,2,1,1,0.00030148078330445506,3.145431027632481e-07,2,3
661,AET,Allakaket Airport,Allakaket,United States,66.5518035889,-152.621994019,5,2,3,0.00030138671753743345,1.138824675477059e-05,5,21
662,YWJ,Déline Airport,Deline,Canada,65.21109771728516,-123.43599700927734,4,2,2,0.00030105748735285764,1.3891927863948446e-05,4,4
663,BLQ,Bologna Guglielmo Marconi Airport,Bologna,Italy,44.5354,11.2887,128,64,64,0.0002955237771992866,0.06433117845603091,176,2
664,VLC,Valencia Airport,Valencia,Spain,39.4893,-0.481625,114,57,57,0.0002926036803991715,0.056322600574958755,163,2
665,YYQ,Churchill Airport,Churchill,Canada,58.739200592041016,-94.06500244140624,8,4,4,0.00028892632730557273,0.00011025284489393218,16,4
666,PMO,Falcone–Borsellino Airport,Palermo,Italy,38.175999,13.091,77,38,39,0.0002861724291180967,0.040853630540856944,126,2
667,SXF,Berlin-Schönefeld Airport,Berlin,Germany,52.380001,13.5225,137,68,69,0.0002860137502194936,0.06342598449046315,165,2
668,CCJ,Calicut International Airport,Calicut,India,11.1367998123,75.95529937740001,34,16,18,0.0002854717567957997,0.007633371275794771,61,9
669,BWN,Brunei International Airport,Bandar Seri Begawan,Brunei,4.944200038909912,114.9280014038086,26,13,13,0.00028519751699413094,0.00703371703441341,46,18
670,PNK,Supadio Airport,Pontianak,Indonesia,-0.1507109999656677,109.40399932861328,8,4,4,0.0002826207072887949,0.0002888490630203096,12,18
671,DAD,Da Nang International Airport,Danang,Vietnam,16.043899536132812,108.1989974975586,40,20,20,0.00027828839588625587,0.006258746114666694,66,18
672,KIH,Kish International Airport,Kish Island,Iran,26.5261993408,53.9802017212,15,8,7,0.00027821929823746295,0.0027579301214217576,31,9
673,GEO,Cheddi Jagan International Airport,Georgetown,Guyana,6.498549938201904,-58.25410079956055,14,7,7,0.0002771318358188454,0.004077236758718021,16,3
674,LCA,Larnaca International Airport,Larnaca,Cyprus,34.875099182128906,33.624900817871094,108,55,53,0.000273115634709176,0.05520350092598243,190,2
675,BVA,Paris Beauvais Tillé Airport,Beauvais,France,49.45439910888672,2.1127800941467285,118,59,59,0.00027172077996969146,0.034793429699531586,120,2
676,TMR,Aguenar – Hadj Bey Akhamok Airport,Tamanrasset,Algeria,22.8115005493,5.45107984543,8,4,4,0.0002667991472172345,3.50687207045139e-05,8,2
677,PMV,Del Caribe Santiago Mariño International Airport,Porlamar,Venezuela,10.912603378295898,-63.96659851074219,28,14,14,0.00026521733865050363,0.000995780843063057,39,11
678,MVD,Carrasco International /General C L Berisso Airport,Montevideo,Uruguay,-34.838402,-56.0308,24,12,12,0.0002645173190998533,0.00532823447863585,46,11
679,MBA,Mombasa Moi International Airport,Mombasa,Kenya,-4.034830093383789,39.594200134277344,17,8,9,0.0002622876049975748,0.004974174371721387,26,9
680,TAO,Liuting Airport,Qingdao,China,36.2661018372,120.374000549,108,54,54,0.00026205927076864327,0.014468461903217473,376,20
681,RTM,Rotterdam The Hague Airport,Rotterdam,Netherlands,51.956902,4.43722,58,29,29,0.0002593493084855526,0.029463618040120855,66,2
682,YXJ,Fort St John Airport,Fort Saint John,Canada,56.23809814453125,-120.73999786376952,10,5,5,0.0002542474593779151,0.0012585149995080482,12,3
683,KRR,Krasnodar Pashkovsky International Airport,Krasnodar,Russia,45.034698486328,39.170501708984,67,33,34,0.0002529484439841217,0.019634389129477837,91,14
684,YBX,Lourdes de Blanc Sablon Airport,Lourdes-De-Blanc-Sablon,Canada,51.443599700899995,-57.1852989197,6,3,3,0.0002481308818973481,6.903430599890533e-06,6,4
685,NTE,Nantes Atlantique Airport,Nantes,France,47.153198242200006,-1.61073005199,111,56,55,0.0002467065427479912,0.05456510914351716,183,2
686,MDE,Jose Maria Córdova International Airport,Rio Negro,Colombia,6.16454,-75.4231,36,18,18,0.0002456736632530803,0.007023187632433012,52,11
687,LBJ,Komodo Airport,Labuhan Bajo,Indonesia,-8.48666,119.889,4,2,2,0.00024159225207268765,0.00014264224628151881,8,18
688,WNR,Windorah Airport,Windorah,Australia,-25.41309928894043,142.66700744628906,4,2,2,0.00024094390570341228,3.286834290720106e-08,4,18
689,ROS,Islas Malvinas Airport,Rosario,Argentina,-32.9036,-60.785,10,5,5,0.00023994289725788495,0.0011262214519128359,14,11
690,DUR,King Shaka International Airport,Durban,South Africa,-29.6144444444,31.1197222222,26,13,13,0.00023905819910803277,0.0025301345893641108,42,9
691,MTY,General Mariano Escobedo International Airport,Monterrey,Mexico,25.7784996033,-100.107002258,64,32,32,0.0002381444030793442,0.009258880214550198,145,3
692,MDL,Mandalay International Airport,Mandalay,Burma,21.70219993591309,95.97789764404295,16,8,8,0.00023757596769505773,0.0014418925147210498,33,18
693,TNA,Yaoqiang Airport,Jinan,China,36.857200622558594,117.21600341796876,80,40,40,0.00023098189458423696,0.011795470174990648,266,20
694,UCT,Ukhta Airport,Ukhta,Russia,63.566898345947266,53.8046989440918,8,4,4,0.00022723640375029816,0.0015844295619726891,8,14
695,BOD,Bordeaux-Mérignac Airport,Bordeaux,France,44.8283004761,-0.715556025505,98,49,49,0.0002263472803493408,0.04980691600547164,134,2
696,KYU,Koyukuk Airport,Koyukuk,United States,64.8760986328,-157.727005005,4,2,2,0.00022596948882780892,4.825214958497395e-09,4,21
697,ITM,Osaka International Airport,Osaka,Japan,34.785499572753906,135.43800354003906,44,22,22,0.0002234387011290555,0.0021526463453816176,84,18
698,SYX,Sanya Phoenix International Airport,Sanya,China,18.302900314331055,109.41200256347656,82,41,41,0.00022332770503530816,0.010738637715664136,218,20
699,YXS,Prince George Airport,Prince George,Canada,53.8894004822,-122.679000854,16,8,8,0.00022322644114779514,0.0011042764763712703,20,3
700,RTB,Juan Manuel Galvez International Airport,Roatan,Honduras,16.316799,-86.523003,19,9,10,0.00022021956450875657,0.004520976657693793,28,3
701,FDF,Martinique Aimé Césaire International Airport,Fort-de-france,Martinique,14.590999603271484,-61.00320053100586,21,10,11,0.00022006746832777685,0.006006554205705522,46,3
702,DBV,Dubrovnik Airport,Dubrovnik,Croatia,42.5614013671875,18.268199920654297,82,41,41,0.00021898599503372224,0.04920154229519386,121,2
703,AGA,Al Massira Airport,Agadir,Morocco,30.325000762939453,-9.41306972503662,41,21,20,0.00021849827066291623,0.02225236201182431,56,2
704,SSG,Malabo Airport,Malabo,Equatorial Guinea,3.755270004272461,8.708720207214355,17,9,8,0.00021778034386312988,0.003998505346149946,28,13
705,ACE,Lanzarote Airport,Arrecife,Spain,28.945499,-13.6052,111,57,54,0.00021214359080402756,0.049782916249921275,233,2
706,HOU,William P Hobby Airport,Houston,United States,29.64539909,-95.27890015,96,47,49,0.00021151340595308352,0.02031198076623804,149,3
707,CZL,Mohamed Boudiaf International Airport,Constantine,Algeria,36.2760009765625,6.620389938354492,22,11,11,0.00020925187814733467,0.00921718398510524,28,2
708,TOE,Tozeur Nefta International Airport,Tozeur,Tunisia,33.939701080322266,8.110560417175293,6,4,2,0.00020755660588099806,0.001774941401042098,6,2
709,NQY,Newquay Cornwall Airport,Newquai,United Kingdom,50.44060134887695,-4.995409965515137,10,5,5,0.00020643933543875646,0.00524974043859171,12,2
710,ROR,Babelthuap Airport,Babelthuap,Palau,7.36731,134.544236,12,6,6,0.00020537829500135178,0.0027795465347577025,19,18
711,YWB,Kangiqsujuaq (Wakeham Bay) Airport,Kangiqsujuaq,Canada,61.5886001587,-71.929397583,4,2,2,0.00020262790398481022,2.8267647132817985e-09,4,4
712,BSL,EuroAirport Basel-Mulhouse-Freiburg Airport,Mulhouse,France,47.59,7.5291667,131,65,66,0.00019993143209333922,0.06811444791720692,189,2
713,FUE,Fuerteventura Airport,Fuerteventura,Spain,28.452699661254883,-13.863800048828123,104,51,53,0.00019861806688979182,0.04867397459017046,192,2
714,MGQ,Aden Adde International Airport,Mogadishu,Somalia,2.0144400596618652,45.3046989440918,15,8,7,0.00019549063922900554,0.0007651991848629671,24,9
715,NBX,Nabire Airport,Nabire,Indonesia,-3.36818,135.496002,6,3,3,0.00019314712478707652,9.14956901278273e-06,6,18
716,MSQ,Minsk National Airport,Minsk 2,Belarus,53.882499694824,28.030700683594,82,41,41,0.0001909559744855456,0.04079591772633569,108,2
717,BUZ,Bushehr Airport,Bushehr,Iran,28.9447994232,50.8345985413,8,4,4,0.00018814955414786085,0.0017228760871514596,10,9
718,NCL,Newcastle Airport,Newcastle,United Kingdom,55.037498474121094,-1.6916699409484863,97,48,49,0.00018811615935195413,0.04462698165191024,165,2
719,SPU,Split Airport,Split,Croatia,43.53889846801758,16.29800033569336,72,36,36,0.00018550664664335176,0.042087493293522384,97,2
720,FRU,Manas International Airport,Bishkek,Kyrgyzstan,43.0612983704,74.4776000977,44,22,22,0.00018517697169809577,0.011066233740264532,90,14
721,JSH,Sitia Airport,Sitia,Greece,35.21609878540039,26.101299285888672,8,4,4,0.00018236451611148774,0.0014498852766421865,10,2
722,PEN,Penang International Airport,Penang,Malaysia,5.297140121459961,100.2770004272461,40,20,20,0.00018184941040099196,0.005137027623881548,84,18
723,INV,Inverness Airport,Inverness,United Kingdom,57.54249954223633,-4.047500133514404,21,10,11,0.00018171316522560405,0.008767486571588714,21,2
724,CTA,Catania-Fontanarossa Airport,Catania,Italy,37.466801,15.0664,97,50,47,0.00017535352438316056,0.05779159826569223,233,2
725,VXE,São Pedro Airport,Sao Vicente Island,Cape Verde,16.833200454711914,-25.055299758911133,10,6,4,0.00017506665444864478,0.006208737806187991,12,2
726,SNN,Shannon Airport,Shannon,Ireland,52.702,-8.92482,52,26,26,0.00017486759044279138,0.0248388035574284,58,2
727,MVY,Martha's Vineyard Airport,Vineyard Haven MA,United States,41.3931007385,-70.6143035889,8,4,4,0.0001746287297274631,0.000999939282011062,8,3
728,HHN,Frankfurt-Hahn Airport,Hahn,Germany,49.9487,7.26389,94,47,47,0.00017350241359889569,0.02649001122667312,94,2
729,HLD,Dongshan Airport,Hailar,China,49.2050018311,119.824996948,18,9,9,0.0001734012221032693,0.0016512916696390185,36,20
730,KRK,Kraków John Paul II International Airport,Krakow,Poland,50.077702,19.7848,104,52,52,0.0001721774646965559,0.05105262648429783,114,2
731,YAY,St. Anthony Airport,St. Anthony,Canada,51.3918991089,-56.083099365200006,6,3,3,0.00017178003258169265,0.00010306620368359086,6,4
732,EVN,Zvartnots International Airport,Yerevan,Armenia,40.1473007202,44.3959007263,66,33,33,0.00017040372059735033,0.02066541461564484,90,14
733,TBS,Tbilisi International Airport,Tbilisi,Georgia,41.6692008972,44.95470047,49,25,24,0.00016912031510424576,0.024324366917194785,69,2
734,YQK,Kenora Airport,Kenora,Canada,49.788299560546875,-94.36309814453124,6,3,3,0.00016775706561832608,0.00010711377288461728,6,7
735,KSH,Shahid Ashrafi Esfahani Airport,Bakhtaran,Iran,34.3459014893,47.1581001282,6,3,3,0.00016656193508641858,0.0020104596367733806,12,9
736,YYY,Mont Joli Airport,Mont Joli,Canada,48.60860061645508,-68.20809936523438,12,6,6,0.00016371668010581577,0.0011086268859896292,16,4
737,VVO,Vladivostok International Airport,Vladivostok,Russia,43.39899826049805,132.1479949951172,30,15,15,0.00016195091062663912,0.007380576196218575,52,14
738,SKP,Skopje Alexander the Great Airport,Skopje,Macedonia,41.961601,21.621401,44,22,22,0.0001594059722179925,0.01818557619996875,46,2
739,BIA,Bastia-Poretta Airport,Bastia,France,42.55270004272461,9.48373031616211,46,23,23,0.00015708002799072192,0.024028959394496282,72,2
740,AUS,Austin Bergstrom International Airport,Austin,United States,30.194499969482425,-97.6698989868164,83,41,42,0.00015336929395966294,0.027130901021739824,167,3
741,CCP,Carriel Sur Airport,Concepcion,Chile,-36.772701,-73.063103,8,4,4,0.00015153995067191176,0.0002310650393588481,11,11
742,BUA,Buka Airport,Buka Island,Papua New Guinea,-5.4223198890686035,154.67300415039062,5,3,2,0.00015138354122051325,5.366370613051969e-05,7,0
743,CCV,Craig Cove Airport,Craig Cove,Vanuatu,-16.264999,167.923996,7,4,3,0.00015132987045889676,9.795222613067781e-06,7,18
744,HSL,Huslia Airport,Huslia,United States,65.69789886,-156.3509979,6,2,4,0.0001513047862543576,1.669832026726425e-07,6,21
745,MSA,Muskrat Dam Airport,Muskrat Dam,Canada,53.44139862060547,-91.76280212402344,8,4,4,0.0001512107204873359,3.5357340576585074e-07,8,7
746,YTL,Big Trout Lake Airport,Big Trout Lake,Canada,53.81779861450195,-89.89689636230469,9,5,4,0.0001511166547203142,3.585377952710075e-07,9,7
747,XBE,Bearskin Lake Airport,Bearskin Lake,Canada,53.965599060058594,-91.0271987915039,8,4,4,0.00015105394420896644,3.5378656337241547e-07,8,7
748,MUA,Munda Airport,Munda,Solomon Islands,-8.327969551086426,157.26300048828125,8,4,4,0.00015102258895329255,4.088695334915317e-06,8,0
749,VAK,Chevak Airport,Chevak,United States,61.5409,-165.6005,4,2,2,0.00015088149030276007,1.4875815414815529e-06,4,21
750,NUL,Nulato Airport,Nulato,United States,64.729301,-158.074005,5,2,3,0.00015088149030276007,1.669832026726425e-07,6,21
751,HPB,Hooper Bay Airport,Hooper Bay,United States,61.52389908,-166.1470032,4,2,2,0.00015088149030276007,1.4875815414815529e-06,4,21
752,MKP,Makemo Airport,Makemo,French Polynesia,-16.583900451660156,-143.6580047607422,2,1,1,0.0001508344574192493,5.347720671101211e-07,2,17
753,GMR,Totegegie Airport,Totegegie,French Polynesia,-23.07990074157715,-134.88999938964844,2,1,1,0.0001508344574192493,5.347720671101211e-07,2,17
754,SRA,Santa Rosa Airport,Santa Rosa,Brazil,-27.9067,-54.520401,2,1,1,0.00015083445741924923,5.86229168718131e-05,2,11
755,YAC,Cat Lake Airport,Cat Lake,Canada,51.72719955444336,-91.82440185546876,4,2,2,0.00015070903639655364,3.4350139315739343e-07,4,7
756,ZOS,Cañal Bajo Carlos - Hott Siebert Airport,Osorno,Chile,-40.61119842529297,-73.06099700927734,2,1,1,0.00015069335876871672,0.00022429923245733673,2,11
757,PBJ,Tavie Airport,Paama Island,Vanuatu,-16.438999176,168.257003784,4,2,2,0.00015062124168066672,9.480173696790316e-06,4,18
758,IRP,Matari Airport,Isiro,Congo (Kinshasa),2.8276100158691406,27.588300704956055,2,1,1,0.00015059929300169505,5.514740356935139e-12,2,13
759,CGO,Zhengzhou Xinzheng International Airport,Zhengzhou,China,34.519699096699995,113.841003418,108,54,54,0.00014969746389301768,0.012720418066696814,342,20
760,IBZ,Ibiza Airport,Ibiza,Spain,38.8728981018,1.3731199502899998,116,58,58,0.00014933433512128466,0.056247817136530896,202,2
761,FNA,Lungi International Airport,Freetown,Sierra Leone,8.61644,-13.1955,22,11,11,0.0001476679972356289,0.007548284263869713,44,13
762,BRE,Bremen Airport,Bremen,Germany,53.0475006104,8.78666973114,86,43,43,0.00014636175263198442,0.041873226106413704,100,2
763,AHO,Alghero-Fertilia Airport,Alghero,Italy,40.632099,8.29077,62,31,31,0.00014587008093836263,0.019690362963866434,62,2
764,MFM,Macau International Airport,Macau,Macau,22.149599,113.592003,76,38,38,0.00014182518123402767,0.01227677751559348,158,20
765,FBM,Lubumbashi International Airport,Lubumashi,Congo (Kinshasa),-11.5913000107,27.5308990479,13,7,6,0.00014120777440174918,0.0014718402008250392,20,9
766,TSN,Tianjin Binhai International Airport,Tianjin,China,39.124401092499994,117.346000671,102,51,51,0.00014092287716453123,0.011104470687549666,290,20
767,PUS,Gimhae International Airport,Busan,South Korea,35.1795005798,128.93800354,72,36,36,0.0001388351347560238,0.011479453473775882,160,18
768,GND,Point Salines International Airport,Point Salines,Grenada,12.004199981689451,-61.78620147705078,16,8,8,0.0001384769287598291,0.0041801126528618355,29,3
769,KGS,Kos Airport,Kos,Greece,36.79330062866211,27.091699600219727,58,30,28,0.00013833822621048475,0.03189981092311692,90,2
770,KVX,Pobedilovo Airport,Kirov,Russia,58.503299713135,49.348300933838,6,3,3,0.00013811184875150526,0.001544697499237586,6,14
771,DZA,Dzaoudzi Pamandzi International Airport,Dzaoudzi,Mayotte,-12.804699897766112,45.28110122680664,17,10,7,0.00013549505640410645,0.0025443400923802757,30,9
772,LBA,Leeds Bradford Airport,Leeds,United Kingdom,53.86589813232422,-1.6605700254440308,102,51,51,0.00013545560529690863,0.04403733682722956,160,2
773,ZBF,Bathurst Airport,Bathurst,Canada,47.629699707,-65.738899231,3,2,1,0.00013538009486045298,0.0009189031349299088,3,4
774,YLW,Kelowna International Airport,Kelowna,Canada,49.9561004639,-119.377998352,22,11,11,0.0001345409743260913,0.0044130296957532785,30,3
775,MKW,Rendani Airport,Manokwari,Indonesia,-0.8918330073356628,134.0489959716797,10,5,5,0.00013264531037135682,3.704237765319991e-05,14,18
776,FOC,Fuzhou Changle International Airport,Fuzhou,China,25.93510055541992,119.66300201416016,94,47,47,0.00013218880824108372,0.013124197003861004,266,20
777,GRR,Gerald R. Ford International Airport,Grand Rapids,United States,42.88079834,-85.52279663,40,20,20,0.00013155140908090762,0.013330387143998241,56,3
778,YDQ,Dawson Creek Airport,Dawson Creek,Canada,55.7422981262207,-120.18299865722656,4,2,2,0.0001309542532901417,0.0005481386090662459,4,3
779,ASU,Silvio Pettirossi International Airport,Asuncion,Paraguay,-25.239999771118164,-57.52000045776367,20,10,10,0.0001294760372270191,0.0031540205220779056,36,11
780,SCO,Aktau Airport,Aktau,Kazakhstan,43.8601,51.091999,34,17,17,0.0001293877729240658,0.006031794390196919,42,14
781,GUW,Atyrau Airport,Atyrau,Kazakhstan,47.12189865112305,51.8213996887207,14,7,7,0.00012698928168715544,0.005596744311935028,20,14
782,GHA,Noumérat - Moufdi Zakaria Airport,Ghardaia,Algeria,32.38410186767578,3.794110059738159,8,4,4,0.00012543246562288658,0.001061786114080132,8,2
783,BEN,Benina International Airport,Benghazi,Libya,32.096801757799994,20.2695007324,22,11,11,0.00012501188126782612,0.00737716217897325,46,9
784,SJD,Los Cabos International Airport,San Jose Del Cabo,Mexico,23.15180015563965,-109.72100067138672,44,22,22,0.00012344569472852668,0.013085531155357242,101,3
785,LOP,Lombok International Airport,Praya,Indonesia,-8.757322,116.276675,20,10,10,0.0001227769849433925,0.0019328995103120752,32,18
786,TYS,McGhee Tyson Airport,Knoxville,United States,35.81100082,-83.9940033,34,17,17,0.00012249061926923965,0.012491346182052054,62,3
787,VRA,Juan Gualberto Gomez International Airport,Varadero,Cuba,23.034400939941406,-81.435302734375,17,8,9,0.00012067104827096592,0.010273145435830569,24,3
788,KMJ,Kumamoto Airport,Kumamoto,Japan,32.83729934692383,130.85499572753906,12,6,6,0.00011995019730863926,0.00162229285977645,18,18
789,PBM,Johan Adolf Pengel International Airport,Zandery,Suriname,5.4528298377999995,-55.1878013611,14,7,7,0.00011976123749214826,0.0030116348706286902,20,3
790,GSP,Greenville Spartanburg International Airport,Greenville,United States,34.8956985474,-82.2189025879,40,20,20,0.00011868044390444682,0.013141017001393113,58,3
791,BRC,San Carlos De Bariloche Airport,San Carlos De Bariloche,Argentina,-41.151199,-71.157501,12,6,6,0.0001170442165444667,0.0004441068101973601,14,11
792,NUS,Norsup Airport,Norsup,Vanuatu,-16.0797,167.401001,10,5,5,0.00011557436087309905,1.2197890799863425e-05,10,18
793,SAT,San Antonio International Airport,San Antonio,United States,29.533700942993164,-98.46980285644533,70,35,35,0.00011524272196214106,0.022573997039858847,136,3
794,SOF,Sofia Airport,Sofia,Bulgaria,42.69669342041016,23.411436080932617,82,41,41,0.00011472972015230962,0.05026532586502623,132,2
795,HBE,Borg El Arab International Airport,Alexandria,Egypt,30.917699813842773,29.696399688720703,38,18,20,0.00011393566085237703,0.011455326005978742,79,9
796,NZH,Manzhouli Xijiao Airport,Manzhouli,China,49.566667,117.33,20,10,10,0.00011229919536605445,0.0022349142768814663,22,14
797,ZUH,Zhuhai Jinwan Airport,Zhuhai,China,22.006399,113.375999,60,30,30,0.00011211599107523708,0.006444078644292667,119,20
798,AOJ,Aomori Airport,Aomori,Japan,40.73469924926758,140.6909942626953,10,5,5,0.00011176291681848085,0.0014062680398793798,10,18
799,DSM,Des Moines International Airport,Des Moines,United States,41.53400039672851,-93.66310119628906,34,17,17,0.00011150519639179684,0.01151595644396232,57,3
800,NAT,Governador Aluízio Alves International Airport,Natal,Brazil,-5.768056,-35.376111,19,9,10,0.00011082826868794779,0.002829295668482985,32,11
801,IPC,Mataveri Airport,Easter Island,Chile,-27.1648006439,-109.42199707,4,2,2,0.0001103116950302165,0.00026132978976366547,4,17
802,FKQ,Fakfak Airport,Fak Fak,Indonesia,-2.9201900959014893,132.26699829101562,7,4,3,0.00011005506205387982,6.242272782819107e-06,7,18
803,THE,Senador Petrônio Portela Airport,Teresina,Brazil,-5.0599398613,-42.8235015869,14,7,7,0.00010800553767533532,0.0010513335734726452,22,11
804,NKC,Nouakchott–Oumtounsy International Airport,Nouakschott,Mauritania,18.31,-15.9697222,18,9,9,0.00010737782473342489,0.005521314401501656,23,13
805,PBI,Palm Beach International Airport,West Palm Beach,United States,26.68320083618164,-80.09559631347656,46,23,23,0.00010697858153291163,0.015345410745328579,88,3
806,TJM,Roshchino International Airport,Tyumen,Russia,57.1896018982,65.3243026733,37,19,18,0.00010635872854560248,0.00528081168309177,45,14
807,SMF,Sacramento International Airport,Sacramento,United States,38.69540023803711,-121.59100341796876,57,29,28,0.00010623166302150331,0.01667556377734701,108,3
808,TRN,Turin Airport,Torino,Italy,45.200802,7.64963,58,29,29,0.00010576481913437924,0.03269881341882907,86,2
809,EVE,"Harstad/Narvik Airport, Evenes",Harstad/Narvik,Norway,68.491302490234,16.678100585938,14,7,7,0.00010434641376138947,0.0030530854827912454,18,2
810,PIE,St Petersburg Clearwater International Airport,St. Petersburg,United States,27.91020012,-82.68740082,62,31,31,0.00010158416165051828,0.0026194259648171245,62,3
811,BJR,Bahir Dar Airport,Bahar Dar,Ethiopia,11.608099937438965,37.32160186767578,3,1,2,0.00010055630494616956,0.0004654618347062771,3,9
812,GDQ,Gonder Airport,Gondar,Ethiopia,12.51990032196045,37.43399810791016,4,2,2,0.00010055630494616956,0.00046575296663703235,4,9
813,AXU,Axum Airport,Axum,Ethiopia,14.14680004119873,38.77280044555664,4,2,2,0.00010055630494616956,0.00046575296663703235,4,9
814,HMO,General Ignacio P. Garcia International Airport,Hermosillo,Mexico,29.095899581900003,-111.047996521,26,13,13,9.936856096000749e-05,0.0033833040830337398,48,3
815,LJG,Lijiang Airport,Lijiang,China,26.6800003052,100.246002197,56,28,28,9.89693357060587e-05,0.008780418520441832,129,20
816,YXY,Whitehorse / Erik Nielsen International Airport,Whitehorse,Canada,60.7095985413,-135.067001343,8,4,4,9.865181780987605e-05,0.0008763795164018293,10,3
817,GAE,Gabès Matmata International Airport,Gabes,Tunisia,33.87689971923828,10.103300094604492,4,2,2,9.726424830199066e-05,0.0008017262107403061,4,2
818,CFU,Ioannis Kapodistrias International Airport,Kerkyra/corfu,Greece,39.601898193359375,19.911699295043945,75,38,37,9.568324407290945e-05,0.03798644194286227,103,2
819,PNI,Pohnpei International Airport,Pohnpei,Micronesia,6.985099792480469,158.20899963378906,6,3,3,9.529060414591075e-05,1.1816794390052881e-06,6,18
820,CHQ,Chania International Airport,Chania,Greece,35.531700134277344,24.14970016479492,75,38,37,9.522113465294564e-05,0.03525680354434765,90,2
821,ULB,Uléi Airport,Ambryn Island,Vanuatu,-16.3297,168.3011,5,2,3,9.437360429770525e-05,2.783651210709536e-07,5,18
822,LNB,Lamen Bay Airport,Lamen Bay,Vanuatu,-16.584199905400002,168.158996582,4,2,2,9.423250564717275e-05,9.617610821877382e-06,4,18
823,RSW,Southwest Florida International Airport,Fort Myers,United States,26.53619956970215,-81.75520324707031,66,33,33,9.376581525622496e-05,0.02129591895934909,128,3
824,USM,Samui Airport,Ko Samui,Thailand,9.547789573669998,100.06199646,20,10,10,9.10652731371705e-05,0.0035431275724560284,36,18
825,NGB,Ningbo Lishe International Airport,Ninbo,China,29.82670021057129,121.46199798583984,76,38,38,8.956252589433204e-05,0.01096180212261207,168,20
826,BRI,Bari Karol Wojtyła Airport,Bari,Italy,41.138901,16.760599,82,41,41,8.913741345308855e-05,0.03882318538649721,100,2
827,INZ,In Salah Airport,In Salah,Algeria,27.250999450699997,2.51202011108,5,3,2,8.817231242384452e-05,0.0006847671320630267,5,2
828,DJG,Djanet Inedbirene Airport,Djanet,Algeria,24.292801,9.45244,3,1,2,8.798418088980119e-05,0.0006687403451838794,3,2
829,DLM,Dalaman International Airport,Dalaman,Turkey,36.7131004333,28.7924995422,56,28,28,8.743552966264562e-05,0.03115873153605905,116,2
830,LFW,Lomé-Tokoin Airport,Lome,Togo,6.165609836578369,1.2545100450515747,28,14,14,8.640537718804682e-05,0.005929345825205196,41,13
831,KTW,Katowice International Airport,Katowice,Poland,50.4743,19.08,54,27,27,8.601948288854196e-05,0.021455700582705926,56,2
832,KIV,Chişinău International Airport,Chisinau,Moldova,46.92770004272461,28.930999755859375,50,25,25,8.572137186087028e-05,0.026826046394763648,68,2
833,MBJ,Sangster International Airport,Montego Bay,Jamaica,18.503700256347656,-77.91339874267578,53,27,26,8.553440765868639e-05,0.02434398319078996,89,3
834,HRE,Robert Gabriel Mugabe International Airport,Harare,Zimbabwe,-17.931801,31.0928,25,14,11,8.536072390251784e-05,0.004338073483441712,57,9
835,SSH,Sharm El Sheikh International Airport,Sharm El Sheikh,Egypt,27.9773006439,34.3950004578,37,19,18,8.522860594866642e-05,0.01767410143040979,77,2
836,PVR,Licenciado Gustavo Díaz Ordaz International Airport,Puerto Vallarta,Mexico,20.680099487304688,-105.25399780273438,42,21,21,8.51894503574044e-05,0.013440132982326235,92,3
837,CID,The Eastern Iowa Airport,Cedar Rapids,United States,41.88470077514648,-91.71080017089844,22,11,11,8.436245119119136e-05,0.006547981880764714,35,3
838,BKO,Modibo Keita International Airport,Bamako,Mali,12.5335,-7.94994,32,16,16,8.355115872486135e-05,0.009044094375968119,55,13
839,NRN,Weeze Airport,Weeze,Germany,51.6024017334,6.14216995239,76,38,38,8.253697368912707e-05,0.02315214297680553,76,2
840,OKC,Will Rogers World Airport,Oklahoma City,United States,35.39310073852539,-97.60070037841795,42,22,20,8.216746671250892e-05,0.015167243589261734,81,3
841,ADE,Aden International Airport,Aden,Yemen,12.829500198364258,45.02880096435547,33,15,18,7.98615513263212e-05,0.0073393662952836326,44,9
842,GSO,Piedmont Triad International Airport,Greensboro,United States,36.097801208496094,-79.93730163574219,28,14,14,7.972086942439824e-05,0.011143642784822095,51,3
843,NAP,Naples International Airport,Naples,Italy,40.886002,14.2908,102,51,51,7.844160974173936e-05,0.057794270371673555,158,2
844,PFO,Paphos International Airport,Paphos,Cyprus,34.71799850463867,32.48569869995117,50,25,25,7.710905076182424e-05,0.022170578817713144,85,2
845,BEW,Beira Airport,Beira,Mozambique,-19.79640007019043,34.90760040283203,12,6,6,7.68755670264448e-05,0.0005628500440074681,14,9
846,FNC,Madeira Airport,Funchal,Portugal,32.697899,-16.7745,60,30,30,7.634265897070246e-05,0.03530910873764741,104,2
847,LEX,Blue Grass Airport,Lexington KY,United States,38.0364990234375,-84.60590362548828,26,13,13,7.63007520417959e-05,0.008331591105443311,40,3
848,MDT,Harrisburg International Airport,Harrisburg,United States,40.1935005188,-76.7633972168,24,12,12,7.58581125872166e-05,0.009894449530543787,39,3
849,CIA,Ciampino–G. B. Pastine International Airport,Rome,Italy,41.7994,12.5949,100,50,50,7.568951606123018e-05,0.03196711219975078,100,2
850,RBY,Ruby Airport,Ruby,United States,64.72720337,-155.4700012,5,3,2,7.532316294260297e-05,1.138838830931315e-05,7,21
851,HUS,Hughes Airport,Hughes,United States,66.04109955,-154.2630005,3,2,1,7.532316294260297e-05,1.6691141656238912e-07,3,21
852,JER,Jersey Airport,Jersey,Jersey,49.20790100097656,-2.195509910583496,59,29,30,7.439944624008176e-05,0.02613751660314849,76,2
853,CAY,Cayenne-Rochambeau Airport,Cayenne,French Guiana,4.819809913639999,-52.360401153599994,8,4,4,7.396407952313516e-05,0.001126313017461519,14,3
854,SYR,Syracuse Hancock International Airport,Syracuse,United States,43.11119842529297,-76.1063003540039,32,16,16,7.341781748215869e-05,0.014014434883159697,52,3
855,KHG,Kashgar Airport,Kashi,China,39.5429000854,76.0199966431,8,4,4,7.336693789032846e-05,0.0008085401628350216,26,20
856,BUR,Bob Hope Airport,Burbank,United States,34.20069885253906,-118.35900115966795,24,12,12,7.221801686630912e-05,0.006605861940474663,36,3
857,MEU,Monte Dourado Airport,Almeirim,Brazil,-0.889839,-52.6022,5,2,3,7.154397912324542e-05,3.5578296678514204e-05,5,11
858,ATM,Altamira Airport,Altamira,Brazil,-3.2539100646973,-52.254001617432,5,2,3,7.154397912324542e-05,3.5578296678514204e-05,7,11
859,SJC,Norman Y. Mineta San Jose International Airport,San Jose,United States,37.362598,-121.929001,59,30,29,7.134292261243e-05,0.01606477212499775,120,3
860,SGF,Springfield Branson National Airport,Springfield,United States,37.24570084,-93.38860321,18,9,9,7.127260006031902e-05,0.005042173206638522,28,3
861,YSK,Sanikiluaq Airport,Sanikiluaq,Canada,56.5377998352,-79.2466964722,6,3,3,7.086002280529678e-05,0.00012080132173061493,6,4
862,FWA,Fort Wayne International Airport,Fort Wayne,United States,40.97850037,-85.19509888,20,10,10,7.013067544265365e-05,0.005277064826175267,32,3
863,KUF,Kurumoch International Airport,Samara,Russia,53.504901885986,50.16429901123,40,20,20,6.959863229075366e-05,0.012389552295232392,54,14
864,BIO,Bilbao Airport,Bilbao,Spain,43.30110168457031,-2.9106099605560303,70,35,35,6.926544699990037e-05,0.04556094679986429,128,2
865,PVK,Aktion National Airport,Preveza,Greece,38.925498962402344,20.765300750732425,18,9,9,6.867401360613923e-05,0.011823108399386833,22,2
866,TPS,Vincenzo Florio Airport Trapani-Birgi,Trapani,Italy,37.9114,12.488,56,28,28,6.726986487455618e-05,0.01218722249343069,56,2
867,FLW,Flores Airport,Flores,Portugal,39.455299377441406,-31.13139915466309,8,4,4,6.720616148696331e-05,0.00025684715168099214,8,2
868,WRO,Copernicus Wrocław Airport,Wroclaw,Poland,51.1026992798,16.885799408,62,31,31,6.662010508172403e-05,0.030289852522015052,66,2
869,PIA,General Wayne A. Downing Peoria International Airport,Peoria,United States,40.664199829100006,-89.6932983398,20,10,10,6.625770990183365e-05,0.006447150295170391,30,3
870,UFA,Ufa International Airport,Ufa,Russia,54.557498931885,55.874401092529,38,19,19,6.566038782777599e-05,0.009185068940075673,46,14
871,DTM,Dortmund Airport,Dortmund,Germany,51.51829910279999,7.61223983765,57,29,28,6.544387774291911e-05,0.020192494019552577,67,2
872,ROV,Platov International Airport,Rostov,Russia,47.493888,39.924722,44,22,22,6.543045133062872e-05,0.016554331617841866,56,14
873,LIG,Limoges Airport,Limoges,France,45.86280059814453,1.1794400215148926,20,10,10,6.455287942527127e-05,0.00713883945559682,22,2
874,MGW,Morgantown Municipal Walter L. Bill Hart Field,Morgantown,United States,39.64289856,-79.91629791,4,2,2,6.306399648339882e-05,0.001081657547355715,4,3
875,FAR,Hector International Airport,Fargo,United States,46.92070007324219,-96.81580352783205,20,10,10,6.198314991004825e-05,0.006179130479359925,28,3
876,MEH,Mehamn Airport,Mehamn,Norway,71.02970123291,27.826700210571,10,5,5,6.174794906214161e-05,3.7958822548595696e-06,10,12
877,NUE,Nuremberg Airport,Nuernberg,Germany,49.498699,11.078056,62,30,32,6.12428152185904e-05,0.035455740975706564,95,2
878,MMK,Murmansk Airport,Murmansk,Russia,68.78170013427734,32.75080108642578,10,5,5,5.999208856008673e-05,0.0025340048364527763,14,14
879,MLI,Quad City International Airport,Moline,United States,41.44850158691406,-90.50749969482422,20,10,10,5.995424830197384e-05,0.0065222965634963255,30,3
880,ASB,Ashgabat International Airport,Ashkhabad,Turkmenistan,37.986801,58.361,22,11,11,5.857187983849928e-05,0.011849575783356115,30,14
881,LIL,Lille-Lesquin Airport,Lille,France,50.563332,3.086886,59,29,30,5.8163866310380025e-05,0.019702838222150038,80,2
882,RDU,Raleigh Durham International Airport,Raleigh-durham,United States,35.877601623535156,-78.7874984741211,78,39,39,5.78361530721008e-05,0.02874056168834349,167,3
883,HAJ,Hannover Airport,Hannover,Germany,52.461101532,9.68507957458,100,50,50,5.775643424797979e-05,0.054701244357131924,152,2
884,ZBR,Konarak Airport,Chah Bahar,Iran,25.443300247199996,60.3820991516,11,6,5,5.755704282664689e-05,0.0021186878726206695,12,9
885,SBN,South Bend Regional Airport,South Bend,United States,41.70869827270508,-86.31729888916016,18,9,9,5.6912142480967115e-05,0.004924911413918792,22,3
886,KHN,Nanchang Changbei International Airport,Nanchang,China,28.864999771118164,115.9000015258789,76,38,38,5.594201883566895e-05,0.010400720075826911,172,20
887,LBV,Libreville Leon M'ba International Airport,Libreville,Gabon,0.458600014448,9.4122800827,31,15,16,5.501563270290466e-05,0.005580642068272133,48,13
888,KOA,Ellison Onizuka Kona International At Keahole Airport,Kona,United States,19.738783,-156.045603,22,11,11,5.48610750267481e-05,0.005329519746696663,41,3
889,FSD,Joe Foss Field Airport,Sioux Falls,United States,43.5820007324,-96.741897583,18,9,9,5.480374453364841e-05,0.005714769592100525,26,3
890,ONG,Mornington Island Airport,Mornington Island,Australia,-16.662500381469727,139.17799377441406,6,3,3,5.443784579038504e-05,7.864976583363984e-07,6,18
891,SRG,Achmad Yani Airport,Semarang,Indonesia,-6.97273,110.375,18,9,9,5.369179195869376e-05,0.0017930952669537336,34,18
892,KZN,Kazan International Airport,Kazan,Russia,55.606201171875,49.278701782227,42,21,21,5.322423494521849e-05,0.008890708677837221,56,14
893,KWL,Guilin Liangjiang International Airport,Guilin,China,25.21809959411621,110.03900146484376,79,39,40,5.315592221637173e-05,0.011013283339287847,212,20
894,BLA,General José Antonio Anzoategui International Airport,Barcelona,Venezuela,10.111111,-64.692222,12,6,6,5.199306347913781e-05,0.0017110372558879093,22,11
895,KBL,Hamid Karzai International Airport,Kabul,Afghanistan,34.565899,69.212303,28,13,15,5.117510837778465e-05,0.006452197604099653,54,9
896,GYN,Santa Genoveva Airport,Goiania,Brazil,-16.631999969482422,-49.220699310302734,22,11,11,5.096004357762167e-05,0.0014082864357198115,43,11
897,XNA,Northwest Arkansas Regional Airport,Bentonville,United States,36.281898,-94.306801,28,14,14,5.0412277729375655e-05,0.01150275390282628,48,3
898,MSY,Louis Armstrong New Orleans International Airport,New Orleans,United States,29.99340057373047,-90.25800323486328,78,39,39,5.0374623542878154e-05,0.026729209204877296,248,3
899,ILO,Iloilo International Airport,Iloilo,Philippines,10.833017,122.493358,16,8,8,4.831324776417157e-05,0.002046851224572188,20,18
900,TUL,Tulsa International Airport,Tulsa,United States,36.19839859008789,-95.88809967041016,36,18,18,4.790324479529845e-05,0.012999609411538732,55,3
901,ICT,Wichita Eisenhower National Airport,Wichita,United States,37.649899,-97.433098,23,12,11,4.781267344114937e-05,0.009131001815191277,40,3
902,DVO,Francisco Bangoy International Airport,Davao,Philippines,7.1255202293396,125.64600372314452,18,9,9,4.7611561801408395e-05,0.0012010141661527767,28,18
903,PLM,Sultan Mahmud Badaruddin II Airport,Palembang,Indonesia,-2.8982501029968,104.69999694824,15,7,8,4.750796368047292e-05,0.0017250002335620124,27,18
904,FEZ,Saïss Airport,Fes,Morocco,33.9272994995,-4.977960109709999,32,16,16,4.745635825214208e-05,0.010948199461114505,36,2
905,KIN,Norman Manley International Airport,Kingston,Jamaica,17.935699462890625,-76.7874984741211,38,19,19,4.669707220640113e-05,0.010420622602292075,58,3
906,GOJ,Nizhny Novgorod Strigino International Airport,Nizhniy Novgorod,Russia,56.230098724365,43.784000396729,30,15,15,4.649304482892917e-05,0.008770848629474848,36,14
907,SBH,Gustaf III Airport,Gustavia,France,17.904399871826172,-62.84360122680664,13,6,7,4.594772493489667e-05,0.001024738213562153,21,3
908,PIT,Pittsburgh International Airport,Pittsburgh,United States,40.49150085,-80.23290253,74,37,37,4.540540028394119e-05,0.028685385311449044,148,3
909,MZT,General Rafael Buelna International Airport,Mazatlan,Mexico,23.1613998413,-106.26599884,18,9,9,4.5101210543537934e-05,0.0035445166319262177,30,3
910,USH,Malvinas Argentinas Airport,Ushuaia,Argentina,-54.8433,-68.2958,7,4,3,4.466727959537968e-05,0.0004036573599201771,10,11
911,HGA,Egal International Airport,Hargeisa,Somalia,9.518170356750488,44.08879852294922,12,7,5,4.445991080994012e-05,0.0027378625954724615,15,9
912,TRF,"Sandefjord Airport, Torp",Sandefjord,Norway,59.1866989136,10.258600235,60,30,30,4.437125169917791e-05,0.026490436350486403,74,2
913,POP,Gregorio Luperon International Airport,Puerto Plata,Dominican Republic,19.75790023803711,-70.56999969482422,25,11,14,4.280649765436827e-05,0.015265764991911563,29,3
914,ZAD,Zadar Airport,Zadar,Croatia,44.108299,15.3467,48,24,24,4.2790445775696496e-05,0.020833011004835825,52,2
915,VAW,"Vardø Airport, Svartnes",Vardø,Norway,70.355400085449,31.044900894165,6,3,3,4.210886281778198e-05,2.1132063851522214e-05,6,12
916,SVQ,Sevilla Airport,Sevilla,Spain,37.417999267578125,-5.8931097984313965,76,38,38,4.0890079268023524e-05,0.03439655569679324,127,2
917,ABE,Lehigh Valley International Airport,Allentown,United States,40.652099609375,-75.44080352783203,18,9,9,4.055161589549566e-05,0.005460532557395175,26,3
918,INU,Nauru International Airport,Nauru,Nauru,-0.547458,166.919006,6,3,3,4.046691032761654e-05,0.00015513166024187116,6,18
919,GOA,Genoa Cristoforo Colombo Airport,Genoa,Italy,44.4133,8.8375,34,17,17,3.9957541565682934e-05,0.018903048591952958,40,2
920,CDV,Merle K (Mudhole) Smith Airport,Cordova,United States,60.4917984,-145.4779968,4,2,2,3.9403468879165077e-05,0.0001014428468040912,6,21
921,AVL,Asheville Regional Airport,Asheville,United States,35.43619918823242,-82.54180145263672,16,8,8,3.8955894822071104e-05,0.004857989394183409,24,3
922,IQQ,Diego Aracena Airport,Iquique,Chile,-20.535200119018555,-70.1812973022461,10,5,5,3.883576470347652e-05,0.0003145819091501564,19,11
923,LKO,Chaudhary Charan Singh International Airport,Lucknow,India,26.7605991364,80.8892974854,18,9,9,3.8774820479992905e-05,0.004763854350296181,36,9
924,GLK,Galcaio Airport,Galcaio,Somalia,6.78082990646,47.45470047,6,3,3,3.867891326262028e-05,0.00039272829382156946,8,9
925,TSF,Treviso-Sant'Angelo Airport,Treviso,Italy,45.648399,12.1944,76,38,38,3.828738406490652e-05,0.026019261733861716,76,2
926,EBL,Erbil International Airport,Erbil,Iraq,36.23759841918945,43.96319961547851,40,20,20,3.820260315147466e-05,0.02206862714812451,60,9
927,IND,Indianapolis International Airport,Indianapolis,United States,39.7173,-86.294403,70,35,35,3.7384369699902256e-05,0.02554377330861437,138,3
928,CTG,Rafael Nuñez International Airport,Cartagena,Colombia,10.4424,-75.513,16,8,8,3.516839784270345e-05,0.004044088838600103,24,11
929,ZTH,"Zakynthos International Airport ""Dionysios Solomos""",Zakynthos,Greece,37.7509,20.8843,24,12,12,3.40939548442132e-05,0.016043495240469906,33,2
930,BJV,Milas Bodrum International Airport,Bodrum,Turkey,37.25059890749999,27.6643009186,41,20,21,3.405629766584585e-05,0.020735913633565636,63,2
931,IGR,Cataratas Del Iguazú International Airport,Iguazu Falls,Argentina,-25.737301,-54.4734,6,3,3,3.397775212934273e-05,0.00039844043323694075,8,11
932,WNZ,Wenzhou Longwan International Airport,Wenzhou,China,27.912201,120.851997,66,33,33,3.374475672496688e-05,0.008553726407308377,162,20
933,ARI,Chacalluta Airport,Arica,Chile,-18.348499,-70.338699,7,3,4,3.321687625750892e-05,0.00025349607931077087,9,11
934,JAX,Jacksonville International Airport,Jacksonville,United States,30.49410057067871,-81.68789672851562,52,26,26,3.3180507628978516e-05,0.019318117272075174,91,3
935,TYN,Taiyuan Wusu Airport,Taiyuan,China,37.74689865112305,112.62799835205078,90,45,45,3.300938591021248e-05,0.010545547055538233,214,20
936,SDJ,Sendai Airport,Sendai,Japan,38.1397018433,140.917007446,29,15,14,3.299691299919815e-05,0.004870071347974743,62,18
937,ROA,Roanoke–Blacksburg Regional Airport,Roanoke VA,United States,37.3255,-79.975403,18,9,9,3.219826136658458e-05,0.006738376401308757,30,3
938,MPL,Montpellier-Méditerranée Airport,Montpellier,France,43.57619857788086,3.96301007270813,40,20,20,3.183747233309594e-05,0.01881531391535109,48,2
939,JOG,Adi Sutjipto International Airport,Yogyakarta,Indonesia,-7.788179874420166,110.43199920654295,26,13,13,3.152408134942011e-05,0.001913572776063355,58,18
940,CGQ,Longjia Airport,Changchun,China,43.9962005615,125.684997559,56,28,28,3.151658595501006e-05,0.008875383063532976,127,20
941,GOI,Dabolim Airport,Goa,India,15.3808002472,73.8313980103,24,12,12,3.111282844931548e-05,0.006743311726660583,58,9
942,MRV,Mineralnyye Vody Airport,Mineralnye Vody,Russia,44.225101470947266,43.08190155029297,32,16,16,3.1050121004051427e-05,0.009877062025782079,44,14
943,IGU,Cataratas International Airport,Foz Do Iguacu,Brazil,-25.600278854370117,-54.48500061035156,14,7,7,3.099713906340728e-05,0.001574662267728905,24,11
944,NBE,Enfidha - Hammamet International Airport,Enfidha,Tunisia,36.075833,10.438611,50,25,25,3.099382824173278e-05,0.028380699796414752,90,2
945,SDK,Sandakan Airport,Sandakan,Malaysia,5.900899887084961,118.05899810791016,8,4,4,3.0891082259986216e-05,0.0006709528457143105,12,18
946,OSS,Osh Airport,Osh,Kyrgyzstan,40.6090011597,72.793296814,26,13,13,3.086087941677881e-05,0.005765498408483631,60,14
947,DSK,Dera Ismael Khan Airport,Dera Ismael Khan,Pakistan,31.909400939941406,70.89659881591797,4,2,2,3.083836721626079e-05,0.00011491671246404523,4,9
948,BDO,Husein Sastranegara International Airport,Bandung,Indonesia,-6.900629997253418,107.57599639892578,18,9,9,3.0654465178731054e-05,0.001572357443866321,42,18
949,KOJ,Kagoshima Airport,Kagoshima,Japan,31.80340003967285,130.718994140625,22,11,11,3.038691209420861e-05,0.005245995044594861,34,18
950,HRG,Hurghada International Airport,Hurghada,Egypt,27.178300857543945,33.799400329589844,51,25,26,3.0334729642827627e-05,0.028508526718004447,79,2
951,RYG,"Moss Airport, Rygge",Rygge,Norway,59.378817,10.785439,70,35,35,3.0238323223071356e-05,0.026713560711263153,74,2
952,BME,Broome International Airport,Broome,Australia,-17.944700241088867,122.23200225830078,15,7,8,2.985934586432088e-05,0.0007878614358571193,24,18
953,CHA,Lovell Field,Chattanooga,United States,35.035301208496094,-85.20379638671875,16,8,8,2.955436373971994e-05,0.005676333799513212,32,3
954,PUY,Pula Airport,Pula,Croatia,44.89350128173828,13.922200202941896,27,13,14,2.9304897248580886e-05,0.013834157132791647,30,2
955,BLE,Borlange Airport,Borlange,Sweden,60.422000885009766,15.515199661254885,4,2,2,2.920960061269685e-05,0.0005825989639568278,4,2
956,MJT,Mytilene International Airport,Mytilini,Greece,39.0567016602,26.5983009338,15,7,8,2.9131693523154567e-05,0.006737907754338311,20,2
957,BLI,Bellingham International Airport,Bellingham,United States,48.79280090332031,-122.53800201416016,18,9,9,2.8723847543642577e-05,0.004094473417134,20,3
958,SNA,John Wayne Airport-Orange County Airport,Santa Ana,United States,33.67570114,-117.8679962,43,22,21,2.827476929154152e-05,0.013333135205821547,86,3
959,LIT,Bill & Hillary Clinton National Airport/Adams Field,Little Rock,United States,34.729400634799994,-92.2242965698,33,16,17,2.808748857942725e-05,0.010295414870505537,58,3
960,POZ,Poznań-Ławica Airport,Poznan,Poland,52.421001434299995,16.8262996674,38,19,19,2.798180430988648e-05,0.01951228346539029,42,2
961,LEJ,Leipzig/Halle Airport,Leipzig,Germany,51.423889,12.236389,55,27,28,2.7627573183313646e-05,0.032075844195376256,79,2
962,LBD,Khudzhand Airport,Khudzhand,Tajikistan,40.21540069580078,69.6947021484375,38,19,19,2.7457080538057734e-05,0.004754615589586906,66,14
963,YKL,Schefferville Airport,Schefferville,Canada,54.805301666259766,-66.8052978515625,8,4,4,2.6827338429524018e-05,0.0001873276077496247,10,4
964,HRK,Kharkiv International Airport,Kharkov,Ukraine,49.924800872802734,36.290000915527344,17,8,9,2.660156760697174e-05,0.007826568736677865,19,2
965,AER,Sochi International Airport,Sochi,Russia,43.449902,39.9566,35,18,17,2.628448259770489e-05,0.009111239141185602,52,14
966,BFS,Belfast International Airport,Belfast,United Kingdom,54.6575012207,-6.2158298492399995,56,27,29,2.597931603281469e-05,0.02885697803682202,70,2
967,EUG,Mahlon Sweet Field,Eugene,United States,44.12459945678711,-123.21199798583984,18,9,9,2.5626871671458627e-05,0.005175373315529673,27,3
968,LJU,Ljubljana Jože Pučnik Airport,Ljubljana,Slovenia,46.223701,14.4576,44,22,22,2.5414095450184965e-05,0.02767036463752852,66,2
969,DOK,Donetsk International Airport,Donetsk,Ukraine,48.07360076904297,37.73970031738281,24,12,12,2.5229303607730325e-05,0.011580945672589622,30,2
970,SLZ,Marechal Cunha Machado International Airport,Sao Luis,Brazil,-2.585360050201416,-44.234100341796875,16,8,8,2.489767135747983e-05,0.001401217069677421,31,11
971,YQM,Greater Moncton International Airport,Moncton,Canada,46.11220169067383,-64.67859649658203,14,7,7,2.4876759969458326e-05,0.004739333155206238,20,3
972,NIM,Diori Hamani International Airport,Niamey,Niger,13.4815,2.18361,17,9,8,2.456641384339e-05,0.006621378591201772,34,13
973,MUX,Multan International Airport,Multan,Pakistan,30.20319938659668,71.41909790039062,16,8,8,2.4231329293008435e-05,0.0036509253068786763,24,9
974,ATW,Appleton International Airport,Appleton,United States,44.258098602299995,-88.5190963745,14,7,7,2.419833957067121e-05,0.004861391084883282,18,3
975,HAK,Haikou Meilan International Airport,Haikou,China,19.934900283813477,110.45899963378906,75,37,38,2.3997759543494717e-05,0.009790877220758143,215,20
976,FKB,Karlsruhe Baden-Baden Airport,Karlsruhe/Baden-Baden,Germany,48.7793998718,8.08049964905,36,18,18,2.389250120243417e-05,0.015046492952980843,40,2
977,BOI,Boise Air Terminal/Gowen Field,Boise,United States,43.5644,-116.223,32,16,16,2.3636878412149458e-05,0.008720406201703307,41,3
978,HTA,Chita-Kadala Airport,Chita,Russia,52.026299,113.306,18,9,9,2.3244863281617605e-05,0.0031894320909996005,22,14
979,PNQ,Pune Airport,Pune,India,18.58209991455078,73.9197006225586,25,13,12,2.3117958907465397e-05,0.005279183418830624,68,9
980,CLJ,Cluj-Napoca International Airport,Cluj-napoca,Romania,46.78519821166992,23.686199188232425,36,18,18,2.3017747732758645e-05,0.0172462757429443,42,2
981,NYO,Stockholm Skavsta Airport,Stockholm,Sweden,58.78860092163086,16.912200927734375,62,31,31,2.293862006498586e-05,0.02045412740977324,62,2
982,SOC,Adi Sumarmo Wiryokusumo Airport,Solo City,Indonesia,-7.516089916229248,110.75700378417967,8,4,4,2.293321361594351e-05,0.0015465079957093463,16,18
983,CIT,Shymkent Airport,Chimkent,Kazakhstan,42.364200592041016,69.47889709472656,17,9,8,2.2468407039587466e-05,0.0031316876975061103,21,14
984,AMD,Sardar Vallabhbhai Patel International Airport,Ahmedabad,India,23.0771999359,72.63469696039999,36,18,18,2.245662771279801e-05,0.008620875307241505,70,9
985,VXO,Växjö Kronoberg Airport,Vaxjo,Sweden,56.929100036621094,14.727999687194824,11,6,5,2.2142328642705354e-05,0.0060523574682566075,15,2
986,YSM,Fort Smith Airport,Fort Smith,Canada,60.020301818847656,-111.96199798583984,8,4,4,2.2134126069174792e-05,0.00026974106684737165,8,4
987,GAJ,Yamagata Airport,Yamagata,Japan,38.411899566699994,140.371002197,6,3,3,2.207223127170513e-05,0.0003658892258976884,6,18
988,KCZ,Kōchi Ryōma Airport,Kochi,Japan,33.546101,133.669006,6,3,3,2.207223127170513e-05,0.0003658892258976884,8,18
989,KLX,Kalamata Airport,Kalamata,Greece,37.06829833984375,22.02549934387207,14,7,7,2.1793835881925853e-05,0.009292530231870615,20,2
990,YBG,CFB Bagotville,Bagotville,Canada,48.33060073852539,-70.99639892578125,8,4,4,2.043997721656872e-05,0.0009512050471565062,8,4
991,CMH,John Glenn Columbus International Airport,Columbus,United States,39.998001,-82.891899,64,32,32,1.9082686552088778e-05,0.02373115492126275,128,3
992,KGF,Sary-Arka Airport,Karaganda,Kazakhstan,49.670799255371094,73.33439636230469,12,6,6,1.8882492140001287e-05,0.003869276407000245,14,14
993,PNH,Phnom Penh International Airport,Phnom-penh,Cambodia,11.546600341796877,104.84400177001952,30,15,15,1.8829593642695686e-05,0.007194773446408109,61,18
994,JHB,Senai International Airport,Johor Bahru,Malaysia,1.64131,103.669998,24,12,12,1.8821659137236228e-05,0.0011810930047115766,36,18
995,RAB,Tokua Airport,Tokua,Papua New Guinea,-4.34045982361,152.380004883,14,7,7,1.8668607622193813e-05,0.0001061644061841396,22,0
996,DJE,Djerba Zarzis International Airport,Djerba,Tunisia,33.875,10.775500297546388,46,23,23,1.8476991636819348e-05,0.02680102457243509,72,2
997,LLA,Luleå Airport,Lulea,Sweden,65.543800354004,22.121999740601,10,5,5,1.8461358675687964e-05,0.0014938473948242449,12,2
998,BHD,George Best Belfast City Airport,Belfast,United Kingdom,54.61809921264648,-5.872499942779541,36,18,18,1.7970293697554645e-05,0.014703704682545785,42,2
999,BTV,Burlington International Airport,Burlington,United States,44.4719009399,-73.15329742429999,20,10,10,1.7857662614061932e-05,0.009282976958919926,27,3
1000,STX,Henry E Rohlsen Airport,St. Croix Island,Virgin Islands,17.701900482177734,-64.79859924316406,10,5,5,1.775005184395663e-05,0.0017031355614310652,18,3
1001,HFS,Hagfors Airport,Hagfors,Sweden,60.02009963989258,13.578900337219238,4,2,2,1.7535158234752643e-05,0.001387249172156604,4,2
1002,PKU,Sultan Syarif Kasim Ii (Simpang Tiga) Airport,Pekanbaru,Indonesia,0.4607860147953033,101.44499969482422,14,7,7,1.6942419842585886e-05,0.0016151974220820603,36,18
1003,BTS,M. R. Štefánik Airport,Bratislava,Slovakia,48.17020034790039,17.21269989013672,36,18,18,1.6884823664708263e-05,0.014661017762985376,40,2
1004,LPQ,Luang Phabang International Airport,Luang Prabang,Laos,19.897300720214844,102.16100311279295,14,7,7,1.681233459731555e-05,0.001548081274658434,26,18
1005,LEI,Almería International Airport,Almeria,Spain,36.84389877319336,-2.3701000213623047,29,14,15,1.6811924262474612e-05,0.01584716232471366,36,2
1006,SXB,Strasbourg Airport,Strasbourg,France,48.538299560546875,7.628230094909668,52,26,26,1.6639724264576662e-05,0.024470309252993004,69,2
1007,CKY,Conakry International Airport,Conakry,Guinea,9.57689,-13.612,16,8,8,1.660331750075898e-05,0.003964902287036623,36,13
1008,REN,Orenburg Central Airport,Orenburg,Russia,51.795799255371094,55.45669937133789,12,6,6,1.6591583444930807e-05,0.003752704504602686,15,14
1009,BDL,Bradley International Airport,Windsor Locks,United States,41.9388999939,-72.68319702149999,52,26,26,1.6393680171185088e-05,0.01882460030815749,103,3
1010,DIB,Dibrugarh Airport,Mohanbari,India,27.4839000702,95.0168991089,7,4,3,1.6266007454550357e-05,0.0009106014615119654,12,9
1011,BMI,Central Illinois Regional Airport at Bloomington-Normal,Bloomington,United States,40.47710037,-88.91590118,16,8,8,1.6147078299822453e-05,0.006401091601881385,24,3
1012,JTR,Santorini Airport,Thira,Greece,36.399200439453125,25.47929954528809,19,9,10,1.5990491401874952e-05,0.01306160269008047,31,2
1013,BGW,Baghdad International Airport,Baghdad,Iraq,33.262500762900004,44.2346000671,26,13,13,1.5948499147353875e-05,0.010948276455387897,28,9
1014,GGT,Exuma International Airport,Great Exuma,Bahamas,23.5625991821,-75.8779983521,11,5,6,1.5903924884105632e-05,0.004227925726096734,18,3
1015,PIK,Glasgow Prestwick Airport,Prestwick,United Kingdom,55.5093994140625,-4.586669921875,42,21,21,1.5770672851031727e-05,0.01660790180156596,42,2
1016,SJJ,Sarajevo International Airport,Sarajevo,Bosnia and Herzegovina,43.82460021972656,18.331499099731445,26,13,13,1.5749956447545578e-05,0.014828590867791036,32,2
1017,CYB,Gerrard Smith International Airport,Cayman Brac,Cayman Islands,19.687000274658203,-79.88279724121094,5,3,2,1.573383740327254e-05,0.0011127934479865634,5,3
1018,VRN,Verona Villafranca Airport,Villafranca,Italy,45.395699,10.8885,45,22,23,1.532606995203395e-05,0.02716834647007251,77,2
1019,ELM,Elmira Corning Regional Airport,Elmira,United States,42.1599006652832,-76.8916015625,10,5,5,1.5271835942149805e-05,0.003262790493344084,12,3
1020,TOL,Toledo Express Airport,Toledo,United States,41.58679962,-83.80780029,8,4,4,1.5110866266727092e-05,0.001466887540628666,10,3
1021,HFE,Hefei Luogang International Airport,Hefei,China,31.780000686645508,117.2979965209961,70,35,35,1.5083710255444632e-05,0.010066438182710793,154,20
1022,LWO,Lviv International Airport,Lvov,Ukraine,49.8125,23.956100463867188,32,16,16,1.5078350500519683e-05,0.016560535558286238,34,2
1023,PGD,Charlotte County Airport,Punta Gorda,United States,26.92020035,-81.9905014,35,17,18,1.47981949080485e-05,0.00177826506865759,35,3
1024,OLB,Olbia Costa Smeralda Airport,Olbia,Italy,40.898701,9.51763,64,32,32,1.4789075564341458e-05,0.03620048045663186,104,2
1025,YGR,Îles-de-la-Madeleine Airport,Iles De La Madeleine,Canada,47.42470169067383,-61.778099060058594,6,3,3,1.447483930261803e-05,0.00014643008461024846,6,4
1026,LNE,Lonorore Airport,Lonorore,Vanuatu,-15.8655996323,168.17199707,6,3,3,1.4337868603365014e-05,1.1813347178609385e-05,6,18
1027,PVU,Provo Municipal Airport,Provo,United States,40.219200134277,-111.72299957275,6,3,3,1.4319936782307731e-05,0.001342345379432966,6,3
1028,BOJ,Burgas Airport,Bourgas,Bulgaria,42.56959915161133,27.515199661254883,22,11,11,1.4313119485624348e-05,0.01256859008143685,24,2
1029,EGC,Bergerac-Roumanière Airport,Bergerac,France,44.82529830932617,0.5186110138893127,18,9,9,1.4204554024637839e-05,0.004712091620030959,22,2
1030,HMI,Hami Airport,Hami,China,42.8414,93.669197,12,6,6,1.408925304942955e-05,0.0026682366424244618,20,20
1031,KAN,Mallam Aminu International Airport,Kano,Nigeria,12.0476,8.52462,14,7,7,1.4084674577102007e-05,0.004500162669423188,14,9
1032,SUF,Lamezia Terme Airport,Lamezia,Italy,38.905399,16.2423,42,21,21,1.3356764014845036e-05,0.023557217509268348,50,2
1033,SCQ,Santiago de Compostela Airport,Santiago,Spain,42.89630126953125,-8.415140151977539,43,21,22,1.3190429217878396e-05,0.024194803251952564,70,2
1034,IXB,Bagdogra Airport,Baghdogra,India,26.68120002746582,88.32859802246094,10,5,5,1.3111550513027481e-05,0.0018381917033101374,32,9
1035,YGJ,Miho Yonago Airport,Miho,Japan,35.4921989440918,133.23599243164062,12,6,6,1.2582917192664531e-05,0.002417494950355637,16,18
1036,OMS,Omsk Central Airport,Omsk,Russia,54.96699905395508,73.31050109863281,30,15,15,1.2514537797413847e-05,0.006913873720242222,34,14
1037,FMM,Memmingen Allgau Airport,Memmingen,Germany,47.988800048799995,10.2395000458,42,21,21,1.247657235582795e-05,0.01605154895518727,46,2
1038,ANF,Andrés Sabella Gálvez International Airport,Antofagasta,Chile,-23.444501,-70.445099,11,6,5,1.2290304492619875e-05,0.0005701570707458033,22,11
1039,BHM,Birmingham-Shuttlesworth International Airport,Birmingham,United States,33.56290054,-86.75350189,40,20,20,1.2255496912643134e-05,0.013544452630507957,71,3
1040,FDH,Friedrichshafen Airport,Friedrichshafen,Germany,47.671298980699994,9.51148986816,24,12,12,1.2195899477307015e-05,0.013380150705294636,26,2
1041,ORK,Cork Airport,Cork,Ireland,51.84130096435547,-8.491109848022461,60,30,30,1.2171692036043944e-05,0.03470455120609092,68,2
1042,SCU,Antonio Maceo International Airport,Santiago De Cuba,Cuba,19.96980094909668,-75.83540344238281,9,5,4,1.2113806383558044e-05,0.0033418861410446274,11,3
1043,TGD,Podgorica Airport,Podgorica,Montenegro,42.359402,19.2519,24,12,12,1.2000883624615938e-05,0.017699753190052462,32,2
1044,UVF,Hewanorra International Airport,Hewandorra,Saint Lucia,13.7332,-60.952599,22,11,11,1.1900513850013378e-05,0.01074636420139369,37,3
1045,CUU,General Roberto Fierro Villalobos International Airport,Chihuahua,Mexico,28.702899932900003,-105.964996338,20,10,10,1.1843195265310018e-05,0.0035886867217132974,33,3
1046,PSC,Tri Cities Airport,Pasco,United States,46.26470184326172,-119.11900329589844,16,8,8,1.18092104264737e-05,0.004571294920858337,16,3
1047,AAR,Aarhus Airport,Aarhus,Denmark,56.2999992371,10.619000434899998,16,8,8,1.1796444181743851e-05,0.007383029381862414,16,2
1048,RAO,Leite Lopes Airport,Ribeirao Preto,Brazil,-21.136388778686523,-47.776668548583984,24,12,12,1.1701632977838247e-05,0.0014538357920476591,38,11
1049,ISP,Long Island Mac Arthur Airport,Islip,United States,40.79520035,-73.10019684,20,10,10,1.163362298844834e-05,0.0052348812223008846,33,3
1050,PEI,Matecaña International Airport,Pereira,Colombia,4.81267,-75.7395,8,4,4,1.1470433886384722e-05,0.0008538115431998406,12,11
1051,RAS,Sardar-e-Jangal Airport,Rasht,Iran,37.323333,49.617778,14,7,7,1.1448382064861539e-05,0.0009737062189437223,20,9
1052,TRW,Bonriki International Airport,Tarawa,Kiribati,1.3816399574279783,173.14700317382812,6,3,3,1.1400506160221556e-05,6.640647284933834e-05,6,18
1053,AAL,Aalborg Airport,Aalborg,Denmark,57.0927589138,9.84924316406,26,13,13,1.1355229021887452e-05,0.0166753318842551,41,2
1054,HMA,Khanty Mansiysk Airport,Khanty-Mansiysk,Russia,61.02849960327149,69.08609771728516,16,8,8,1.1341614852308441e-05,0.0021455878686329785,16,14
1055,SZG,Salzburg Airport,Salzburg,Austria,47.7933006287,13.0043001175,39,20,19,1.125735918975778e-05,0.023126569342933334,69,2
1056,RAP,Rapid City Regional Airport,Rapid City,United States,44.0452995300293,-103.05699920654295,14,7,7,1.1187572360090653e-05,0.004866153744040217,16,3
1057,UUD,Ulan-Ude Airport (Mukhino),Ulan-ude,Russia,51.80780029296875,107.43800354003906,20,10,10,1.1147268967287334e-05,0.004583589367323369,22,14
1058,BNN,Brønnøysund Airport,Bronnoysund,Norway,65.461097717285,12.217499732971,10,5,5,1.0734266887941681e-05,0.0021071674888406295,10,2
1059,KUN,Kaunas International Airport,Kaunas,Lithuania,54.96390151977539,24.084800720214844,38,19,19,1.0485944752543167e-05,0.01470696410218168,38,2
1060,ADA,Adana Airport,Adana,Turkey,36.9822006226,35.280399322499996,20,10,10,1.0421091646965996e-05,0.005661320489019781,34,2
1061,DRV,Dharavandhoo Airport,DHARAVANDHOO,Maldives,5.1561,73.1302,4,2,2,1.0376686313758337e-05,0.00027257636638696874,4,9
1062,UDI,Ten. Cel. Aviador César Bombonato Airport,Uberlandia,Brazil,-18.883612,-48.225277,18,9,9,1.0327802398280193e-05,0.0010084365077324025,30,11
1063,KNG,Kaimana Airport,Kaimana,Indonesia,-3.6445200443267822,133.6959991455078,5,2,3,1.0312027756140828e-05,2.2224830750323617e-07,5,18
1064,MJV,San Javier Airport,Murcia,Spain,37.775001525878906,-0.8123890161514282,34,17,17,1.0151407244276702e-05,0.016362561358897066,40,2
1065,CCC,Jardines Del Rey Airport,Cunagua,Cuba,22.4610004425,-78.32839965820001,10,5,5,1.0144462007297918e-05,0.004259322589864757,14,3
1066,VSA,Carlos Rovirosa Pérez International Airport,Villahermosa,Mexico,17.996999740600586,-92.81739807128906,16,8,8,1.0105376896111909e-05,0.0026071965429854916,26,3
1067,BZN,Gallatin Field,Bozeman,United States,45.77750015,-111.1529999,14,7,7,1.0043097163888667e-05,0.004621689637074564,16,3
1068,GBE,Sir Seretse Khama International Airport,Gaberone,Botswana,-24.555201,25.9182,16,8,8,9.829967361984457e-06,0.0010954799499194167,18,9
1069,MKY,Mackay Airport,Mackay,Australia,-21.171699523900003,149.179992676,10,5,5,9.807078789352695e-06,0.0006227841024610657,14,18
1070,PBG,Plattsburgh International Airport,Plattsburgh,United States,44.650901794433594,-73.46810150146484,10,5,5,9.753599708125775e-06,0.0017687519679228966,14,3
1071,BIQ,Biarritz-Anglet-Bayonne Airport,Biarritz-bayonne,France,43.4683333,-1.5311111,26,13,13,9.726165713516166e-06,0.013761154494902445,28,2
1072,EBA,Marina Di Campo Airport,Marina Di Campo,Italy,42.7603,10.2394,10,5,5,9.622239683204486e-06,0.0044064472439528735,10,2
1073,HAH,Prince Said Ibrahim International Airport,Moroni,Comoros,-11.5337,43.2719,13,6,7,9.393278719145262e-06,0.0004658584923552233,20,9
1074,UGC,Urgench Airport,Urgench,Uzbekistan,41.58430099487305,60.641700744628906,11,6,5,9.389355531712326e-06,0.006443824199978931,15,14
1075,LRM,Casa De Campo International Airport,La Romana,Dominican Republic,18.450700759887695,-68.91179656982422,16,8,8,9.261539274125977e-06,0.008506496968604896,20,3
1076,SWA,Jieyang Chaoshan International Airport,Shantou,China,23.552,116.5033,47,24,23,9.094950466622533e-06,0.008421621396346475,71,20
1077,TIA,Tirana International Airport Mother Teresa,Tirana,Albania,41.4146995544,19.7206001282,36,18,18,9.053157249589417e-06,0.02113408711392271,72,2
1078,EYK,Beloyarskiy Airport,Beloyarsky,Russia,63.686901,66.698601,8,4,4,9.007985371694466e-06,0.0010169239481118927,8,14
1079,BIS,Bismarck Municipal Airport,Bismarck,United States,46.772701263427734,-100.74600219726562,10,5,5,8.99903550404906e-06,0.0022845049562822666,12,3
1080,KLG,Kalskag Airport,Kalskag,United States,61.53630065917969,-160.34100341796875,6,3,3,8.967603122732623e-06,2.974133958442418e-06,8,21
1081,FLR,Peretola Airport,Florence,Italy,43.810001,11.2051,52,26,26,8.949013169225825e-06,0.03619057679609132,106,2
1082,BAV,Baotou Airport,Baotou,China,40.560001373291016,109.99700164794922,34,17,17,8.934228710493537e-06,0.005192811490324916,58,20
1083,SKN,Stokmarknes Skagen Airport,Stokmarknes,Norway,68.578826904297,15.033416748047,7,3,4,8.688360952989327e-06,0.0001296756820365725,7,12
1084,UME,Umeå Airport,Umea,Sweden,63.791801452637,20.282800674438,12,6,6,8.625300244676004e-06,0.0038998687033525393,16,2
1085,LAN,Capital City Airport,Lansing,United States,42.77870178222656,-84.58740234375,12,6,6,8.59042710797531e-06,0.004597939352894878,16,3
1086,LYG,Lianyungang Airport,Lianyungang,China,34.571667,118.873611,26,13,13,8.571577948000228e-06,0.00446528272033165,32,20
1087,MOL,Molde Airport,Molde,Norway,62.744701385498,7.2624998092651,12,6,6,8.454203787850097e-06,0.004416968270914122,14,2
1088,HNA,Hanamaki Airport,Hanamaki,Japan,39.4286003112793,141.13499450683594,8,4,4,8.405446624238811e-06,0.0003368023628897648,8,18
1089,TRI,Tri-Cities Regional TN/VA Airport,BRISTOL,United States,36.475201,-82.407401,8,4,4,8.400180128820226e-06,0.002136234012807275,14,3
1090,SSJ,Sandnessjøen Airport (Stokka),Sandnessjoen,Norway,65.956802368164,12.468899726868,9,5,4,8.304348166919391e-06,0.0015474554219850236,9,2
1091,NUX,Novy Urengoy Airport,Novy Urengoy,Russia,66.06939697265625,76.52030181884766,20,10,10,8.27316112022879e-06,0.004443924863425097,32,14
1092,PSP,Palm Springs International Airport,Palm Springs,United States,33.8297004699707,-116.50700378417967,34,17,17,8.244948486252637e-06,0.010886311267586097,51,3
1093,SKB,Robert L. Bradshaw International Airport,Basse Terre,Saint Kitts and Nevis,17.311199188232422,-62.71870040893555,11,5,6,8.164763561658168e-06,0.0016910765824924969,22,3
1094,DOM,Douglas-Charles Airport,Dominica,Dominica,15.547,-61.299999,16,8,8,8.136629116296692e-06,0.001174304737531488,35,3
1095,NYM,Nadym Airport,Nadym,Russia,65.48090362548828,72.69889831542969,14,7,7,8.12259370908601e-06,0.002354385245902576,16,14
1096,TIM,Moses Kilangin Airport,Timika,Indonesia,-4.528279781341553,136.88699340820312,6,3,3,8.087375256689523e-06,0.00017381128198222154,8,18
1097,WMI,Modlin Airport,Warsaw,Poland,52.451099,20.6518,52,26,26,8.01808898973335e-06,0.019897623867549567,52,2
1098,AVP,Wilkes Barre Scranton International Airport,Scranton,United States,41.338500976599995,-75.72339630130001,12,6,6,8.010973022161697e-06,0.0052225228970227975,19,3
1099,BGR,Bangor International Airport,Bangor,United States,44.80739974975586,-68.8281021118164,12,6,6,7.91014182693095e-06,0.0028727509069892093,16,3
1100,HTY,Hatay Airport,Hatay,Turkey,36.36277771,36.282222747800006,16,8,8,7.889069846583561e-06,0.005281316566309112,18,2
1101,RFD,Chicago Rockford International Airport,Rockford,United States,42.19540023803711,-89.09719848632812,10,5,5,7.775878530010871e-06,0.0009422569758355002,10,3
1102,NDR,Nador International Airport,El Aroui,Morocco,34.988800048799995,-3.0282099247,24,12,12,7.768183821289063e-06,0.014346723999164106,36,2
1103,MGF,Regional de Maringá - Sílvio Nane Junior Airport,Maringa,Brazil,-23.479444503799996,-52.01222229,16,8,8,7.767211675019659e-06,0.0009088419462265693,20,11
1104,SWF,Stewart International Airport,Newburgh,United States,41.50410079956055,-74.10479736328125,10,5,5,7.681407996566236e-06,0.0031399658598218905,12,3
1105,AOI,Ancona Falconara Airport,Ancona,Italy,43.616299,13.3623,20,10,10,7.578502590397016e-06,0.010602497869343511,20,2
1106,CRK,Diosdado Macapagal International Airport,Angeles City,Philippines,15.186,120.559998,16,8,8,7.549061117754418e-06,0.004916004437217029,26,18
1107,BVC,Rabil Airport,Boa Vista,Cape Verde,16.136499404907227,-22.888900756835938,19,13,6,7.500623624502289e-06,0.016374335805909596,28,2
1108,GTF,Great Falls International Airport,Great Falls,United States,47.48199844,-111.3710022,14,7,7,7.482629827027189e-06,0.0033468637407837207,14,3
1109,LUK,Cincinnati Municipal Airport Lunken Field,Cincinnati,United States,39.10329819,-84.41860199,6,3,3,7.43307605142037e-06,0.0012443721272623403,6,3
1110,GLT,Gladstone Airport,Gladstone,Australia,-23.869699,151.223007,6,3,3,7.428494785447157e-06,0.00040903753946555123,8,18
1111,LDB,Governador José Richa Airport,Londrina,Brazil,-23.333599090599996,-51.1301002502,14,7,7,7.361086458672163e-06,0.0008895799286985273,23,11
1112,BJL,Banjul International Airport,Banjul,Gambia,13.338000297546388,-16.65220069885254,14,7,7,7.264832388981031e-06,0.0043180898698616755,26,13
1113,ATQ,Sri Guru Ram Dass Jee International Airport,Amritsar,India,31.7096004486,74.7973022461,12,6,6,7.261985409319433e-06,0.003129114925509727,18,9
1114,BSA,Bosaso Airport,Bosaso,Somalia,11.27530002593994,49.14939880371094,4,2,2,7.194826490889533e-06,2.933835160024304e-05,8,9
1115,UKK,Ust-Kamennogorsk Airport,Ust Kamenogorsk,Kazakhstan,50.036598205566406,82.49420166015625,10,5,5,7.167983820253336e-06,0.0018205607958821466,14,14
1116,TLC,Licenciado Adolfo Lopez Mateos International Airport,Toluca,Mexico,19.3370990753,-99.56600189210002,20,10,10,7.166475159177222e-06,0.0030822200762498464,27,3
1117,ZIH,Ixtapa Zihuatanejo International Airport,Zihuatanejo,Mexico,17.601600647,-101.460998535,10,5,5,7.15756531235587e-06,0.0032229500007980366,18,3
1118,ISG,New Ishigaki Airport,Ishigaki,Japan,24.396389,124.245,14,7,7,7.1428378428090015e-06,0.001831963423618043,28,18
1119,ONT,Ontario International Airport,Ontario,United States,34.055999755859375,-117.60099792480467,29,15,14,7.114371484254879e-06,0.007865599863087961,50,3
1120,VOG,Volgograd International Airport,Volgograd,Russia,48.782501220703125,44.34550094604492,20,10,10,7.0498784950846276e-06,0.006501472514339641,20,14
1121,ZHA,Zhanjiang Airport,Zhanjiang,China,21.214399,110.358002,26,13,13,7.0245342008386226e-06,0.005326259914548781,38,20
1122,YTE,Cape Dorset Airport,Cape Dorset,Canada,64.2300033569,-76.5267028809,4,2,2,6.9580253113553576e-06,3.75676481490085e-06,6,4
1123,PHF,Newport News Williamsburg International Airport,Newport News,United States,37.13190079,-76.49299622,10,5,5,6.9453386293761915e-06,0.0038199469063800473,18,3
1124,PVH,Governador Jorge Teixeira de Oliveira Airport,Porto Velho,Brazil,-8.70928955078125,-63.90230178833008,8,4,4,6.920043845560688e-06,0.00018614883121078702,18,11
1125,YPH,Inukjuak Airport,Inukjuak,Canada,58.471900939941406,-78.07689666748047,7,4,3,6.895128007154692e-06,2.7817153951090708e-05,7,4
1126,LRH,La Rochelle-Île de Ré Airport,La Rochelle,France,46.17919921875,-1.1952799558639526,16,8,8,6.8364149473570375e-06,0.00607041833257782,20,2
1127,KQT,Qurghonteppa International Airport,Kurgan Tyube,Tajikistan,37.86640167236328,68.86470031738281,9,5,4,6.835070394838766e-06,0.002851252742784511,9,14
1128,BRN,Bern Belp Airport,Bern,Switzerland,46.914100647,7.497149944309999,24,12,12,6.7159004179641645e-06,0.014936395242875952,24,2
1129,ZVK,Savannakhet Airport,Savannakhet,Laos,16.55660057067871,104.76000213623048,6,3,3,6.625644126899171e-06,0.0009944917028133927,6,18
1130,BBI,Biju Patnaik Airport,Bhubaneswar,India,20.244400024399997,85.8178024292,13,6,7,6.558030763915998e-06,0.0019494535271411487,17,9
1131,YHU,Montréal / Saint-Hubert Airport,Montreal,Canada,45.5175018311,-73.4169006348,8,4,4,6.551171659168566e-06,0.0001850512019274468,8,4
1132,SPC,La Palma Airport,Santa Cruz De La Palma,Spain,28.626499,-17.7556,14,7,7,6.505166260111215e-06,0.011576918322381075,16,2
1133,CGP,Shah Amanat International Airport,Chittagong,Bangladesh,22.24959945678711,91.81330108642578,20,10,10,6.480622108658865e-06,0.005409733837326071,32,9
1134,TMP,Tampere-Pirkkala Airport,Tampere,Finland,61.414100646973,23.604400634766,20,10,10,6.455263483405781e-06,0.009247088877326061,24,2
1135,TWU,Tawau Airport,Tawau,Malaysia,4.320159912109375,118.12799835205078,10,5,5,6.3980429924099645e-06,0.0006914901079190206,14,18
1136,OUZ,Tazadit Airport,Zouerat,Mauritania,22.75639915466309,-12.483599662780762,6,3,3,6.395816028129722e-06,0.0009978558345948272,6,13
1137,RBA,Rabat-Salé Airport,Rabat,Morocco,34.051498,-6.75152,18,9,9,6.391088469872807e-06,0.009528655467368287,22,2
1138,DSN,Ordos Ejin Horo Airport,Dongsheng,China,39.49,109.861388889,36,18,18,6.297490145376954e-06,0.004617890675306249,48,20
1139,YSB,Sudbury Airport,Sudbury,Canada,46.625,-80.79889678955078,11,5,6,6.276425010834913e-06,0.00141842081631379,11,3
1140,PSG,Petersburg James A Johnson Airport,Petersburg,United States,56.80170059,-132.9450073,4,2,2,6.230513268513965e-06,1.1461205641772332e-05,4,21
1141,SJP,Prof. Eribelto Manoel Reino State Airport,Sao Jose Do Rio Preto,Brazil,-20.816600799599996,-49.40650177,12,6,6,6.222890677709949e-06,0.0009182077007071478,16,11
1142,LBB,Lubbock Preston Smith International Airport,Lubbock,United States,33.663601,-101.822998,14,7,7,6.202823425330018e-06,0.003814668248525586,19,3
1143,BJX,Del Bajío International Airport,Del Bajio,Mexico,20.9935,-101.481003,20,10,10,6.1342181210208045e-06,0.006832867856990731,29,3
1144,GEA,Nouméa Magenta Airport,Noumea,New Caledonia,-22.25830078125,166.47300720214844,17,9,8,6.1142748564086065e-06,2.5737192772941006e-27,17,19
1145,DMB,Taraz Airport,Dzhambul,Kazakhstan,42.85359954833984,71.30359649658203,7,3,4,6.0836617373285805e-06,0.0006897922367439683,7,14
1146,NVT,Ministro Victor Konder International Airport,Navegantes,Brazil,-26.879999,-48.651402,10,5,5,6.081792027177442e-06,0.0011999643578834394,14,11
1147,IOS,Bahia - Jorge Amado Airport,Ilheus,Brazil,-14.815999984741,-39.033199310303,14,7,7,6.081792027177442e-06,0.0010826824803491324,18,11
1148,JOI,Lauro Carneiro de Loyola Airport,Joinville,Brazil,-26.22450065612793,-48.797401428222656,8,4,4,6.081792027177442e-06,0.0008120465789176684,10,11
1149,BPS,Porto Seguro Airport,Porto Seguro,Brazil,-16.438601,-39.080898,12,6,6,6.081792027177442e-06,0.0009593460319382449,21,11
1150,JHG,Xishuangbanna Gasa Airport,Jinghonggasa,China,21.973899841308594,100.76000213623048,18,9,9,6.045288076656584e-06,0.0013695040167161763,48,20
1151,FMN,Four Corners Regional Airport,Farmington,United States,36.7411994934,-108.230003357,6,3,3,6.0376362602857096e-06,0.0007259839896536117,18,3
1152,KGD,Khrabrovo Airport,Kaliningrad,Russia,54.88999938964844,20.592599868774418,20,10,10,5.899398233496436e-06,0.00790988860024913,30,14
1153,CLY,Calvi-Sainte-Catherine Airport,Calvi,France,42.5244444,8.7930556,22,11,11,5.890113906500837e-06,0.011045766596122006,40,2
1154,JUB,Juba International Airport,Juba,South Sudan,4.87201023102,31.6011009216,15,8,7,5.883905425928833e-06,0.0036329388598709345,24,9
1155,IQT,Coronel FAP Francisco Secada Vignetta International Airport,Iquitos,Peru,-3.7847399711608887,-73.30879974365234,8,4,4,5.883357813942291e-06,0.000794081321919051,14,11
1156,VTZ,Vishakhapatnam Airport,Vishakhapatnam,India,17.721200943,83.2245025635,17,9,8,5.794857429413186e-06,0.0029534195768132223,36,9
1157,MAH,Menorca Airport,Menorca,Spain,39.86259841918945,4.218649864196777,48,25,23,5.771595958880534e-06,0.030726762484451747,70,2
1158,MSO,Missoula International Airport,Missoula,United States,46.91630173,-114.0910034,14,7,7,5.73429019259084e-06,0.0037160183337952004,14,3
1159,GZP,Gazipaşa Airport,Alanya,Turkey,36.299217,32.300598,12,6,6,5.694956021352499e-06,0.007027773584082322,12,2
1160,IAG,Niagara Falls International Airport,Niagara Falls,United States,43.1072998046875,-78.94619750976562,10,5,5,5.650772206773808e-06,0.0009248487126798106,10,3
1161,NJC,Nizhnevartovsk Airport,Nizhnevartovsk,Russia,60.94929885864258,76.48359680175781,18,9,9,5.6172905112586555e-06,0.003539881770636956,28,14
1162,PDG,Minangkabau International Airport,Padang,Indonesia,-0.786917,100.280998,6,3,3,5.425271256286555e-06,0.0008148961827467027,14,18
1163,ODS,Odessa International Airport,Odessa,Ukraine,46.42679977416992,30.67650032043457,24,12,12,5.306958362687641e-06,0.013214924766377386,37,2
1164,SKZ,Sukkur Airport,Sukkur,Pakistan,27.722000122070312,68.79170227050781,9,4,5,5.304289275125634e-06,0.0009668471934934767,11,9
1165,YHD,Dryden Regional Airport,Dryden,Canada,49.831699,-92.744202,7,3,4,5.217514544135344e-06,3.433156330617256e-06,7,7
1166,RST,Rochester International Airport,Rochester,United States,43.90829849243164,-92.5,6,3,3,5.179586793913263e-06,0.0020408026107604643,8,3
1167,DLH,Duluth International Airport,Duluth,United States,46.8420982361,-92.1936035156,8,4,4,5.179586793913263e-06,0.002778722389934895,8,3
1168,BDS,Brindisi – Salento Airport,Brindisi,Italy,40.6576,17.947001,38,19,19,5.16677044987317e-06,0.01855917223481268,44,2
1169,LYI,Shubuling Airport,Linyi,China,35.04610061645508,118.41200256347656,28,14,14,5.150241727691884e-06,0.004568608080015247,36,20
1170,ELP,El Paso International Airport,El Paso,United States,31.80719948,-106.3779984,25,12,13,4.988088760383196e-06,0.00852745662249059,47,3
1171,MKE,General Mitchell International Airport,Milwaukee,United States,42.94720077514648,-87.89659881591797,60,30,30,4.963097981672042e-06,0.02207028475642926,125,3
1172,POR,Pori Airport,Pori,Finland,61.461700439453,21.799999237061,6,3,3,4.947478269338443e-06,0.002520819365587308,6,2
1173,YZS,Coral Harbour Airport,Coral Harbour,Canada,64.1932983398,-83.3593978882,8,4,4,4.902864794730004e-06,1.929913611629157e-06,11,4
1174,DAT,Datong Airport,Datong,China,40.060299,113.482002,14,7,7,4.788581118824167e-06,0.002749398698647015,22,20
1175,RIC,Richmond International Airport,Richmond,United States,37.50519943237305,-77.3197021484375,38,19,19,4.768441796212993e-06,0.01606665568544915,76,3
1176,CEK,Chelyabinsk Balandino Airport,Chelyabinsk,Russia,55.305801,61.5033,28,14,14,4.712715384870685e-06,0.006756785562514938,40,14
1177,CZX,Changzhou Benniu Airport,Changzhou,China,31.919701,119.778999,36,18,18,4.664918228290418e-06,0.004881271588132528,74,20
1178,STC,St Cloud Regional Airport,Saint Cloud,United States,45.546600341796875,-94.05989837646484,4,2,2,4.638552676660261e-06,0.0013425209080300717,4,3
1179,HSN,Zhoushan Airport,Zhoushan,China,29.9342002869,122.361999512,14,7,7,4.630530355000938e-06,0.0027502936800371013,26,20
1180,XRY,Jerez Airport,Jerez,Spain,36.744598388671875,-6.060110092163086,30,15,15,4.554552433197424e-06,0.019277940243721547,43,2
1181,GRI,Central Nebraska Regional Airport,Grand Island,United States,40.967498779296875,-98.30960083007812,6,3,3,4.517828482364401e-06,0.0016934889212997064,8,3
1182,TRS,Trieste–Friuli Venezia Giulia Airport,Ronchi De Legionari,Italy,45.827499,13.4722,22,11,11,4.472235831798141e-06,0.009571380736504945,22,2
1183,XFN,Xiangyang Liuji Airport,Xiangfan,China,32.1506,112.291,18,9,9,4.460190746813382e-06,0.00393782058337997,26,20
1184,BAQ,Ernesto Cortissoz International Airport,Barranquilla,Colombia,10.8896,-74.7808,12,6,6,4.442919281869793e-06,0.0019250732434151036,20,11
1185,IBR,Hyakuri Airport,Ibaraki,Japan,36.181098938,140.414993286,10,5,5,4.421716228538153e-06,0.001392106451938146,10,18
1186,NDG,Qiqihar Sanjiazi Airport,Qiqihar,China,47.239601135253906,123.91799926757812,8,4,4,4.419416081256544e-06,0.002319869386529542,16,20
1187,JJN,Quanzhou Jinjiang International Airport,Quanzhou,China,24.7964,118.589996,36,18,18,4.401650042317757e-06,0.0065370905130706265,88,20
1188,MIR,Monastir Habib Bourguiba International Airport,Monastir,Tunisia,35.75809860229492,10.75469970703125,20,10,10,4.354302296775857e-06,0.011391754203661916,31,2
1189,TNG,Ibn Batouta Airport,Tanger,Morocco,35.726898193400004,-5.91689014435,24,12,12,4.313891635651285e-06,0.01666770727074471,38,2
1190,CIH,Changzhi Airport,Changzhi,China,36.247501,113.125999,22,11,11,4.283567697312867e-06,0.0033856316074347627,32,20
1191,CYO,Vilo Acuña International Airport,Cayo Largo del Sur,Cuba,21.6165008545,-81.5459976196,5,2,3,4.252513420934486e-06,0.0012492513682303278,5,3
1192,ASP,Alice Springs Airport,Alice Springs,Australia,-23.806699752807617,133.90199279785156,16,8,8,4.23276613345832e-06,0.0009008625630250421,24,18
1193,CKB,North Central West Virginia Airport,Clarksburg,United States,39.2966003418,-80.2281036377,5,2,3,4.2318227677109215e-06,0.00011645041798988168,5,3
1194,VKT,Vorkuta Airport,Vorkuta,Russia,67.48860168457031,63.99309921264648,4,2,2,4.197177167012883e-06,0.001146636775708463,4,14
1195,MAF,Midland International Airport,Midland,United States,31.9424991607666,-102.2020034790039,13,7,6,4.178598859181001e-06,0.003715364985667439,17,3
1196,VER,General Heriberto Jara International Airport,Vera Cruz,Mexico,19.1459007263,-96.1873016357,18,9,9,4.142678644446577e-06,0.002653836723152125,32,3
1197,DRS,Dresden Airport,Dresden,Germany,51.1328010559082,13.767200469970703,36,18,18,4.117108026134543e-06,0.020736703758690904,44,2
1198,ATY,Watertown Regional Airport,Watertown,United States,44.91400146,-97.15470123,4,2,2,4.105807305978148e-06,0.0007086504758705409,6,3
1199,HEA,Herat Airport,Herat,Afghanistan,34.209999084472656,62.22829818725586,8,4,4,4.082566431674781e-06,0.001317354082031111,12,9
1200,OUD,Angads Airport,Oujda,Morocco,34.787200927734375,-1.92399001121521,18,9,9,3.935418033017926e-06,0.007255380468153719,20,2
1201,BES,Brest Bretagne Airport,Brest,France,48.447898864746094,-4.418540000915527,22,11,11,3.863911611715792e-06,0.01030278039141058,34,2
1202,SYY,Stornoway Airport,Stornoway,United Kingdom,58.215599060058594,-6.331110000610352,10,5,5,3.841047344325936e-06,0.00231942625825169,10,2
1203,CIF,Chifeng Airport,Chifeng,China,42.23500061035156,118.90799713134766,20,10,10,3.83164331656046e-06,0.002418369512674137,30,20
1204,YTH,Thompson Airport,Thompson,Canada,55.80110168457031,-97.86419677734376,11,6,5,3.828476717782006e-06,0.00011487814515408978,13,4
1205,SLU,George F. L. Charles Airport,Castries,Saint Lucia,14.0202,-60.992901,12,6,6,3.804732412561208e-06,0.0007996568323719329,21,3
1206,YNT,Yantai Laishan Airport,Yantai,China,37.40169906616211,121.37200164794922,46,23,23,3.7791670023935985e-06,0.008579580447723664,112,20
1207,MST,Maastricht Aachen Airport,Maastricht,Netherlands,50.911701,5.77014,19,9,10,3.7689789833557178e-06,0.005990408580718628,19,2
1208,BOH,Bournemouth Airport,Bournemouth,United Kingdom,50.779998779296875,-1.8424999713897705,34,17,17,3.7631894717500822e-06,0.014098286885894143,38,2
1209,AJU,Santa Maria Airport,Aracaju,Brazil,-10.984000206,-37.0703010559,16,8,8,3.7603422336411324e-06,0.0015057764626497075,26,11
1210,ZSA,San Salvador Airport,Cockburn Town,Bahamas,24.06329917907715,-74.52400207519531,6,3,3,3.7046742797037284e-06,0.0017779596217237504,8,3
1211,OKJ,Okayama Airport,Okayama,Japan,34.7569007874,133.854995728,16,8,8,3.5405891917895854e-06,0.003117222128326655,26,18
1212,UBA,Mário de Almeida Franco Airport,Uberaba,Brazil,-19.764722824097,-47.966110229492,8,4,4,3.530428692161893e-06,0.0008192639269241718,8,11
1213,JDO,Orlando Bezerra de Menezes Airport,Juazeiro Do Norte,Brazil,-7.21895980835,-39.2700996399,10,5,5,3.530428692161893e-06,0.0010298391690550602,10,11
1214,ARU,Araçatuba Airport,Aracatuba,Brazil,-21.1413002014,-50.4247016907,4,2,2,3.530428692161893e-06,0.0007377331612345761,4,11
1215,MCZ,Zumbi dos Palmares Airport,Maceio,Brazil,-9.510809898376465,-35.79169845581055,14,7,7,3.530428692161893e-06,0.00148751092902889,26,11
1216,CAC,Cascavel Airport,Cascavel,Brazil,-25.0002994537,-53.5008010864,6,3,3,3.530428692161893e-06,0.0007816873476786477,6,11
1217,JPA,Presidente Castro Pinto International Airport,Joao Pessoa,Brazil,-7.145833015440001,-34.9486122131,12,6,6,3.530428692161893e-06,0.0014418161843736661,22,11
1218,DOU,Dourados Airport,Dourados,Brazil,-22.2019,-54.926601,6,3,3,3.530428692161893e-06,0.0007572732896893303,6,11
1219,GAN,Gan International Airport,Gan Island,Maldives,-0.693342,73.155602,6,3,3,3.524901239340091e-06,0.0006539332627789425,6,9
1220,PNZ,Senador Nilo Coelho Airport,Petrolina,Brazil,-9.362409591674805,-40.56909942626953,8,4,4,3.4911627104130503e-06,0.00034282599185240327,10,11
1221,YYU,Kapuskasing Airport,Kapuskasing,Canada,49.41389846801758,-82.46749877929688,3,1,2,3.474162328667044e-06,2.0242907518423257e-05,3,3
1222,TBU,Fua'amotu International Airport,Tongatapu,Tonga,-21.241199493408203,-175.14999389648438,8,4,4,3.41202191287697e-06,0.0004743375773402648,10,18
1223,RNS,Rennes-Saint-Jacques Airport,Rennes,France,48.069499969499994,-1.73478996754,18,9,9,3.3930778887393073e-06,0.009227743906972126,26,2
1224,VAR,Varna Airport,Varna,Bulgaria,43.232101,27.8251,18,9,9,3.392973313323274e-06,0.00928948993007944,18,2
1225,MLM,General Francisco J. Mujica International Airport,Morelia,Mexico,19.849899292,-101.025001526,14,7,7,3.3468390634048168e-06,0.004864492591486303,20,3
1226,MID,Licenciado Manuel Crescencio Rejon Int Airport,Merida,Mexico,20.937000274699997,-89.657699585,16,8,8,3.3383788141392278e-06,0.003576273811242386,30,3
1227,UYN,Yulin Yuyang Airport,Yulin,China,38.35971,109.590927,14,7,7,3.319187308248619e-06,0.002468753512941647,24,20
1228,OCC,Francisco De Orellana Airport,Coca,Ecuador,-0.4628860056400299,-76.98680114746094,4,2,2,3.3129833568031656e-06,0.000156671503610984,6,11
1229,YQQ,Comox Airport,Comox,Canada,49.71080017089844,-124.88700103759766,8,4,4,3.30118407881019e-06,0.0012501290959194226,14,3
1230,MEA,Macaé Airport,Macaé,Brazil,-22.343000412,-41.7659988403,6,3,3,3.2124996053916607e-06,5.9494121531315295e-05,8,11
1231,RZE,Rzeszów-Jasionka Airport,Rzeszow,Poland,50.1100006104,22.0189990997,22,11,11,3.1899035905319806e-06,0.013190363284351303,22,2
1232,KBV,Krabi Airport,Krabi,Thailand,8.09912014008,98.9861984253,12,6,6,3.176951004919755e-06,0.002490037428348777,32,18
1233,SDR,Santander Airport,Santander,Spain,43.427101135253906,-3.82000994682312,34,17,17,3.16130632070768e-06,0.016748128071509327,38,2
1234,POL,Pemba Airport,Pemba,Mozambique,-12.991762161254885,40.52401351928711,12,6,6,3.157209020137378e-06,0.0010328833707499768,16,9
1235,BDA,L.F. Wade International International Airport,Bermuda,Bermuda,32.36399841308594,-64.67870330810547,16,8,8,3.150998118740045e-06,0.009801332573464118,30,3
1236,SGC,Surgut Airport,Surgut,Russia,61.34370040893555,73.40180206298828,24,12,12,3.1423321070808286e-06,0.0043712913708068525,28,14
1237,AGU,Jesús Terán Paredo International Airport,Aguascalientes,Mexico,21.705601,-102.318001,14,7,7,3.132069754678856e-06,0.004388722566758894,18,3
1238,REU,Reus Air Base,Reus,Spain,41.14739990234375,1.1671700477600098,32,16,16,3.1059873659224394e-06,0.014307473618365716,39,2
1239,YIW,Yiwu Airport,Yiwu,China,29.3446998596,120.031997681,28,14,14,3.095536459747451e-06,0.004063892871883449,36,20
1240,SFA,Sfax Thyna International Airport,Sfax,Tunisia,34.71799850463867,10.690999984741213,8,4,4,3.0886276136098252e-06,0.0034462794070964048,16,2
1241,DIG,Diqing Airport,Shangri-La,China,27.7936,99.6772,10,5,5,3.060476308293476e-06,0.0013013090450578375,14,20
1242,TKU,Turku Airport,Turku,Finland,60.514099121094,22.262800216675,14,7,7,3.037960402480503e-06,0.0066954344682211946,16,2
1243,KDH,Kandahar Airport,Kandahar,Afghanistan,31.505800247192383,65.8478012084961,8,4,4,3.0056428613535753e-06,0.0024318892861841367,10,9
1244,MIG,Mianyang Airport,Mianyang,China,31.4281005859375,104.74099731445312,31,15,16,2.9897657061733873e-06,0.004728159123455356,43,20
1245,TRK,Juwata Airport,Taraken,Indonesia,3.326667,117.569444,10,5,5,2.956815331817909e-06,0.0003817671540031431,14,18
1246,PGX,Périgueux-Bassillac Airport,Perigueux,France,45.19810104370117,0.815555989742279,4,2,2,2.908951636315953e-06,0.0010296524578282409,4,2
1247,WUA,Wuhai Airport,Wuhai,China,39.7934,106.7993,8,4,4,2.898088000293199e-06,0.0015776879932226566,16,20
1248,ENY,Yan'an Ershilipu Airport,Yan'an,China,36.636902,109.554001,8,4,4,2.898088000293199e-06,0.0017291816650716364,11,20
1249,CXR,Cam Ranh Airport,Nha Trang,Vietnam,11.99820041656494,109.21900177001952,8,4,4,2.872445044906109e-06,0.0018081751174307584,14,18
1250,HLH,Ulanhot Airport,Ulanhot,China,46.195333,122.008333,8,4,4,2.8696990637182445e-06,0.001596390099783961,14,20
1251,CEI,Chiang Rai International Airport,Chiang Rai,Thailand,19.952299118,99.8828964233,6,3,3,2.8275638702678355e-06,0.0012841708620482757,22,18
1252,UTH,Udon Thani Airport,Udon Thani,Thailand,17.386400222800003,102.788002014,8,4,4,2.8275638702678355e-06,0.0013642480842223795,12,18
1253,UBP,Ubon Ratchathani Airport,Ubon Ratchathani,Thailand,15.2512998581,104.870002747,4,2,2,2.8275638702678355e-06,0.0010242231101624357,6,18
1254,URT,Surat Thani Airport,Surat Thani,Thailand,9.13259983063,99.135597229,6,3,3,2.8275638702678355e-06,0.00157329856197578,8,18
1255,KKC,Khon Kaen Airport,Khon Kaen,Thailand,16.466600418099997,102.783996582,4,2,2,2.8275638702678355e-06,0.0010242231101624357,4,18
1256,HDY,Hat Yai International Airport,Hat Yai,Thailand,6.93320989609,100.392997742,10,5,5,2.8275638702678355e-06,0.0024388852007777243,12,18
1257,XIL,Xilinhot Airport,Xilinhot,China,43.91559982299805,115.96399688720705,6,3,3,2.826600051797657e-06,0.0013683989917156847,14,20
1258,YUD,Umiujaq Airport,Umiujaq,Canada,56.53609848022461,-76.51830291748047,6,3,3,2.804809453801163e-06,1.5994109197591524e-05,6,4
1259,ERM,Erechim Airport,Erechim,Brazil,-27.66189956665039,-52.2682991027832,5,3,2,2.783975463568184e-06,7.052747825605604e-05,5,11
1260,RJK,Rijeka Airport,Rijeka,Croatia,45.21689987182617,14.570300102233888,14,7,7,2.724575852912906e-06,0.006849855815698306,14,2
1261,NTL,Newcastle Airport,Newcastle,Australia,-32.79499816894531,151.83399963378906,10,5,5,2.6194604504934263e-06,0.000666436774330474,16,18
1262,NSK,Norilsk-Alykel Airport,Norilsk,Russia,69.31109619140625,87.33219909667969,21,10,11,2.6169729426030455e-06,0.004023384232230897,29,14
1263,ACA,General Juan N Alvarez International Airport,Acapulco,Mexico,16.757099151611328,-99.75399780273438,10,5,5,2.5745723623366945e-06,0.0017617572739268038,17,3
1264,HTS,Tri-State/Milton J. Ferguson Field,Huntington,United States,38.36669922,-82.55799866,8,4,4,2.5577766906633173e-06,0.0011364132061858778,10,3
1265,ZCL,General Leobardo C. Ruiz International Airport,Zacatecas,Mexico,22.8971004486,-102.68699646,10,5,5,2.531184145022043e-06,0.003061975895631654,14,3
1266,WUX,Sunan Shuofang International Airport,Wuxi,China,31.494400024399997,120.429000854,38,19,19,2.4952441634146722e-06,0.007298358905661135,94,20
1267,HGR,Hagerstown Regional Richard A Henson Field,Hagerstown,United States,39.707901,-77.72949982,4,2,2,2.475869320468717e-06,0.0011808073676864662,4,3
1268,DNK,Dnipropetrovsk International Airport,Dnepropetrovsk,Ukraine,48.357200622558594,35.10060119628906,18,9,9,2.4464664972273823e-06,0.00876278783509069,28,2
1269,KBR,Sultan Ismail Petra Airport,Kota Bahru,Malaysia,6.1668500900268555,102.29299926757812,14,7,7,2.4413871979455692e-06,0.0015233203923139696,28,18
1270,HOT,Memorial Field,Hot Springs,United States,34.47800064086914,-93.09619903564452,4,2,2,2.3834202965430708e-06,0.0002710408140550996,4,3
1271,TAB,Tobago-Crown Point Airport,Scarborough,Trinidad and Tobago,11.149700164794922,-60.83219909667969,8,4,4,2.377430158598367e-06,0.004221940906983747,9,3
1272,CJB,Coimbatore International Airport,Coimbatore,India,11.029999733,77.0434036255,16,8,8,2.3569488356277946e-06,0.0031704464100265426,34,9
1273,AQP,Rodríguez Ballón International Airport,Arequipa,Peru,-16.3411006927,-71.5830993652,10,5,5,2.3399979377200403e-06,0.00037053195479936236,20,11
1274,CUZ,Alejandro Velasco Astete International Airport,Cuzco,Peru,-13.535699844400002,-71.9387969971,10,5,5,2.3399979377200403e-06,0.00037053195479936236,22,11
1275,VBY,Visby Airport,Visby,Sweden,57.662799835205,18.346200942993,8,4,4,2.338835559020737e-06,0.00177074593925976,16,2
1276,TSR,Timişoara Traian Vuia Airport,Timisoara,Romania,45.80989837646485,21.337900161743164,24,12,12,2.321680777984148e-06,0.011724306250716946,26,2
1277,KUT,Kopitnari Airport,Kutaisi,Georgia,42.176700592,42.4826011658,16,8,8,2.316484093525873e-06,0.003731280807355793,16,2
1278,HAU,Haugesund Airport,Haugesund,Norway,59.34529876709,5.2083601951599,20,10,10,2.236556673763028e-06,0.009135159175825063,24,2
1279,TMS,São Tomé International Airport,Sao Tome,Sao Tome and Principe,0.3781749904155731,6.7121500968933105,6,3,3,2.224803700156555e-06,0.001703662700744221,7,9
1280,JCB,Santa Terezinha Airport,Joacaba,Brazil,-27.1714000702,-51.5532989502,6,3,3,2.2176575069335038e-06,2.7190588367440342e-05,6,11
1281,PKZ,Pakse International Airport,Pakse,Laos,15.132100105285645,105.78099822998048,10,5,5,2.1906851348385805e-06,0.0005665296421607671,10,18
1282,AZS,Samaná El Catey International Airport,Samana,Dominican Republic,19.2670001984,-69.7419967651,9,5,4,2.1704608661956294e-06,0.004292461678635582,12,3
1283,NAG,Dr. Babasaheb Ambedkar International Airport,Nagpur,India,21.092199325561523,79.04720306396484,15,7,8,2.150599305300394e-06,0.0021081787421445655,30,9
1284,MYJ,Matsuyama Airport,Matsuyama,Japan,33.82720184326172,132.6999969482422,16,8,8,2.1139993381410872e-06,0.003837107486122744,24,18
1285,COQ,Choibalsan Airport,Choibalsan,Mongolia,48.13570022583008,114.64600372314452,6,3,3,2.095605489874627e-06,0.00014846555149114837,8,14
1286,CUF,Cuneo International Airport,Cuneo,Italy,44.547001,7.62322,10,5,5,2.0651805422977245e-06,0.0027230630970603003,10,2
1287,REX,General Lucio Blanco International Airport,Reynosa,Mexico,26.0089,-98.2285,10,5,5,2.0279193005693203e-06,0.0014745962663702105,16,3
1288,VCS,Co Ong Airport,Conson,Vietnam,8.73183,106.633003,4,2,2,2.0264432707808846e-06,0.00033976493552778826,4,18
1289,PQC,Phu Quoc International Airport,Phuquoc,Vietnam,10.1698,103.9931,6,3,3,2.0264432707808846e-06,0.0006156612531907234,10,18
1290,UKB,Kobe Airport,Kobe,Japan,34.6328010559082,135.2239990234375,16,8,8,2.010402428765897e-06,0.0008088458738051061,24,18
1291,HOG,Frank Pais International Airport,Holguin,Cuba,20.785600662231445,-76.31510162353516,13,5,8,2.0097688061886655e-06,0.007320324263123294,20,3
1292,VDC,Vitória da Conquista Airport,Vitória Da Conquista,Brazil,-14.8627996445,-40.8630981445,8,4,4,2.004749381725468e-06,0.0008963029259905509,12,11
1293,TIF,Ta’if Regional Airport,Taif,Saudi Arabia,21.483001,40.543442,18,9,9,1.9899129295975745e-06,0.007094427396830266,26,9
1294,CFC,Caçador Airport,Cacador,Brazil,-26.78840065,-50.9398002625,4,2,2,1.939770598753403e-06,4.4346774848853176e-05,4,11
1295,LAE,Nadzab Airport,Nadzab,Papua New Guinea,-6.569803,146.725977,18,9,9,1.9283482239442524e-06,5.9258097605869677e-05,22,0
1296,HIJ,Hiroshima Airport,Hiroshima,Japan,34.4361000061,132.919006348,18,9,9,1.90742210384124e-06,0.004031324508408398,34,18
1297,JHS,Sisimiut Airport,Sisimiut,Greenland,66.9513015747,-53.7293014526,6,3,3,1.9071661137235245e-06,3.1924058575916695e-05,6,1
1298,VLN,Arturo Michelena International Airport,Valencia,Venezuela,10.14973258972168,-67.92839813232422,12,6,6,1.8737091958228806e-06,0.0008764048305642587,20,11
1299,YVB,Bonaventure Airport,Bonaventure,Canada,48.07109832763672,-65.46029663085938,7,4,3,1.8345305424619803e-06,0.0001760710496422207,7,4
1300,HGU,Mount Hagen Kagamuga Airport,Mount Hagen,Papua New Guinea,-5.826789855957031,144.29600524902344,17,9,8,1.755894317737856e-06,5.846648240901435e-05,22,0
1301,LTX,Cotopaxi International Airport,Latacunga,Ecuador,-0.906833,-78.615799,4,2,2,1.7297351013551718e-06,0.00010035700070998069,4,11
1302,SDL,Sundsvall-Härnösand Airport,Sundsvall,Sweden,62.528099060058594,17.443899154663086,8,4,4,1.7260992568883852e-06,0.002040947823243505,10,2
1303,GRX,Federico Garcia Lorca Airport,Granada,Spain,37.18870162963867,-3.777359962463379,10,5,5,1.7097198411232333e-06,0.0054075935407053915,18,2
1304,BLK,Blackpool International Airport,Blackpool,United Kingdom,53.77170181274414,-3.0286099910736084,18,9,9,1.6975117360885334e-06,0.008353794953262904,18,2
1305,ROB,Roberts International Airport,Monrovia,Liberia,6.23379,-10.3623,12,6,6,1.6942263560415894e-06,0.004115012346317832,32,13
1306,NWI,Norwich International Airport,Norwich,United Kingdom,52.6758003235,1.28278005123,16,8,8,1.6904506041809253e-06,0.00723863351620794,20,2
1307,ZLO,Playa De Oro International Airport,Manzanillo,Mexico,19.1448001862,-104.558998108,8,4,4,1.6656149127332833e-06,0.0026790735791186924,14,3
1308,DGO,General Guadalupe Victoria International Airport,Durango,Mexico,24.1242008209,-104.527999878,8,4,4,1.6656149127332833e-06,0.0026790735791186924,10,3
1309,AAE,Rabah Bitat Airport,Annaba,Algeria,36.822201,7.809174,14,7,7,1.6214034181490557e-06,0.007928612301369004,18,2
1310,HAD,Halmstad Airport,Halmstad,Sweden,56.69110107421875,12.820199966430664,7,3,4,1.6035151382776043e-06,0.0014588456295186957,10,2
1311,TGG,Sultan Mahmud Airport,Kuala Terengganu,Malaysia,5.3826398849487305,103.10299682617188,8,4,4,1.6033735865496863e-06,0.0013265017440995583,14,18
1312,LLW,Lilongwe International Airport,Lilongwe,Malawi,-13.7894001007,33.78099823,13,7,6,1.5938899511095656e-06,0.0015512792017850485,25,9
1313,ACX,Xingyi Airport,Xingyi,China,25.0863888889,104.959444444,10,5,5,1.5715388779788611e-06,0.001907269352958188,12,20
1314,LWS,Lewiston Nez Perce County Airport,Lewiston,United States,46.3745002746582,-117.01499938964844,8,4,4,1.5499565993488187e-06,0.0012713798076688218,8,3
1315,FAT,Fresno Yosemite International Airport,Fresno,United States,36.77619934082031,-119.71800231933594,22,11,11,1.547194103271199e-06,0.00703864812628202,40,3
1316,BHY,Beihai Airport,Beihai,China,21.5394,109.293999,30,15,15,1.543107224350866e-06,0.005085138457718321,40,20
1317,CCF,Carcassonne Airport,Carcassonne,France,43.21599960327149,2.3063199520111084,20,10,10,1.5278545507111643e-06,0.007024963818183844,20,2
1318,XUZ,Xuzhou Guanyin Airport,Xuzhou,China,34.059056,117.555278,34,17,17,1.51705542731381e-06,0.004891662684726236,38,20
1319,MOT,Minot International Airport,Minot,United States,48.2593994140625,-101.27999877929688,8,4,4,1.513583258200224e-06,0.0021836733706879453,10,3
1320,KSU,Kristiansund Airport (Kvernberget),Kristiansund,Norway,63.111801147461,7.824520111084,13,7,6,1.4979457144373802e-06,0.0029550243900791457,15,2
1321,PBH,Paro Airport,Thimphu,Bhutan,27.4032001495,89.42459869380001,10,5,5,1.4935475830889079e-06,0.0006681788923291803,10,9
1322,IDA,Idaho Falls Regional Airport,Idaho Falls,United States,43.514599,-112.070999,8,4,4,1.4901570838129672e-06,0.0019497525552169515,8,3
1323,CHS,Charleston Air Force Base-International Airport,Charleston,United States,32.89860153,-80.04049683,39,19,20,1.490104394153232e-06,0.015702765519306976,69,3
1324,LDE,Tarbes-Lourdes-Pyrénées Airport,Tarbes,France,43.1786994934082,-0.0064389999024569,10,5,5,1.4729915251845928e-06,0.006344078113390312,10,2
1325,YCU,Yuncheng Guangong Airport,Yuncheng,China,35.116391,111.031388889,36,18,18,1.470661229775201e-06,0.005859740195861745,58,20
1326,NDB,Nouadhibou International Airport,Nouadhibou,Mauritania,20.9330997467041,-17.030000686645508,6,3,3,1.4693373426582193e-06,0.0010977154776447933,8,13
1327,AMA,Rick Husband Amarillo International Airport,Amarillo,United States,35.219398,-101.706001,11,5,6,1.4616144513637019e-06,0.003391722613597025,19,3
1328,YAG,Fort Frances Municipal Airport,Fort Frances,Canada,48.65420150756836,-93.439697265625,5,3,2,1.4454772865663423e-06,2.365833558507893e-05,5,7
1329,SNU,Abel Santamaria Airport,Santa Clara,Cuba,22.49220085144043,-79.943603515625,8,4,4,1.4446815258505449e-06,0.002680057390028194,18,3
1330,SXR,Sheikh ul Alam Airport,Srinagar,India,33.987098693847656,74.77420043945312,12,6,6,1.4431530223453104e-06,0.0013951506295074893,29,9
1331,BON,Flamingo International Airport,Kralendijk,Netherlands Antilles,12.130999565124512,-68.26850128173828,12,6,6,1.4283637115758699e-06,0.0062295052432650485,18,3
1332,DIE,Arrachart Airport,Antsiranana,Madagascar,-12.34939956665039,49.29169845581055,10,5,5,1.4264844942676415e-06,0.00019571024066254524,10,9
1333,ZLT,La Tabatière Airport,La Tabatière,Canada,50.8307991027832,-58.97560119628906,4,2,2,1.4188253192435354e-06,5.035759515604961e-09,4,4
1334,LVI,Livingstone Airport,Livingstone,Zambia,-17.821800231933594,25.82270050048828,8,4,4,1.3891790486239372e-06,0.0009145863568238658,14,9
1335,TOY,Toyama Airport,Toyama,Japan,36.64830017089844,137.18800354003906,12,6,6,1.3820131710762979e-06,0.0029287907459504873,18,18
1336,SLP,Ponciano Arriaga International Airport,San Luis Potosi,Mexico,22.254299163800003,-100.930999756,12,6,6,1.3776631826432017e-06,0.003206116012481237,16,3
1337,NKM,Nagoya Airport,Nagoya,Japan,35.255001068115234,136.9239959716797,12,6,6,1.37456407766322e-06,0.00010995942945803758,12,18
1338,VOL,Nea Anchialos Airport,Nea Anghialos,Greece,39.219600677490234,22.794300079345703,8,4,4,1.3472624604731992e-06,0.0028569156654203996,10,2
1339,TGO,Tongliao Airport,Tongliao,China,43.556702,122.199997,16,8,8,1.316950540207199e-06,0.0030075503108521473,26,20
1340,OVD,Asturias Airport,Aviles,Spain,43.5635986328125,-6.0346198081970215,20,10,10,1.308284897039013e-06,0.012717398144996662,34,2
1341,BVI,Birdsville Airport,Birdsville,Australia,-25.897499084472656,139.34800720214844,4,2,2,1.3000371390943743e-06,1.3804214591534197e-09,4,18
1342,YHM,John C. Munro Hamilton International Airport,Hamilton,Canada,43.173599243199995,-79.93499755859999,8,4,4,1.2893194462021958e-06,0.0009935367572724747,8,3
1343,NOC,Ireland West Knock Airport,Connaught,Ireland,53.910301208496094,-8.818490028381348,30,15,15,1.280549986278575e-06,0.01404277149687741,30,2
1344,AHB,Abha Regional Airport,Abha,Saudi Arabia,18.240400314299997,42.65660095210001,21,10,11,1.2570569733162318e-06,0.004687211584125685,29,9
1345,UPN,Licenciado y General Ignacio Lopez Rayon Airport,Uruapan,Mexico,19.396699905395508,-102.03900146484376,4,2,2,1.2342516269431136e-06,0.0011483621874147118,4,3
1346,CMW,Ignacio Agramonte International Airport,Camaguey,Cuba,21.420299530029297,-77.84750366210938,6,3,3,1.2182912063051977e-06,0.0025317569172708413,6,3
1347,MFE,Mc Allen Miller International Airport,Mcallen,United States,26.17580032,-98.23860168,10,5,5,1.213220681743523e-06,0.003230515993712351,12,3
1348,FMO,Münster Osnabrück Airport,Munster,Germany,52.134601593,7.68483018875,22,11,11,1.1900802120172916e-06,0.013126154412460175,22,2
1349,TIV,Tivat Airport,Tivat,Montenegro,42.40470123291016,18.72330093383789,12,6,6,1.1802363300176367e-06,0.008550082128852258,22,14
1350,EBU,Saint-Étienne-Bouthéon Airport,St-Etienne,France,45.54059982299805,4.296390056610107,8,4,4,1.1696620737874738e-06,0.0022403399049712204,10,2
1351,VII,Vinh Airport,Vinh,Vietnam,18.7376003265,105.67099762,10,5,5,1.159431840486807e-06,0.0007783865692909708,14,18
1352,KLR,Kalmar Airport,Kalkmar,Sweden,56.68550109863281,16.287599563598633,4,2,2,1.1533432532453242e-06,0.001438609904196733,6,2
1353,RNB,Ronneby Airport,Ronneby,Sweden,56.266700744629,15.265000343323,4,2,2,1.1533432532453242e-06,0.001438609904196733,6,2
1354,AGH,Ängelholm-Helsingborg Airport,Ängelholm,Sweden,56.29610061645508,12.847100257873535,4,2,2,1.1533432532453242e-06,0.001438609904196733,6,2
1355,OSD,Åre Östersund Airport,Östersund,Sweden,63.194400787354,14.50030040741,6,3,3,1.1533432532453242e-06,0.0014948997190418918,6,2
1356,ZEM,Eastmain River Airport,Eastmain River,Canada,52.22639846801758,-78.52249908447266,4,2,2,1.1507378832317738e-06,4.0461574301711154e-07,4,4
1357,PPS,Puerto Princesa Airport,Puerto Princesa,Philippines,9.742119789123535,118.75900268554688,10,5,5,1.1382840100366244e-06,0.0005598920624099744,18,18
1358,EFL,Kefallinia Airport,Keffallinia,Greece,38.12009811401367,20.500499725341797,11,6,5,1.1368399654769002e-06,0.004993867792152725,13,2
1359,BZR,Béziers-Vias Airport,Beziers,France,43.32350158691406,3.3538999557495117,18,9,9,1.1274991200155037e-06,0.006650180080843289,18,2
1360,OWB,Owensboro Daviess County Airport,Owensboro,United States,37.74010086,-87.16680145,4,2,2,1.113114210127208e-06,0.0005530628530390719,4,3
1361,SZZ,"Szczecin-Goleniów ""Solidarność"" Airport",Szczecin,Poland,53.584701538100006,14.9021997452,14,7,7,1.1073320166738116e-06,0.0065103729039413735,14,2
1362,SFT,Skellefteå Airport,Skelleftea,Sweden,64.62480163574219,21.076900482177734,6,3,3,1.1049962879587293e-06,0.0029022492976834386,6,2
1363,YAK,Yakutat Airport,Yakutat,United States,59.5032997131,-139.660003662,4,2,2,1.078620795181826e-06,1.2781585594016036e-05,4,21
1364,IXJ,Jammu Airport,Jammu,India,32.6890983582,74.8374023438,8,4,4,1.066889954258627e-06,0.0013318291894595731,24,9
1365,PHE,Port Hedland International Airport,Port Hedland,Australia,-20.3777999878,118.625999451,11,6,5,1.0560851129146426e-06,0.0006447880474679632,16,18
1366,JAI,Jaipur International Airport,Jaipur,India,26.8242,75.812202,18,9,9,1.0557237757416759e-06,0.003657139192082001,34,9
1367,YNC,Wemindji Airport,Wemindji,Canada,53.01060104370117,-78.83110046386719,4,2,2,1.045697776724241e-06,4.0621643520081217e-07,4,4
1368,KMI,Miyazaki Airport,Miyazaki,Japan,31.877199173,131.449005127,14,7,7,1.043284775818773e-06,0.0023311850131184707,22,18
1369,PBC,Hermanos Serdán International Airport,Puebla,Mexico,19.1581001282,-98.3713989258,12,6,6,1.0277372479604774e-06,0.0028928771720999075,14,3
1370,QRO,Querétaro Intercontinental Airport,Queretaro,Mexico,20.6173,-100.185997,10,5,5,1.0277372479604774e-06,0.0027097046947693482,14,3
1371,FNJ,Pyongyang Sunan International Airport,Pyongyang,North Korea,39.224098,125.669998,8,4,4,1.0270397972972818e-06,0.002089333453176864,10,20
1372,HDF,Heringsdorf Airport,Heringsdorf,Germany,53.8787002563,14.152299881,10,5,5,1.0045249701182628e-06,0.00648504336354817,10,2
1373,KLO,Kalibo International Airport,Kalibo,Philippines,11.679400444,122.375999451,16,8,8,1.0041396269205315e-06,0.0033710160516862327,36,18
1374,SDF,Louisville International Standiford Field,Louisville,United States,38.1744,-85.736,45,23,22,1.0012258196724586e-06,0.018483711499924307,83,3
1375,UIB,El Caraño Airport,Quibdo,Colombia,5.69076,-76.6412,6,3,3,9.876905537275441e-07,0.00045096935501128823,12,11
1376,CRD,General E. Mosconi Airport,Comodoro Rivadavia,Argentina,-45.7853,-67.4655,10,6,4,9.867375770910508e-07,3.8527245823972085e-05,14,11
1377,JMU,Jiamusi Airport,Jiamusi,China,46.84339904789999,130.464996338,14,7,7,9.854146928757777e-07,0.00293566270965584,20,20
1378,ORF,Norfolk International Airport,Norfolk,United States,36.89459991455078,-76.20120239257812,36,19,17,9.852561343828176e-07,0.01667052075989798,74,3
1379,TXN,Tunxi International Airport,Huangshan,China,29.733299255371097,118.25599670410156,36,18,18,9.787093047889937e-07,0.0060927259966224254,52,20
1380,JIC,Jinchuan Airport,Jinchuan,China,38.5422222222,102.348333333,8,4,4,9.751251689500284e-07,0.0003779660272751387,12,20
1381,MLL,Marshall Don Hunter Sr Airport,Marshall,United States,61.8642997742,-162.026000977,2,1,1,9.720129258905988e-07,1.4660885659425128e-06,3,21
1382,BVE,Brive Souillac Airport,Brive,France,45.039722,1.485556,9,5,4,9.63912377060668e-07,0.004217982975968825,11,2
1383,BHQ,Broken Hill Airport,Broken Hill,Australia,-32.0013999939,141.472000122,8,4,4,9.563352980536538e-07,0.00033904163341790135,8,18
1384,YNG,Youngstown Warren Regional Airport,Youngstown,United States,41.26070023,-80.67910004,8,4,4,9.51124215373253e-07,0.0003388412459666994,8,3
1385,YQG,Windsor Airport,Windsor,Canada,42.27560043334961,-82.95559692382812,6,3,3,9.466136904639137e-07,0.0018023231671688014,6,3
1386,HRI,Mattala Rajapaksa International Airport,Mattala,Sri Lanka,6.284467,81.124128,7,3,4,9.412761203004806e-07,0.0009083242111953336,13,9
1387,BJM,Bujumbura International Airport,Bujumbura,Burundi,-3.3240199089050293,29.318500518798828,7,4,3,9.332422976823038e-07,0.002394954636801273,27,9
1388,TZX,Trabzon International Airport,Trabzon,Turkey,40.99509811401367,39.78969955444336,14,7,7,9.222459405993507e-07,0.004716972151445866,20,2
1389,INN,Innsbruck Airport,Innsbruck,Austria,47.260201,11.344,12,6,6,9.170174916844364e-07,0.009994147620572434,16,2
1390,MUB,Maun Airport,Maun,Botswana,-19.97260093688965,23.43110084533691,12,6,6,9.082572393536885e-07,0.0006691335580179477,14,9
1391,YZG,Salluit Airport,Salluit,Canada,62.17940139770508,-75.66719818115234,4,2,2,9.014636006243457e-07,1.2272698607186e-10,4,4
1392,BTI,Barter Island LRRS Airport,Barter Island,United States,70.1340026855,-143.582000732,4,2,2,8.936247867058732e-07,1.8121389483195892e-06,4,21
1393,OMA,Eppley Airfield,Omaha,United States,41.3032,-95.894096,38,19,19,8.924533560697735e-07,0.01471382733061502,69,3
1394,JKH,Chios Island National Airport,Chios,Greece,38.34320068359375,26.140600204467773,9,5,4,8.883266873993437e-07,0.005109419384136813,12,2
1395,APW,Faleolo International Airport,Faleolo,Samoa,-13.829999923706056,-172.00799560546875,8,5,3,8.871393838696432e-07,0.0009488353178903237,11,18
1396,PVD,Theodore Francis Green State Airport,Providence,United States,41.732601,-71.420403,34,17,17,8.770829565464182e-07,0.012522447093033705,55,3
1397,LNZ,Linz Hörsching Airport,Linz,Austria,48.2332,14.1875,15,7,8,8.598367605654759e-07,0.00965363013298546,23,2
1398,ASF,Astrakhan Airport,Astrakhan,Russia,46.2832984924,48.0063018799,14,7,7,8.576872289133687e-07,0.004767612255405482,16,14
1399,KMQ,Komatsu Airport,Kanazawa,Japan,36.39459991455078,136.40699768066406,18,9,9,8.573875239905859e-07,0.0040375473163826595,34,18
1400,YAM,Sault Ste Marie Airport,Sault Sainte Marie,Canada,46.48500061035156,-84.5093994140625,8,4,4,8.551013048192822e-07,0.0014013834042773791,8,3
1401,MQN,"Mo i Rana Airport, Røssvoll",Mo i Rana,Norway,66.363899230957,14.301400184631,9,5,4,8.520790729379687e-07,0.0003438094442899306,9,12
1402,VPE,Ngjiva Pereira Airport,Ondjiva,Angola,-17.0435009003,15.683799743700002,12,6,6,8.465919031950378e-07,0.0003327492355160474,12,9
1403,LGB,Long Beach /Daugherty Field/ Airport,Long Beach,United States,33.81769943,-118.1520004,24,12,12,8.451408849080345e-07,0.007999732877125082,36,3
1404,GRQ,Eelde Airport,Groningen,Netherlands,53.1197013855,6.57944011688,11,6,5,8.367558593206956e-07,0.004644174717384628,13,2
1405,NNM,Naryan Mar Airport,Naryan-Mar,Russia,67.63999938964844,53.12189865112305,6,3,3,8.309142753580926e-07,9.70321455419811e-05,8,14
1406,LGK,Langkawi International Airport,Langkawi,Malaysia,6.329730033874512,99.72869873046876,10,5,5,8.241535642625052e-07,0.0013961046173780356,34,18
1407,PAT,Lok Nayak Jayaprakash Airport,Patina,India,25.591299057,85.0879974365,9,5,4,8.178596092872627e-07,0.0015158917713259392,25,9
1408,RPR,Raipur Airport,Raipur,India,21.180401,81.7388,13,6,7,8.176112022969605e-07,0.0016875998379589365,22,9
1409,KTA,Karratha Airport,Karratha,Australia,-20.712200164799995,116.773002625,10,5,5,8.027790617664483e-07,0.0007487183959837551,14,18
1410,FPO,Grand Bahama International Airport,Freeport,Bahamas,26.5587005615,-78.695602417,20,10,10,7.806838705730058e-07,0.006419897258512996,30,3
1411,CBR,Canberra International Airport,Canberra,Australia,-35.30690002441406,149.19500732421875,12,6,6,7.771309002984016e-07,0.0008571432247682461,26,18
1412,PIS,Poitiers-Biard Airport,Poitiers,France,46.58769989013672,0.3066659867763519,10,5,5,7.730437300497356e-07,0.0027961645410006382,14,2
1413,LIH,Lihue Airport,Lihue,United States,21.97599983215332,-159.33900451660156,22,11,11,7.665934051373411e-07,0.005782784827442515,42,3
1414,ECN,Ercan International Airport,Nicosia,Cyprus,35.154701232910156,33.49610137939453,16,8,8,7.633575618993157e-07,0.004716805549649506,28,2
1415,STI,Cibao International Airport,Santiago,Dominican Republic,19.406099319458008,-70.60469818115234,16,8,8,7.542333359701079e-07,0.006213647528933453,22,3
1416,LAU,Manda Airstrip,Lamu,Kenya,-2.252419948577881,40.91310119628906,4,2,2,7.525261361733669e-07,6.839569084156681e-06,8,9
1417,KOC,Koumac Airport,Koumac,New Caledonia,-20.546300888061523,164.25599670410156,4,2,2,7.525261361733669e-07,8.706013154356303e-28,4,19
1418,KOT,Kotlik Airport,Kotlik,United States,63.0306015015,-163.533004761,4,2,2,7.525261361733669e-07,1.4847531216709573e-06,5,21
1419,ELD,South Arkansas Regional At Goodwin Field,El Dorado,United States,33.22100067138672,-92.81330108642578,5,3,2,7.346348893402772e-07,0.0003533441064441618,5,3
1420,KIT,Kithira Airport,Kithira,Greece,36.2742996216,23.0170001984,6,3,3,7.325137637017689e-07,0.0038866311705551483,8,2
1421,MJF,Mosjøen Airport (Kjærstad),Mosjoen,Norway,65.783996582031,13.214900016785,9,4,5,7.211708804994766e-07,0.00031382190636425897,9,12
1422,OIT,Oita Airport,Oita,Japan,33.479400634799994,131.736999512,10,5,5,7.169492267277219e-07,0.0024300716518887875,18,18
1423,RGI,Rangiroa Airport,Rangiroa,French Polynesia,-14.954299926757812,-147.66099548339844,11,6,5,7.054932526625315e-07,3.978593854435352e-05,11,17
1424,ORB,Örebro Airport,Orebro,Sweden,59.22370147705078,15.038000106811523,4,2,2,6.912583144476403e-07,0.00012633496389438778,4,2
1425,MAG,Madang Airport,Madang,Papua New Guinea,-5.20707988739,145.789001465,14,7,7,6.898156248255863e-07,5.6982551721720736e-05,16,0
1426,PRN,Priština International Airport,Pristina,Serbia,42.5728,21.035801,34,17,17,6.836001988511327e-07,0.02360093064140229,42,2
1427,NBC,Begishevo Airport,Nizhnekamsk,Russia,55.564701080322266,52.092498779296875,14,7,7,6.742779908482125e-07,0.006386433667289834,14,14
1428,BDJ,Syamsudin Noor Airport,Banjarmasin,Indonesia,-3.4423599243164062,114.76300048828124,14,7,7,6.711820834600562e-07,0.00042635045536047706,27,18
1429,BKG,Branson Airport,Branson,United States,36.532082,-93.200544,8,4,4,6.704817215396103e-07,0.001498892650636031,8,3
1430,AOR,Sultan Abdul Halim Airport,Alor Setar,Malaysia,6.189670085906982,100.39800262451172,4,2,2,6.638587458153631e-07,0.0005633872173335037,10,18
1431,TAI,Ta'izz International Airport,Taiz,Yemen,13.6859998703,44.1390991211,12,6,6,6.553826748441988e-07,0.0026667663373982336,14,9
1432,ZFN,Tulita Airport,Tulita,Canada,64.909697,-125.572998,4,2,2,6.271051134778057e-07,4.0135896547061213e-07,4,4
1433,BUS,Batumi International Airport,Batumi,Georgia,41.6102981567,41.5997009277,10,5,5,6.249418306517833e-07,0.00404340231003542,12,2
1434,ABA,Abakan Airport,Abakan,Russia,53.7400016784668,91.38500213623048,8,4,4,6.223129180924691e-07,0.0026617812728864276,8,14
1435,MIM,Merimbula Airport,Merimbula,Australia,-36.9085998535,149.901000977,6,3,3,6.198650842653595e-07,0.0004645110446052195,6,18
1436,AXT,Akita Airport,Akita,Japan,39.6156005859375,140.218994140625,10,5,5,6.187222933828338e-07,0.0016300400464075448,16,18
1437,HAQ,Hanimaadhoo Airport,Haa Dhaalu Atoll,Maldives,6.744229793548584,73.17050170898438,4,2,2,6.180591436814275e-07,0.00012822605434163742,4,9
1438,MXZ,Meixian Airport,Meixian,China,24.350000381469727,116.13300323486328,10,5,5,6.144400102374149e-07,0.0018509184113196047,10,20
1439,NER,Chulman Airport,Neryungri,Russia,56.913898468018,124.91400146484,8,4,4,6.115294043661131e-07,0.0008982183037619392,10,14
1440,HIA,Lianshui Airport,Huai An,China,33.7908333333,119.125,24,12,12,6.063472577719248e-07,0.00429898575593853,24,20
1441,PGF,Perpignan-Rivesaltes (Llabanère) Airport,Perpignan,France,42.74039840698242,2.8706700801849365,10,5,5,6.042018048994806e-07,0.005201286033578287,10,2
1442,DSA,Robin Hood Doncaster Sheffield Airport,"Doncaster, Sheffield",United Kingdom,53.4805378105,-1.01065635681,16,8,8,6.023183615203644e-07,0.00499591444271228,18,2
1443,TAK,Takamatsu Airport,Takamatsu,Japan,34.214199066199996,134.01600647,12,6,6,5.981851212174845e-07,0.003663096953710341,16,18
1444,SDD,Lubango Airport,Lubango,Angola,-14.924699783325195,13.574999809265137,6,3,3,5.960223760100722e-07,0.00036738584309753663,6,9
1445,OSR,Ostrava Leos Janáček Airport,Ostrava,Czech Republic,49.6963005065918,18.111099243164062,6,3,3,5.884237257024865e-07,0.004741189768736142,8,2
1446,TLN,Toulon-Hyères Airport,Hyeres,France,43.0973014832,6.14602994919,6,3,3,5.678594175835206e-07,0.0025105496439808465,6,2
1447,MUR,Marudi Airport,Marudi,Malaysia,4.178979873657227,114.3290023803711,10,5,5,5.643946021300252e-07,2.906218087605343e-05,10,18
1448,DUT,Unalaska Airport,Unalaska,United States,53.900100708,-166.544006348,6,3,3,5.643946021300252e-07,1.59034513865564e-31,6,23
1449,DIR,Aba Tenna Dejazmach Yilma International Airport,Dire Dawa,Ethiopia,9.624699592590332,41.85419845581055,6,3,3,5.540921609800327e-07,0.0005702789451975452,6,9
1450,MHH,Leonard M Thompson International Airport,Marsh Harbor,Bahamas,26.5114,-77.083503,12,6,6,5.527192103027114e-07,0.002966234743695393,28,3
1451,CFE,Clermont-Ferrand Auvergne Airport,Clermont-Ferrand,France,45.7867012024,3.1691699028,12,6,6,5.524231729223815e-07,0.008593576617745844,18,2
1452,BOB,Bora Bora Airport,Bora Bora,French Polynesia,-16.444400787353516,-151.75100708007812,12,5,7,5.487169742930801e-07,3.925881061213372e-05,12,17
1453,RDZ,Rodez-Marcillac Airport,Rodez,France,44.407901763916016,2.4826700687408447,8,4,4,5.442227877323501e-07,0.004413693814810287,8,2
1454,YYJ,Victoria International Airport,Victoria,Canada,48.646900177,-123.426002502,16,8,8,5.421723505704113e-07,0.004852508080489037,26,3
1455,ROC,Greater Rochester International Airport,Rochester,United States,43.118900299072266,-77.67240142822266,36,18,18,5.37523851041204e-07,0.015406746804707345,60,3
1456,YHO,Hopedale Airport,Hopedale,Canada,55.448299407958984,-60.22859954833984,6,3,3,5.330393464561349e-07,8.160325914259403e-08,8,4
1457,GPA,Araxos Airport,Patras,Greece,38.1511,21.4256,6,3,3,5.295468437435536e-07,0.004387810171763707,6,2
1458,PZH,Zhob Airport,Zhob,Pakistan,31.358400344848633,69.4636001586914,4,2,2,5.098977847849617e-07,2.2503836383204334e-05,4,9
1459,BVG,Berlevåg Airport,Berlevag,Norway,70.871399,29.034201,8,4,4,5.08179108028979e-07,1.8653712715977461e-06,8,12
1460,VCA,Can Tho International Airport,Can Tho,Vietnam,10.085100174,105.711997986,6,3,3,5.064524958150194e-07,0.0002896900917234231,6,18
1461,ZAZ,Zaragoza Air Base,Zaragoza,Spain,41.66619873046875,-1.0415500402450562,16,8,8,5.057995339100031e-07,0.006122676405477631,16,2
1462,YCB,Cambridge Bay Airport,Cambridge Bay,Canada,69.1081008911,-105.138000488,8,4,4,5.016840907822446e-07,1.4502877007652011e-05,12,4
1463,SEN,Southend Airport,Southend,United Kingdom,51.5713996887207,0.6955559849739075,28,14,14,4.921674660283242e-07,0.016862435256372273,28,2
1464,HKD,Hakodate Airport,Hakodate,Japan,41.7700004578,140.822006226,12,6,6,4.767047442693355e-07,0.0016822041316280683,20,18
1465,GBT,Gorgan Airport,Gorgan,Iran,36.9094009399,54.4012985229,8,4,4,4.712409891368599e-07,0.0008220626229611433,12,9
1466,BFI,Boeing Field King County International Airport,Seattle,United States,47.529998779296875,-122.302001953125,4,2,2,4.703288351083543e-07,4.970532989992945e-33,4,22
1467,KRL,Korla Airport,Korla,China,41.69779968261719,86.12889862060547,10,5,5,4.7029885599897377e-07,0.0010805574297972438,20,20
1468,YNZ,Yancheng Airport,Yancheng,China,33.425833,120.203056,23,12,11,4.6907925083500936e-07,0.004817891549965922,33,20
1469,OSI,Osijek Airport,Osijek,Croatia,45.46269989013672,18.810199737548828,8,4,4,4.502506391809927e-07,0.002921428631997625,8,2
1470,GIB,Gibraltar Airport,Gibraltar,Gibraltar,36.1511993408,-5.3496599197400005,10,5,5,4.4994186660078195e-07,0.007150515229414077,12,2
1471,EGO,Belgorod International Airport,Belgorod,Russia,50.643798828125,36.5900993347168,18,9,9,4.4970767664775813e-07,0.0032910116919217147,22,14
1472,SOW,Show Low Regional Airport,Show Low,United States,34.265499115,-110.005996704,4,2,2,4.42735583636696e-07,0.0005626624477622596,12,3
1473,PSR,Pescara International Airport,Pescara,Italy,42.431702,14.1811,18,9,9,4.356216584745367e-07,0.005023259244743475,18,2
1474,VOZ,Voronezh International Airport,Voronezh,Russia,51.81420135498047,39.22959899902344,12,6,6,4.3517023756936666e-07,0.005382191843068221,16,14
1475,OAX,Xoxocotlán International Airport,Oaxaca,Mexico,16.9999008179,-96.726600647,10,5,5,4.3136328579017514e-07,0.0023775921175877785,12,3
1476,BJF,Båtsfjord Airport,Batsfjord,Norway,70.60050201416,29.691400527954,8,3,5,4.2889510439642784e-07,2.290293512038077e-06,8,12
1477,RNO,Reno Tahoe International Airport,Reno,United States,39.49909973144531,-119.76799774169922,27,14,13,4.2619444468725877e-07,0.009147285198695065,56,3
1478,MJZ,Mirny Airport,Mirnyj,Russia,62.534698486328125,114.03900146484376,12,6,6,4.232959515975189e-07,0.001819510423944473,17,14
1479,OVS,Sovetskiy Airport,Sovetskiy,Russia,61.326622009277344,63.60191345214844,10,5,5,4.1799979105593117e-07,0.001118509595150889,10,14
1480,LCG,A Coruña Airport,La Coruna,Spain,43.302101,-8.37726,12,6,6,4.1555329323683244e-07,0.008070550305984706,24,2
1481,IPN,Usiminas Airport,Ipatinga,Brazil,-19.470699310303,-42.487598419189,6,3,3,4.1466464220597e-07,0.0007758812268572066,6,11
1482,MOC,Mário Ribeiro Airport,Montes Claros,Brazil,-16.706899642899998,-43.818901062,4,2,2,4.1466464220597e-07,7.85263320427132e-05,6,11
1483,GEV,Gällivare Airport,Gallivare,Sweden,67.13240051269531,20.814599990844727,8,4,4,4.0761832376057375e-07,0.0014429045127677652,12,2
1484,AUX,Araguaína Airport,Araguaina,Brazil,-7.22787,-48.240501,6,3,3,4.044827981931848e-07,0.00012776427275840984,8,11
1485,IMP,Prefeito Renato Moreira Airport,Imperatriz,Brazil,-5.53129,-47.459999,9,5,4,4.030989713792644e-07,0.0002473445684001902,13,11
1486,LUZ,Lublin Airport,Lublin,Poland,51.240278,22.713611,12,6,6,3.9746260185531727e-07,0.006464672830441279,12,2
1487,BLZ,Chileka International Airport,Blantyre,Malawi,-15.679100036621094,34.9739990234375,8,4,4,3.9552398809833766e-07,0.0009278355007285154,10,9
1488,FTE,El Calafate Airport,El Calafate,Argentina,-50.2803,-72.053101,6,3,3,3.9480577780406975e-07,0.00040324239017813606,8,11
1489,PNS,Pensacola Regional Airport,Pensacola,United States,30.473400115967,-87.186599731445,22,11,11,3.9263495670518793e-07,0.008466320558332614,42,3
1490,JAN,Jackson-Medgar Wiley Evers International Airport,Jackson,United States,32.3111991882,-90.0758972168,18,9,9,3.921129384232721e-07,0.007079829236004322,36,3
1491,IXR,Birsa Munda Airport,Ranchi,India,23.314300537100003,85.3217010498,7,3,4,3.9203916972775807e-07,0.0008915171058585065,21,9
1492,ACY,Atlantic City International Airport,Atlantic City,United States,39.45759963989258,-74.57720184326172,18,9,9,3.9020929750441896e-07,0.006182403268095015,20,3
1493,ISU,Sulaymaniyah International Airport,Sulaymaniyah,Iraq,35.5617485046,45.3167381287,16,8,8,3.8474580582845214e-07,0.010998342528127985,20,9
1494,LXS,Limnos Airport,Limnos,Greece,39.917098999,25.236299514799995,8,4,4,3.809300032023901e-07,0.0021058972189660235,10,2
1495,BUF,Buffalo Niagara International Airport,Buffalo,United States,42.94049835,-78.73220062,40,20,20,3.8087220197694666e-07,0.016000344966473037,71,3
1496,JNG,Jining Qufu Airport,Jining,China,35.292778,116.346667,18,9,9,3.773941094005747e-07,0.00336306943192846,20,20
1497,ELH,North Eleuthera Airport,North Eleuthera,Bahamas,25.474899292,-76.6835021973,8,4,4,3.770301048138307e-07,0.001992716577749855,16,3
1498,YLH,Lansdowne House Airport,Lansdowne House,Canada,52.19559860229492,-87.93419647216797,4,2,2,3.7626306808668347e-07,6.291518404654121e-07,4,3
1499,YMN,Makkovik Airport,Makkovik,Canada,55.076900482177734,-59.1864013671875,6,3,3,3.7626306808668347e-07,1.5752603497560826e-07,8,4
1500,ERS,Eros Airport,Windhoek,Namibia,-22.612199783325195,17.080400466918945,6,3,3,3.7626306808668347e-07,3.135510160881932e-30,6,26
1501,WRG,Wrangell Airport,Wrangell,United States,56.48429871,-132.3699951,4,2,2,3.7626306808668347e-07,1.00337382700434e-05,4,21
1502,IPA,Ipota Airport,Ipota,Vanuatu,-18.856389,169.283333,6,3,3,3.7626306808668347e-07,9.754008389127085e-06,6,18
1503,JEG,Aasiaat Airport,Aasiaat,Greenland,68.7218017578,-52.7846984863,6,3,3,3.7626306808668347e-07,2.3882370213243778e-05,6,1
1504,EGM,Sege Airport,Sege,Solomon Islands,-8.578889846801758,157.87600708007812,7,3,4,3.7626306808668347e-07,4.032997367187209e-06,7,0
1505,EYW,Key West International Airport,Key West,United States,24.55610084533691,-81.75959777832031,16,8,8,3.718315503237256e-07,0.004948901666339157,33,3
1506,VFA,Victoria Falls International Airport,Victoria Falls,Zimbabwe,-18.09589958190918,25.839000701904297,10,5,5,3.7155977973559996e-07,0.0006141097435526523,14,9
1507,PGK,Pangkal Pinang (Depati Amir) Airport,Pangkal Pinang,Indonesia,-2.16219997406,106.138999939,8,4,4,3.637209658171273e-07,0.0002944870585672552,14,18
1508,DYG,Dayong Airport,Dayong,China,29.1028,110.443001,24,12,12,3.608125908599494e-07,0.004679791769898076,42,20
1509,MQL,Mildura Airport,Mildura,Australia,-34.229198455799995,142.085998535,8,4,4,3.5966719291817844e-07,0.0005358095019122593,12,18
1510,TYF,Torsby Airport,Torsby,Sweden,60.1576004028,12.991299629199998,4,2,2,3.5845434765682866e-07,0.0004414561129991904,4,2
1511,PJA,Pajala Airport,Pajala,Sweden,67.24559783935547,23.06889915466309,4,2,2,3.552445056985369e-07,0.0004429946800119263,4,2
1512,MZV,Mulu Airport,Mulu,Malaysia,4.048329830169678,114.80500030517578,8,4,4,3.5222403873670097e-07,0.0002620498408734021,12,18
1513,LSI,Sumburgh Airport,Sumburgh,United Kingdom,59.87889862060547,-1.295560002326965,10,5,5,3.469360759934886e-07,0.002342399815883659,10,2
1514,SOG,Sogndal Airport,Sogndal,Norway,61.156101,7.13778,8,4,4,3.451061065198217e-07,0.0018243857191041024,8,2
1515,YPJ,Aupaluk Airport,Aupaluk,Canada,59.29669952392578,-69.59970092773438,6,3,3,3.449078124127932e-07,1.3736955118546506e-05,6,4
1516,DCM,Castres-Mazamet Airport,Castres,France,43.55630111694336,2.289180040359497,6,3,3,3.3983899855421596e-07,0.0012610132914282325,6,2
1517,ACH,St Gallen Altenrhein Airport,Altenrhein,Switzerland,47.4850006104,9.560770034789998,4,2,2,3.3102064746547857e-07,0.0017150391438621826,4,2
1518,MPN,Mount Pleasant Airport,Mount Pleasant,Falkland Islands,-51.82279968261719,-58.44720077514648,2,1,1,3.29230184575848e-07,4.209621396910547e-07,2,11
1519,COS,City of Colorado Springs Municipal Airport,Colorado Springs,United States,38.805801,-104.700996,22,11,11,3.2243833186015704e-07,0.009951355717389108,27,3
1520,AES,Ålesund Airport,Alesund,Norway,62.5625,6.119699954986572,20,10,10,3.221466386990139e-07,0.010917541645030473,26,2
1521,CIY,Comiso Airport,Comiso,Italy,36.994601,14.607182,16,8,8,3.163145560964207e-07,0.005846495124082865,16,2
1522,NMA,Namangan Airport,Namangan,Uzbekistan,40.9846000671,71.5567016602,18,9,9,3.146248618343415e-07,0.0039280188573832305,24,14
1523,PAD,Paderborn Lippstadt Airport,Paderborn,Germany,51.614101409899995,8.616319656369999,16,8,8,3.131707038713544e-07,0.008393794872028387,22,2
1524,KSC,Košice Airport,Kosice,Slovakia,48.66310119628906,21.241100311279297,8,4,4,3.1173961178184416e-07,0.0040668996973720565,11,2
1525,AZD,Shahid Sadooghi Airport,Yazd,Iran,31.9048995972,54.2765007019,8,4,4,3.025070084760856e-07,0.0008255289916782421,14,9
1526,NCU,Nukus Airport,Nukus,Uzbekistan,42.488399505615234,59.62329864501953,6,3,3,2.988954808907316e-07,0.0021571862891466946,8,14
1527,BTK,Bratsk Airport,Bratsk,Russia,56.370601654052734,101.697998046875,8,4,4,2.988954808907316e-07,0.0021321908728750773,8,14
1528,BSR,Basrah International Airport,Basrah,Iraq,30.549100875854492,47.66210174560547,14,7,7,2.8692359790618634e-07,0.0069494350821478704,16,9
1529,LDY,City of Derry Airport,Londonderry,United Kingdom,55.04280090332031,-7.161109924316406,10,5,5,2.8493186389105016e-07,0.003637127051288913,10,2
1530,PEE,Bolshoye Savino Airport,Perm,Russia,57.914501190186,56.021198272705,10,5,5,2.834116359934803e-07,0.004977899226154331,12,14
1531,BWT,Wynyard Airport,Burnie,Australia,-40.9989013671875,145.7310028076172,6,3,3,2.821973010650126e-07,0.00021523173082468476,6,18
1532,VVC,Vanguardia Airport,Villavicencio,Colombia,4.16787,-73.6138,8,4,4,2.821973010650126e-07,0.00039530703038086657,14,11
1533,WMN,Maroantsetra Airport,Maroantsetra,Madagascar,-15.436699867248535,49.68830108642578,8,4,4,2.821973010650126e-07,8.280547574556827e-05,8,9
1534,YUY,Rouyn Noranda Airport,Rouyn,Canada,48.20610046386719,-78.83560180664062,6,3,3,2.8099132969293995e-07,0.0009436855915073714,10,4
1535,PNL,Pantelleria Airport,Pantelleria,Italy,36.816502,11.9689,6,3,3,2.8057560606658027e-07,0.0019216498659024605,6,2
1536,SVD,Argyle International Airport,Kingstown,Saint Vincent and the Grenadines,13.156695,-61.149945,9,5,4,2.7883373727454076e-07,0.00036908565466751086,9,3
1537,NJF,Al Najaf International Airport,Najaf,Iraq,31.989853,44.404317,17,8,9,2.741779617701915e-07,0.0066980172689882645,21,9
1538,PEG,Perugia San Francesco d'Assisi – Umbria International Airport,Perugia,Italy,43.095901,12.5132,10,5,5,2.741020521622857e-07,0.0032947870898062306,10,2
1539,IAS,Iaşi Airport,Iasi,Romania,47.17850112915039,27.6205997467041,14,7,7,2.7072409715073477e-07,0.008016088893420134,24,2
1540,ELQ,Gassim Airport,Gassim,Saudi Arabia,26.302799224853516,43.77439880371094,19,10,9,2.67429765440376e-07,0.007629530135274757,25,9
1541,YNB,Prince Abdulmohsin Bin Abdulaziz Airport,Yenbo,Saudi Arabia,24.144199,38.0634,15,8,7,2.67429765440376e-07,0.006219770605934014,19,9
1542,ELG,El Golea Airport,El Golea,Algeria,30.571300506591797,2.8595900535583496,4,2,2,2.6651967322806744e-07,1.4281795409062768e-05,4,2
1543,MQP,Kruger Mpumalanga International Airport,Mpumalanga,South Africa,-25.3831996918,31.1056003571,8,4,4,2.649519104443729e-07,0.0006334784164819301,8,9
1544,OXB,Osvaldo Vieira International Airport,Bissau,Guinea-Bissau,11.894800186157228,-15.65369987487793,10,5,5,2.636945923920327e-07,0.0014353626504332523,14,13
1545,BFJ,Bijie Feixiong Airport,Bijie,China,27.267066,105.472097,14,7,7,2.6349596693853207e-07,0.0016804706909487425,16,20
1546,YNP,Natuashish Airport,Natuashish,Canada,55.913898,-61.184399,4,2,2,2.508420453911223e-07,7.932751994456719e-08,8,4
1547,TUS,Tucson International Airport,Tucson,United States,32.1161003112793,-110.94100189208984,31,15,16,2.5029238439792546e-07,0.011392401789640898,62,3
1548,PUF,Pau Pyrénées Airport,Pau,France,43.380001068115234,-0.4186109900474548,8,4,4,2.475175179293648e-07,0.005129762332828778,10,2
1549,JKL,Kalymnos Airport,Kalymnos,Greece,36.9632987976,26.9405994415,6,3,3,2.4499245967852617e-07,0.001738846756754149,12,2
1550,CFB,Cabo Frio Airport,Cabo Frio,Brazil,-22.921699523900003,-42.074298858599995,6,3,3,2.445709942563443e-07,7.046244101299094e-05,6,11
1551,SJK,Professor Urbano Ernesto Stumpf Airport,Sao Jose Dos Campos,Brazil,-23.22920036315918,-45.86149978637695,4,2,2,2.445709942563443e-07,3.0084174592908265e-05,6,11
1552,MWX,Muan International Airport,Muan,South Korea,34.991406,126.382814,10,5,5,2.3989458523970405e-07,0.00251941584111481,12,20
1553,FNI,Nîmes-Arles-Camargue Airport,Nimes,France,43.75740051269531,4.4163498878479,8,4,4,2.389101842429752e-07,0.0022055912402526644,8,2
1554,IDR,Devi Ahilyabai Holkar Airport,Indore,India,22.7217998505,75.8011016846,14,7,7,2.3842070916232695e-07,0.0019040672358615603,32,9
1555,HSG,Saga Airport,Saga,Japan,33.149700164799995,130.302001953,5,2,3,2.3389762033046677e-07,0.001252839093008549,5,18
1556,JMK,Mikonos Airport,Mykonos,Greece,37.43510055541992,25.348100662231445,19,10,9,2.3314347233021884e-07,0.016411774867029553,26,2
1557,LZH,Liuzhou Bailian Airport,Liuzhou,China,24.2075,109.390999,26,13,13,2.292928660077873e-07,0.00488282304347555,28,20
1558,NEV,Vance W. Amory International Airport,Charlestown,Saint Kitts and Nevis,17.205699920654297,-62.589900970458984,11,6,5,2.282751929413122e-07,0.0009679265992933894,17,3
1559,TJU,Kulob Airport,Kulyab,Tajikistan,37.98809814453125,69.80500030517578,7,3,4,2.2141126221913364e-07,0.0024659320698100615,13,14
1560,JTC,Bauru - Arealva Airport,Bauru,Brazil,-22.1668591409,-49.0502866745,6,3,3,2.209942539323229e-07,5.6663487265346706e-05,6,11
1561,MAS,Momote Airport,Momote,Papua New Guinea,-2.06189,147.423996,10,5,5,2.19486789717232e-07,5.611751736827618e-05,10,0
1562,IXE,Mangalore International Airport,Mangalore,India,12.9612998962,74.8900985718,15,8,7,2.1533082239568144e-07,0.0038343622457972524,31,9
1563,CRW,Yeager Airport,Charleston,United States,38.37310028076172,-81.59320068359375,12,9,3,2.1360675464247555e-07,0.007739372424372292,21,3
1564,BQS,Ignatyevo Airport,Blagoveschensk,Russia,50.42539978027344,127.41200256347656,10,5,5,2.133535638821194e-07,0.0014624299164759569,10,14
1565,ERF,Erfurt Airport,Erfurt,Germany,50.97980117797851,10.958100318908691,12,6,6,2.1333143379456572e-07,0.00637262293494097,12,2
1566,FUG,Fuyang Xiguan Airport,Fuyang,China,32.882157,115.734364,18,9,9,1.9569581030049574e-07,0.0031368964562006893,22,20
1567,YCL,Charlo Airport,Charlo,Canada,47.990799,-66.330299,4,2,2,1.9204271362158987e-07,0.0002468143210568659,4,4
1568,SKT,Sialkot Airport,Sialkot,Pakistan,32.5355567932,74.3638916016,18,9,9,1.8977740406818332e-07,0.0049327781242532,23,9
1569,HAS,Ha'il Airport,Hail,Saudi Arabia,27.437901,41.686298,10,5,5,1.8977740406818332e-07,0.0033142868125545827,10,9
1570,SLL,Salalah Airport,Salalah,Oman,17.038700103759766,54.09130096435547,12,6,6,1.8977740406818332e-07,0.0041595236441662655,14,9
1571,IMF,Imphal Airport,Imphal,India,24.7600002289,93.896697998,10,5,5,1.8813153404334173e-07,0.00018018965436596604,18,9
1572,LLI,Lalibella Airport,Lalibella,Ethiopia,11.975000381469728,38.97999954223633,6,3,3,1.8813153404334173e-07,2.0166635281028585e-05,6,9
1573,JGD,Jiagedaqi Airport,Jiagedaqi District,China,50.371389,124.1175,6,3,3,1.8813153404334173e-07,0.00017990215898301478,8,20
1574,YYE,Fort Nelson Airport,Fort Nelson,Canada,58.8363990784,-122.597000122,6,3,3,1.8813153404334173e-07,4.203387208826245e-05,6,3
1575,KKA,Koyuk Alfred Adams Airport,Koyuk,United States,64.9394989014,-161.154006958,7,3,4,1.8813153404334173e-07,1.5755190394517622e-06,10,21
1576,WIN,Winton Airport,Winton,Australia,-22.36359977722168,143.08599853515625,4,2,2,1.8813153404334173e-07,1.2573404442431709e-05,4,18
1577,USK,Usinsk Airport,Usinsk,Russia,66.00469970703125,57.3671989440918,4,2,2,1.8813153404334173e-07,5.7300082806878545e-05,4,14
1578,FRD,Friday Harbor Airport,Friday Harbor,United States,48.5219993591,-123.024002075,2,1,1,1.8813153404334173e-07,2.8324099654294874e-33,2,22
1579,ESD,Orcas Island Airport,Eastsound,United States,48.7081985474,-122.910003662,2,1,1,1.8813153404334173e-07,3.752144343483017e-33,2,22
1580,MHT,Manchester-Boston Regional Airport,Manchester NH,United States,42.932598,-71.435699,26,13,13,1.856599533428875e-07,0.009981461672181157,40,3
1581,MLN,Melilla Airport,Melilla,Spain,35.279800415,-2.9562599659,8,4,4,1.8147654659314427e-07,0.0034517831711119063,10,2
1582,JIK,Ikaria Airport,Ikaria,Greece,37.6827011108,26.3470993042,5,3,2,1.7904837697667062e-07,0.002120156591103234,7,2
1583,KGA,Kananga Airport,Kananga,Congo (Kinshasa),-5.90005016327,22.4692001343,6,3,3,1.7872495734117464e-07,0.00015007670481347746,6,13
1584,YTY,Yangzhou Taizhou Airport,Yangzhou,China,32.5634,119.7198,26,13,13,1.7802501928273562e-07,0.004254600164220748,36,20
1585,IXM,Madurai Airport,Madurai,India,9.83450984955,78.09339904790001,6,3,3,1.7693322844552379e-07,0.000833026287241091,16,9
1586,MZR,Mazar I Sharif Airport,Mazar-i-sharif,Afghanistan,36.70690155029297,67.20970153808594,6,3,3,1.7344520764737589e-07,0.002083932973037269,8,9
1587,LEB,Lebanon Municipal Airport,Lebanon,United States,43.626098632799994,-72.30419921880001,4,2,2,1.7164247735213587e-07,0.0009848705256896206,4,3
1588,CUL,Bachigualato Federal International Airport,Culiacan,Mexico,24.7644996643,-107.474998474,14,7,7,1.7124607550078698e-07,0.0012057638861615399,32,3
1589,KOW,Ganzhou Airport,Ganzhou,China,25.853333,114.778889,20,10,10,1.6921190124349704e-07,0.0035812726982692926,26,20
1590,LCK,Rickenbacker International Airport,Columbus,United States,39.813801,-82.927803,4,2,2,1.685395512860505e-07,0.00013866659736144242,4,3
1591,GOU,Garoua International Airport,Garoua,Cameroon,9.33588981628418,13.370100021362305,4,2,2,1.6853449924716033e-07,0.0002433449551924775,4,13
1592,PNP,Girua Airport,Girua,Papua New Guinea,-8.80453968048,148.309005737,6,3,3,1.64615092287924e-07,5.3739305607769e-05,8,0
1593,HRL,Valley International Airport,Harlingen,United States,26.228500366210938,-97.65440368652344,12,6,6,1.6430979012404432e-07,0.0020969919090592197,15,3
1594,MMU,Morristown Municipal Airport,Morristown,United States,40.79940032958984,-74.41490173339844,4,2,2,1.6152699637192105e-07,0.00045393229707460135,4,3
1595,HYN,Huangyan Luqiao Airport,Huangyan,China,28.56220054626465,121.4290008544922,14,7,7,1.608517964738705e-07,0.002808782244129667,28,20
1596,BHI,Comandante Espora Airport,Bahia Blanca,Argentina,-38.725,-62.1693,6,3,3,1.6025156676922007e-07,3.1019819622526054e-05,8,11
1597,RTW,Saratov Central Airport,Saratov,Russia,51.564998626708984,46.04669952392578,10,5,5,1.5823490774136246e-07,0.0032708247544308016,10,14
1598,YBK,Baker Lake Airport,Baker Lake,Canada,64.29889678960001,-96.077796936,7,3,4,1.5677627836945142e-07,1.8756571291131307e-06,12,4
1599,ZTB,Tête-à-la-Baleine Airport,Tête-à-la-Baleine,Canada,50.67440032958984,-59.38359832763672,4,2,2,1.5677627836945142e-07,6.9354100754820736e-09,4,4
1600,ZQW,Zweibrücken Airport,Zweibruecken,Germany,49.2094,7.40056,11,6,5,1.5617740872295944e-07,0.005203823663539971,11,2
1601,YBC,Baie Comeau Airport,Baie Comeau,Canada,49.13249969482422,-68.20439910888672,8,4,4,1.46482088602531e-07,0.0010903174558117281,12,4
1602,SMI,Samos Airport,Samos,Greece,37.689998626708984,26.911699295043945,15,8,7,1.4462941975024374e-07,0.010778089685330828,18,2
1603,NBS,Changbaishan Airport,Baishan,China,42.066944,127.602222,8,4,4,1.441060019722152e-07,0.0017222028236759295,10,20
1604,PMF,Parma Airport,Parma,Italy,44.824501,10.2964,8,4,4,1.424073916141065e-07,0.001989156128199579,8,2
1605,BYC,Yacuiba Airport,Yacuiba,Bolivia,-21.960899353027344,-63.65169906616211,4,2,2,1.410986505325063e-07,1.6778441575090387e-06,8,11
1606,BTT,Bettles Airport,Bettles,United States,66.91390228,-151.529007,6,3,3,1.410986505325063e-07,1.1550402724806788e-05,8,21
1607,KTS,Brevig Mission Airport,Brevig Mission,United States,65.3312988281,-166.466003418,6,3,3,1.410986505325063e-07,1.5543547965801575e-06,8,21
1608,IAM,In Aménas Airport,Zarzaitine,Algeria,28.0515,9.64291,4,2,2,1.4109865053250628e-07,5.3214728874519546e-05,4,2
1609,LYA,Luoyang Airport,Luoyang,China,34.741100311299995,112.388000488,18,9,9,1.402038369368076e-07,0.0030880022055001927,18,20
1610,IQN,Qingyang Airport,Qingyang,China,35.799702,107.602997,6,3,3,1.3829876250837003e-07,0.00037328089989974205,12,20
1611,KZO,Kzyl-Orda Southwest Airport,Kzyl-Orda,Kazakhstan,44.706902,65.592499,8,4,4,1.316920738303392e-07,0.0007915530169850667,8,14
1612,YPY,Fort Chipewyan Airport,Fort Chipewyan,Canada,58.7672004699707,-111.11699676513672,4,2,2,1.316920738303392e-07,5.069222758079466e-05,4,4
1613,CPV,Presidente João Suassuna Airport,Campina Grande,Brazil,-7.26992,-35.8964,4,2,2,1.294931338220404e-07,0.0001873931132377694,4,11
1614,TOF,Bogashevo Airport,Tomsk,Russia,56.380298614502,85.208297729492,8,4,4,1.2909636401997323e-07,0.002721951369154933,10,14
1615,HDG,Handan Airport,Handan,China,36.5258333333,114.425555556,12,6,6,1.2750715391426934e-07,0.002417152400486497,12,20
1616,GRZ,Graz Airport,Graz,Austria,46.9911003112793,15.439599990844728,22,11,11,1.2562458203006107e-07,0.016009059771195246,38,2
1617,SLA,Martin Miguel De Guemes International Airport,Salta,Argentina,-24.856000900299996,-65.4861984253,8,4,4,1.2542102269556114e-07,7.104867727130706e-05,12,11
1618,YEK,Arviat Airport,Eskimo Point,Canada,61.0942001343,-94.0708007812,6,3,3,1.2542102269556114e-07,3.4412090433534614e-06,14,4
1619,UNG,Kiunga Airport,Kiunga,Papua New Guinea,-6.1257100105285645,141.28199768066406,7,3,4,1.2542102269556114e-07,5.36717858287998e-05,9,0
1620,HUN,Hualien Airport,Hualien,Taiwan,24.023099899291992,121.61799621582033,8,4,4,1.2500441440339062e-07,0.0004959602617467813,8,20
1621,STW,Stavropol Shpakovskoye Airport,Stavropol,Russia,45.10919952392578,42.11280059814453,6,3,3,1.2179599341933792e-07,0.003455004843235797,8,14
1622,CJJ,Cheongju International Airport/Cheongju Air Base (K-59/G-513),Chongju,South Korea,36.717008,127.498741,8,4,4,1.1936452212387767e-07,0.0018215782600139248,18,20
1623,NYA,Nyagan Airport,Nyagan,Russia,62.110001,65.614998,6,3,3,1.144191785994593e-07,0.000495866861363941,8,14
1624,LXR,Luxor International Airport,Luxor,Egypt,25.671,32.7066,14,7,7,1.1405171001801852e-07,0.008004598492213398,20,9
1625,KTG,Ketapang(Rahadi Usman) Airport,Ketapang,Indonesia,-1.816640019416809,109.96299743652344,4,2,2,1.130951635685836e-07,9.623341619197524e-06,4,18
1626,BRM,Barquisimeto International Airport,Barquisimeto,Venezuela,10.042746543884276,-69.3586196899414,6,3,3,1.1274598481420297e-07,0.0004496273637032407,10,11
1627,IXZ,Vir Savarkar International Airport,Port Blair,India,11.641200065612791,92.72969818115234,6,3,3,1.1111298700189077e-07,0.0004203323886648412,22,9
1628,YCS,Chesterfield Inlet Airport,Chesterfield Inlet,Canada,63.3469009399,-90.7311019897,6,3,3,1.0974339485861602e-07,1.876418850218994e-06,12,4
1629,YUT,Repulse Bay Airport,Repulse Bay,Canada,66.5214004517,-86.22470092770001,6,3,3,1.0974339485861602e-07,1.876418850218994e-06,8,4
1630,KSJ,Kasos Airport,Kasos,Greece,35.4213981628,26.9099998474,4,2,2,9.994487746052529e-08,7.93896333083579e-05,8,2
1631,CRP,Corpus Christi International Airport,Corpus Christi,United States,27.77039909362793,-97.5011978149414,7,3,4,9.782226587545423e-08,0.0021561791887741025,10,3
1632,ELI,Elim Airport,Elim,United States,64.61470032,-162.2720032,6,3,3,9.406576702167087e-08,1.5546698712791962e-06,9,21
1633,LRS,Leros Airport,Leros,Greece,37.184898,26.800301,6,3,3,9.406576702167087e-08,0.0013031487812814422,12,2
1634,LKN,Leknes Airport,Leknes,Norway,68.152496337891,13.609399795532,6,3,3,9.406576702167087e-08,3.318354463085478e-05,6,12
1635,LIF,Lifou Airport,Lifou,New Caledonia,-20.774799346923828,167.24000549316406,6,3,3,9.406576702167087e-08,1.5666891969442864e-27,6,19
1636,YIO,Pond Inlet Airport,Pond Inlet,Canada,72.6832962036,-77.9666976929,4,2,2,9.406576702167087e-08,1.0854195023873793e-07,6,4
1637,ENE,Ende (H Hasan Aroeboesman) Airport,Ende,Indonesia,-8.8492898941,121.661003113,4,2,2,9.406576702167087e-08,5.46955210388032e-06,8,18
1638,SKK,Shaktoolik Airport,Shaktoolik,United States,64.37110138,-161.223999,6,3,3,9.406576702167087e-08,3.0179354354728153e-06,11,21
1639,PPW,Papa Westray Airport,Papa Westray,United Kingdom,59.351699829100006,-2.9002799987800003,6,3,3,9.406576702167087e-08,3.484357906199269e-05,6,10
1640,GLV,Golovin Airport,Golovin,United States,64.5504989624,-163.007003784,6,3,3,9.406576702167087e-08,1.5540485057253265e-06,8,21
1641,RFP,Raiatea Airport,Raiatea Island,French Polynesia,-16.7229,-151.466003,9,5,4,9.406576702167087e-08,3.925881061213372e-05,9,17
1642,XMH,Manihi Airport,Manihi,French Polynesia,-14.436800003051758,-146.07000732421875,6,3,3,9.406576702167087e-08,3.8155584431023734e-05,6,17
1643,ACV,California Redwood Coast-Humboldt County Airport,Arcata CA,United States,40.978101,-124.109,6,3,3,9.406576702167087e-08,0.001108682725746641,6,3
1644,KAL,Kaltag Airport,Kaltag,United States,64.31909943,-158.7409973,5,2,3,9.406576702167087e-08,1.669832026726425e-07,6,21
1645,NRL,North Ronaldsay Airport,North Ronaldsay,United Kingdom,59.3675003052,-2.43443989754,6,2,4,9.406576702167087e-08,3.43547931312998e-05,6,10
1646,AHE,Ahe Airport,Ahe,French Polynesia,-14.428099632263184,-146.2570037841797,5,3,2,9.406576702167087e-08,3.811646287397318e-05,5,17
1647,PMW,Brigadeiro Lysias Rodrigues Airport,Palmas,Brazil,-10.2915000916,-48.35699844359999,6,3,3,9.406576702167087e-08,0.00014551327741760896,14,11
1648,ZRJ,Round Lake (Weagamow Lake) Airport,Round Lake,Canada,52.943599700927734,-91.31279754638672,5,3,2,9.406576702167087e-08,3.485353630302439e-07,5,7
1649,OHE,Gu-Lian Airport,Mohe County,China,52.912777777799995,122.43,6,3,3,9.406576702167087e-08,0.0001586217175668776,6,20
1650,TLE,Toliara Airport,Toliara,Madagascar,-23.383399963378903,43.72850036621094,6,3,3,9.406576702167087e-08,8.042564288590445e-05,6,9
1651,SVJ,Svolvær Helle Airport,Svolvær,Norway,68.243301391602,14.669199943542,6,3,3,9.406576702167087e-08,3.456340509346413e-05,6,12
1652,SVB,Sambava Airport,Sambava,Madagascar,-14.278599739074709,50.17470169067383,6,3,3,9.406576702167087e-08,8.215661483968773e-05,6,9
1653,IRA,Ngorangora Airport,Kirakira,Solomon Islands,-10.4497003555,161.897994995,6,3,3,9.406576702167087e-08,4.0288037660123885e-06,6,0
1654,NNY,Nanyang Jiangying Airport,Nanyang,China,32.980801,112.614998,14,7,7,9.337732990256752e-08,0.0018459036016095526,16,20
1655,SAV,Savannah Hilton Head International Airport,Savannah,United States,32.12760162,-81.20210266,26,13,13,9.272511020478309e-08,0.012737815192210199,46,3
1656,KNH,Kinmen Airport,Kinmen,Taiwan,24.4279,118.359001,8,4,4,9.079868094096482e-08,0.00033041813695831705,10,20
1657,MZG,Makung Airport,Makung,Taiwan,23.568700790405273,119.62799835205078,8,4,4,9.079868094096482e-08,0.00033041813695831705,10,20
1658,MGA,Augusto C. Sandino (Managua) International Airport,Managua,Nicaragua,12.14150047302246,-86.16819763183594,16,8,8,8.81916126648297e-08,0.00480329518135837,29,3
1659,MSN,Dane County Regional Truax Field,Madison,United States,43.13990020751953,-89.3375015258789,22,11,11,8.693746438044963e-08,0.008776772779178033,34,3
1660,DAY,James M Cox Dayton International Airport,Dayton,United States,39.902400970458984,-84.21939849853516,32,16,16,8.525826832230082e-08,0.012930156456318951,64,3
1661,NOJ,Noyabrsk Airport,Noyabrsk,Russia,63.18330001831055,75.2699966430664,10,5,5,8.3063922925569e-08,0.001749581325780128,10,14
1662,MCX,Uytash Airport,Makhachkala,Russia,42.81679916381836,47.65230178833008,8,4,4,8.202646152819459e-08,0.002431443475666609,8,14
1663,UUA,Bugulma Airport,Bugulma,Russia,54.63999938964844,52.801700592041016,6,3,3,8.152366475211475e-08,0.0021120657251093612,8,14
1664,HYA,Barnstable Municipal Boardman Polando Field,Barnstable,United States,41.66930008,-70.28040314,5,3,2,8.143820544035126e-08,0.000999519150383365,5,3
1665,TOB,Gamal Abdel Nasser Airport,Tobruk,Libya,31.861,23.907,6,3,3,8.075444227421228e-08,0.0012062582851896178,9,2
1666,DAU,Daru Airport,Daru,Papua New Guinea,-9.08675956726,143.207992554,6,3,3,7.838813918472571e-08,5.37503540145567e-05,8,0
1667,NQN,Presidente Peron Airport,Neuquen,Argentina,-38.949001,-68.155701,6,3,3,7.838813918472571e-08,3.499465936093383e-05,12,11
1668,JBQ,La Isabela International Airport,La Isabela,Dominican Republic,18.572500228881836,-69.98560333251953,4,2,2,7.70531553477093e-08,0.0003364837212727653,6,3
1669,SKD,Samarkand Airport,Samarkand,Uzbekistan,39.70050048828125,66.98380279541016,11,5,6,7.294541504494369e-08,0.0028126947376791926,15,14
1670,DLU,Dali Airport,Dali,China,25.649401,100.319,8,4,4,6.987284282867736e-08,0.0008318057187829951,14,20
1671,YQF,Red Deer Regional Airport,Red Deer Industrial,Canada,52.18220138549805,-113.8939971923828,6,3,3,6.898156248255863e-08,0.0005537138322039343,6,3
1672,YIH,Yichang Sanxia Airport,Yichang,China,30.55655,111.479988,28,14,14,6.510531609193724e-08,0.005147237110655141,48,20
1673,FRO,Florø Airport,Floro,Norway,61.583599090576,5.0247201919556,8,4,4,6.489808732502872e-08,0.0022581349590890163,8,2
1674,KIR,Kerry Airport,Kerry,Ireland,52.18090057373047,-9.52377986907959,12,6,6,6.41080372894975e-08,0.005843301572183185,12,2
1675,FUJ,Fukue Airport,Fukue,Japan,32.66630172729492,128.83299255371094,4,2,2,6.394012921734489e-08,0.00022575090688020639,8,18
1676,TSJ,Tsushima Airport,Tsushima,Japan,34.2849006653,129.330993652,4,2,2,6.394012921734489e-08,0.00022575090688020639,6,18
1677,HOV,"Ørsta-Volda Airport, Hovden",Orsta-Volda,Norway,62.180000305176,6.0741000175476,8,4,4,6.271051134778057e-08,0.0018389567947734275,8,2
1678,WWK,Wewak International Airport,Wewak,Papua New Guinea,-3.58383011818,143.669006348,8,4,4,6.271051134778057e-08,5.456255681639261e-05,12,0
1679,NGQ,Ngari Gunsa Airport,Shiquanhe,China,32.1,80.0530555556,4,2,2,6.271051134778057e-08,5.2230790498760966e-05,4,20
1680,TOH,Torres Airstrip,Loh/Linua,Vanuatu,-13.3280000687,166.638000488,6,3,3,6.271051134778057e-08,6.750596557355885e-08,6,18
1681,CJC,El Loa Airport,Calama,Chile,-22.498199462890625,-68.90360260009766,8,4,4,6.271051134778057e-08,0.0002393262371914259,13,11
1682,OSY,Namsos Høknesøra Airport,Namsos,Norway,64.472198486328,11.57859992981,6,3,3,6.271051134778057e-08,0.00028118239596827015,6,12
1683,YVZ,Deer Lake Airport,Deer Lake,Canada,52.655799865722656,-94.0614013671875,3,2,1,6.271051134778057e-08,1.5704479631188329e-06,3,7
1684,HEH,Heho Airport,Heho,Burma,20.746999740600582,96.79199981689452,7,4,3,6.271051134778057e-08,0.0001735962052299008,16,18
1685,ROK,Rockhampton Airport,Rockhampton,Australia,-23.3819007874,150.475006104,6,3,3,6.271051134778057e-08,0.00016426007890502737,10,18
1686,LSC,La Florida Airport,La Serena,Chile,-29.916201,-71.199501,8,4,4,6.271051134778057e-08,0.0002393262371914259,14,11
1687,CAW,Bartolomeu Lisandro Airport,Campos,Brazil,-21.698299408,-41.301700592,6,3,3,6.271051134778057e-08,4.0628253565106315e-05,7,11
1688,RVK,"Rørvik Airport, Ryum",Rørvik,Norway,64.838302612305,11.14610004425,6,3,3,6.271051134778057e-08,0.0002816090489915553,6,12
1689,MTV,Mota Lava Airport,Ablow,Vanuatu,-13.6660003662,167.712005615,6,3,3,6.271051134778057e-08,6.750596557355886e-08,6,18
1690,RMF,Marsa Alam International Airport,Marsa Alam,Egypt,25.557100296,34.5836982727,8,4,4,6.102897467429892e-08,0.006017754822867223,12,2
1691,VDE,Hierro Airport,Hierro,Spain,27.814800262451172,-17.887100219726562,6,3,3,6.038344546780315e-08,0.002208970028112453,6,2
1692,AVN,Avignon-Caumont Airport,Avignon,France,43.90729904174805,4.901830196380615,4,2,2,5.8231189108653394e-08,0.0003882645778674721,4,2
1693,FRS,Mundo Maya International Airport,Flores,Guatemala,16.913799285899998,-89.86640167239999,4,2,2,5.8081878367349154e-08,0.00031851568472361966,6,3
1694,KSY,Kars Airport,Kars,Turkey,40.562198638916016,43.1150016784668,6,3,3,5.775585535908508e-08,0.003116964145609855,6,2
1695,KCM,Kahramanmaraş Airport,Kahramanmaras,Turkey,37.5388259888,36.9535217285,6,3,3,5.775585535908508e-08,0.003116964145609855,6,2
1696,EZS,Elazığ Airport,Elazig,Turkey,38.6068992615,39.2914009094,8,4,4,5.775585535908508e-08,0.0037503047127196735,12,2
1697,MSR,Muş Airport,Mus,Turkey,38.747798919677734,41.66120147705078,6,3,3,5.775585535908508e-08,0.003116964145609855,6,2
1698,GNY,Şanlıurfa GAP Airport,Sanliurfa,Turkey,37.445663,38.895592,8,4,4,5.775585535908508e-08,0.0037503047127196735,10,2
1699,MLX,Malatya Erhaç Airport,Malatya,Turkey,38.4352989197,38.0909996033,6,3,3,5.775585535908508e-08,0.003116964145609855,8,2
1700,VAS,Sivas Nuri Demirağ Airport,Sivas,Turkey,39.813801,36.9035,6,3,3,5.775585535908508e-08,0.0034613008788259418,8,2
1701,MZH,Amasya Merzifon Airport,Merzifon,Turkey,40.829399,35.521999,4,2,2,5.775585535908508e-08,0.0028279603117161234,4,2
1702,DNZ,Çardak Airport,Denizli,Turkey,37.7855987549,29.7012996674,4,2,2,5.775585535908508e-08,0.0028279603117161234,4,2
1703,KYA,Konya Airport,Konya,Turkey,37.979,32.561901,5,3,2,5.775585535908508e-08,0.005223419192251394,7,2
1704,GZT,Gaziantep International Airport,Gaziantep,Turkey,36.9472007751,37.4786987305,10,5,5,5.775585535908508e-08,0.0038183871467221244,18,2
1705,DIY,Diyarbakir Airport,Diyabakir,Turkey,37.893901825,40.2010002136,8,4,4,5.775585535908508e-08,0.0037503047127196735,14,2
1706,ERC,Erzincan Airport,Erzincan,Turkey,39.7102012634,39.527000427199994,6,3,3,5.775585535908508e-08,0.003116964145609855,6,2
1707,ERZ,Erzurum International Airport,Erzurum,Turkey,39.9565010071,41.17020034789999,6,3,3,5.775585535908508e-08,0.003116964145609855,10,2
1708,VAN,Van Ferit Melen Airport,Van,Turkey,38.46820068359375,43.332298278808594,8,4,4,5.775585535908508e-08,0.003198680941805215,10,2
1709,BAL,Batman Airport,Batman,Turkey,37.9290008545,41.1166000366,6,3,3,5.775585535908508e-08,0.003116964145609855,6,2
1710,NAV,Nevşehir Kapadokya Airport,Nevsehir,Turkey,38.7719,34.5345,4,2,2,5.775585535908508e-08,0.0028279603117161234,4,2
1711,MQM,Mardin Airport,Mardin,Turkey,37.2233009338,40.6316986084,8,4,4,5.775585535908508e-08,0.0037503047127196735,10,2
1712,ASR,Kayseri Erkilet Airport,Kayseri,Turkey,38.770401001,35.4953994751,10,5,5,5.775585535908508e-08,0.00753145696198612,15,2
1713,LBC,Lübeck Blankensee Airport,Luebeck,Germany,53.8054008484,10.7192001343,8,4,4,5.7545185138341556e-08,0.003331096346857297,8,2
1714,EBJ,Esbjerg Airport,Esbjerg,Denmark,55.525902,8.5534,4,2,2,5.488996972282428e-08,0.0009259226626958831,4,2
1715,SBW,Sibu Airport,Sibu,Malaysia,2.2616000175476074,111.98500061035156,12,6,6,5.3985570638524154e-08,0.000737031325080906,18,18
1716,ONQ,Zonguldak Airport,Zonguldak,Turkey,41.506401062,32.0886001587,4,2,2,5.1453741950047015e-08,0.0019661458561784613,4,2
1717,WEF,Weifang Airport,Weifang,China,36.646702,119.119003,14,7,7,5.127381864980651e-08,0.0034683287482933332,14,20
1718,AAN,Al Ain International Airport,Al Ain,United Arab Emirates,24.261699676513672,55.60919952392578,4,2,2,4.964582148365962e-08,0.00022478490729606625,4,9
1719,AKJ,Asahikawa Airport,Asahikawa,Japan,43.670799255371094,142.44700622558594,6,3,3,4.9064204061137304e-08,0.0010856867085578957,14,18
1720,KUH,Kushiro Airport,Kushiro,Japan,43.041000366199995,144.192993164,6,3,3,4.9064204061137304e-08,0.0009810870989841087,10,18
1721,BNX,Banja Luka International Airport,Banja Luka,Bosnia and Herzegovina,44.94139862060547,17.297500610351562,6,3,3,4.8215670886154415e-08,0.0027993935062485724,6,2
1722,RUR,Rurutu Airport,Rurutu,French Polynesia,-22.434099197387695,-151.36099243164062,5,3,2,4.7032883510835433e-08,3.8115889389114585e-05,5,17
1723,CUQ,Coen Airport,Coen,Australia,-13.761133,143.113311,3,2,1,4.7032883510835433e-08,5.076340782530251e-05,3,18
1724,YXN,Whale Cove Airport,Whale Cove,Canada,62.24000167849999,-92.5980987549,5,3,2,4.7032883510835433e-08,1.8982500016909018e-06,11,4
1725,ABL,Ambler Airport,Ambler,United States,67.1063,-157.856989,4,2,2,4.7032883510835433e-08,1.4872761422957341e-06,8,21
1726,XQP,Quepos Managua Airport,Quepos,Costa Rica,9.443160057067873,-84.12979888916016,4,2,2,4.7032883510835433e-08,0.0002799070547856946,9,3
1727,AUU,Aurukun Airport,Aurukun,Australia,-13.354067,141.72065,4,2,2,4.7032883510835433e-08,5.076340782530251e-05,4,18
1728,PMR,Palmerston North Airport,Palmerston North,New Zealand,-40.32059860229492,175.61700439453125,10,5,5,4.7032883510835433e-08,0.0001945105631938778,10,18
1729,NYK,Nanyuki Airport,Nanyuki,Kenya,-0.06239889934659,37.04100799560547,5,2,3,4.7032883510835433e-08,1.3539984235324847e-06,8,9
1730,KWK,Kwigillingok Airport,Kwigillingok,United States,59.876499,-163.169005,5,2,3,4.7032883510835433e-08,1.4875815414815529e-06,7,21
1731,MIS,Misima Island Airport,Misima Island,Papua New Guinea,-10.6892004013,152.837997437,3,1,2,4.7032883510835433e-08,7.639293053329922e-07,4,0
1732,TBG,Tabubil Airport,Tabubil,Papua New Guinea,-5.27861,141.225998,6,3,3,4.7032883510835433e-08,5.373892183324236e-05,8,0
1733,CGY,Laguindingan Airport,Cagayan de Oro City,Philippines,8.612203,124.456496,10,5,5,4.7032883510835433e-08,0.00045589044143969743,14,18
1734,KPN,Kipnuk Airport,Kipnuk,United States,59.932998657199995,-164.031005859,5,3,2,4.7032883510835433e-08,1.5090790097653526e-06,6,21
1735,NDY,Sanday Airport,Sanday,United Kingdom,59.250301361083984,-2.576669931411743,5,3,2,4.7032883510835433e-08,3.484357906199269e-05,5,10
1736,TUB,Tubuai Airport,Tubuai,French Polynesia,-23.365400314331055,-149.5240020751953,5,2,3,4.7032883510835433e-08,3.7573166722034007e-05,5,17
1737,HJR,Khajuraho Airport,Khajuraho,India,24.817199707,79.91860198970001,2,1,1,4.7032883510835433e-08,8.490746877907485e-06,2,9
1738,ZYI,Zunyi Xinzhou Airport,Zunyi,China,27.5895,107.0007,26,13,13,4.602371906832449e-08,0.004261531747754777,30,20
1739,PKC,Yelizovo Airport,Petropavlovsk,Russia,53.16790008544922,158.45399475097656,8,4,4,4.548234888959909e-08,0.0027153977154799735,12,14
1740,AAQ,Anapa Vityazevo Airport,Anapa,Russia,45.002101898193,37.347301483154,6,3,3,4.548234888959909e-08,0.0034522963748271486,6,14
1741,NOZ,Spichenkovo Airport,Novokuznetsk,Russia,53.811401,86.877197,4,2,2,4.548234888959909e-08,0.0024976579974333407,4,14
1742,SIP,Simferopol International Airport,Simferopol,Ukraine,45.05220031738281,33.975101470947266,10,5,5,4.548234888959909e-08,0.004564534235292953,14,14
1743,BAX,Barnaul Airport,Barnaul,Russia,53.363800048828125,83.53849792480469,4,2,2,4.548234888959909e-08,0.0024976579974333407,6,14
1744,KEJ,Kemerovo Airport,Kemorovo,Russia,55.27009963989258,86.1072006225586,4,2,2,4.548234888959909e-08,0.0024976579974333407,6,14
1745,GEG,Spokane International Airport,Spokane,United States,47.61989974975586,-117.53399658203124,20,10,10,4.471856702061972e-08,0.005656511490662345,30,3
1746,TZL,Tuzla International Airport,Null,Bosnia and Herzegovina,44.45869827270508,18.72480010986328,4,2,2,4.180700756518705e-08,0.00033213603506302715,4,2
1747,PWM,Portland International Jetport Airport,Portland,United States,43.64619827,-70.30930328,14,12,2,3.908620668597904e-08,0.011623593608702363,20,3
1748,BZG,Bydgoszcz Ignacy Jan Paderewski Airport,Bydgoszcz,Poland,53.096801757799994,17.9776992798,6,3,3,3.872990132434727e-08,0.0037946527828635933,6,2
1749,SRQ,Sarasota Bradenton International Airport,Sarasota,United States,27.39539909362793,-82.55439758300781,12,6,6,3.865372096359506e-08,0.0057456072095605154,26,3
1750,FEG,Fergana International Airport,Fergana,Uzbekistan,40.358798980699994,71.7450027466,12,6,6,3.8641637676165e-08,0.0032660591196019195,14,14
1751,LAP,Manuel Márquez de León International Airport,La Paz,Mexico,24.0727005005,-110.361999512,12,6,6,3.762630680866835e-08,0.00102177717758743,20,3
1752,PAZ,El Tajín National Airport,Poza Rico,Mexico,20.6026992798,-97.4608001709,6,3,3,3.762630680866835e-08,0.0006424175057428769,12,3
1753,KER,Kerman Airport,Kerman,Iran,30.274400711099997,56.9510993958,8,4,4,3.762630680866835e-08,0.00021619707180669243,8,9
1754,RLG,Rostock-Laage Airport,Laage,Germany,53.9182014465,12.2783002853,10,5,5,3.729840409144211e-08,0.0062572468670233266,10,2
1755,KSF,Kassel-Calden Airport,Kassel,Germany,51.417273,9.384967,4,2,2,3.399785086261155e-08,0.0019805963915777943,4,2
1756,DOY,Dongying Shengli Airport,Dongying,China,37.5085983276,118.788002014,12,6,6,3.3594667821978024e-08,0.0032329921083433474,12,20
1757,CXJ,Hugo Cantergiani Regional Airport,Caxias Do Sul,Brazil,-29.197099685699996,-51.1875,6,3,3,3.286271988898116e-08,0.00010002295367543345,6,11
1758,CLV,Nelson Ribeiro Guimarães Airport,Caldas Novas,Brazil,-17.725299835205,-48.607498168945,4,2,2,3.286271988898116e-08,5.606876723136184e-05,4,11
1759,PPB,Presidente Prudente Airport,President Prudente,Brazil,-22.1751003265,-51.4245986938,4,2,2,3.286271988898116e-08,5.606876723136184e-05,4,11
1760,MKL,McKellar-Sipes Regional Airport,Jackson,United States,35.599899,-88.915604,4,2,2,3.210180938041149e-08,0.0006645313708371423,4,3
1761,LBE,Arnold Palmer Regional Airport,Latrobe,United States,40.27590179,-79.40480042,6,3,3,3.1585712395889035e-08,0.00145503190940783,6,3
1762,ORU,Juan Mendoza Airport,Oruro,Bolivia,-17.962600708,-67.0762023926,3,1,2,3.1355255673890284e-08,3.642254203948694e-07,6,11
1763,PGU,Persian Gulf International Airport,Khalije Fars,Iran,27.379601,52.737701,10,5,5,3.1355255673890284e-08,0.0002489685315714288,10,9
1764,YAX,Wapekeka Airport,Angling Lake,Canada,53.84920120239258,-89.57939910888672,5,3,2,3.1355255673890284e-08,3.485405310364631e-07,5,7
1765,ANX,Andøya Airport,Andoya,Norway,69.292503356934,16.144199371338,7,4,3,3.1355255673890284e-08,0.00017511511496390398,7,12
1766,RBV,Ramata Airport,Ramata,Solomon Islands,-8.168060302734375,157.64300537109375,4,2,2,3.1355255673890284e-08,3.972314642436481e-06,4,0
1767,YER,Fort Severn Airport,Fort Severn,Canada,56.01890182495117,-87.67610168457031,5,2,3,3.1355255673890284e-08,3.436458874032637e-07,5,7
1768,SRP,Stord Airport,Stord,Norway,59.791900634765625,5.340849876403809,6,3,3,3.1355255673890284e-08,0.0017230253915395245,6,2
1769,HUH,Huahine-Fare Airport,Huahine Island,French Polynesia,-16.68720054626465,-151.02200317382812,8,4,4,3.1355255673890284e-08,3.871550770878684e-05,8,17
1770,HUY,Humberside Airport,Humberside,United Kingdom,53.57440185546875,-0.350832998752594,8,4,4,3.0542399752594016e-08,0.003231707737289741,10,2
1771,REG,Reggio Calabria Airport,Reggio Calabria,Italy,38.071201,15.6516,8,4,4,2.8775925283293698e-08,0.004120513302906204,12,2
1772,LMM,Valle del Fuerte International Airport,Los Mochis,Mexico,25.6851997375,-109.081001282,10,5,5,2.6875933434763103e-08,0.0009195084163435176,10,3
1773,CAE,Columbia Metropolitan Airport,Columbia,United States,33.93880081176758,-81.11949920654297,20,10,10,2.6526122127158053e-08,0.008976987102050128,34,3
1774,HSV,Huntsville International Carl T Jones Field,Huntsville,United States,34.637199401855,-86.775100708008,18,9,9,2.6526122127158053e-08,0.008272369699787311,36,3
1775,FAY,Fayetteville Regional Grannis Field,Fayetteville,United States,34.9911994934082,-78.88030242919922,8,4,4,2.6526122127158053e-08,0.0035919965267552415,16,3
1776,DNR,Dinard-Pleurtuit-Saint-Malo Airport,Dinard,France,48.58769989013672,-2.0799601078033447,6,3,3,2.5065518979141344e-08,0.0019166427469179414,6,2
1777,JXA,Jixi Xingkaihu Airport,Jixi,China,45.293,131.193,8,4,4,2.3216556324686313e-08,0.0017963867194557516,12,20
1778,AXA,Clayton J Lloyd International Airport,The Valley,Anguilla,18.2048,-63.055099,8,4,4,2.0614282286501684e-08,0.0009318771381268836,12,3
1779,URJ,Uray Airport,Uraj,Russia,60.10329818725586,64.82669830322266,6,3,3,2.0353411577788433e-08,0.0005121579145643018,6,14
1780,TGM,Transilvania Târgu Mureş International Airport,Tirgu Mures,Romania,46.46770095825195,24.412500381469727,6,2,4,1.9570438251258245e-08,0.001387382983941794,7,2
1781,EIS,Terrance B. Lettsome International Airport,Tortola,British Virgin Islands,18.444799423217773,-64.54299926757812,9,4,5,1.8813153404334175e-08,0.0008053133200471359,24,3
1782,CRA,Craiova Airport,Craiova,Romania,44.31809997558594,23.888599395751953,4,2,2,1.7102866731212886e-08,0.0015975753008372372,4,2
1783,IPL,Imperial County Airport,Imperial,United States,32.834201812699995,-115.57900238,4,2,2,1.5677627836945142e-08,0.0005545411482224798,4,3
1784,LZO,Luzhou Airport,Luzhou,China,28.85219955444336,105.39299774169922,22,11,11,1.4782233278608146e-08,0.004277364195396675,26,20
1785,WIC,Wick Airport,Wick,United Kingdom,58.45890045166016,-3.09306001663208,4,2,2,1.437439653021529e-08,0.0014618157427060136,4,2
1786,ETZ,Metz-Nancy-Lorraine Airport,Metz,France,48.9821014404,6.25131988525,10,5,5,1.2542102269556116e-08,0.00449614697721574,10,2
1787,CGD,Changde Airport,Changde,China,28.9188995361,111.63999939,16,8,8,1.1671122945281386e-08,0.0030305243958042892,16,20
1788,YNJ,Yanji Chaoyangchuan Airport,Yanji,China,42.8828010559,129.451004028,12,6,6,1.0998458913303055e-08,0.003490481051013985,28,20
1789,KVA,Alexander the Great International Airport,Kavala,Greece,40.913299560546875,24.619199752807617,10,5,5,1.083167055030515e-08,0.007210945988440036,12,2
1790,DEB,Debrecen International Airport,Debrecen,Hungary,47.48889923095703,21.615299224853516,4,2,2,1.0543133314957313e-08,0.0015520626264184526,4,2
1791,JNZ,Jinzhou Airport,Jinzhou,China,41.10139846801758,121.06199645996094,6,3,3,1.00789449275246e-08,0.0013225462926126144,10,20
1792,SCN,Saarbrücken Airport,Saarbruecken,Germany,49.2145996094,7.10950994492,8,4,4,9.75033864144894e-09,0.0047337044801802645,18,2
1793,JDZ,Jingdezhen Airport,Jingdezhen,China,29.3386001587,117.176002502,16,8,8,9.291862352140659e-09,0.0032141786265023143,32,20
1794,ILG,New Castle Airport,Wilmington,United States,39.67869949,-75.60649872,12,6,6,9.079056366402949e-09,0.0034245873347055335,12,3
1795,KRS,Kristiansand Airport,Kristiansand,Norway,58.204201,8.08537,16,8,8,8.620913086617259e-09,0.008052952792257189,22,2
1796,VGO,Vigo Airport,Vigo,Spain,42.2318000793457,-8.62677001953125,10,5,5,7.838813918472571e-09,0.007630831054858068,22,2
1797,DLE,Dole-Tavaux Airport,Dole,France,47.042686,5.435063,6,3,3,7.79992540151346e-09,0.002768755496220501,6,2
1798,XCR,Châlons-Vatry Airport,Chalons,France,48.7733333333,4.206111111,4,2,2,7.79992540151346e-09,0.0014796192695536868,4,2
1799,TUF,Tours-Val-de-Loire Airport,Tours,France,47.4322013855,0.727605998516,10,5,5,7.79992540151346e-09,0.005225133461952753,10,2
1800,AQG,Anqing Tianzhushan Airport,Anqing,China,30.582199,117.050003,14,7,7,6.967834594197842e-09,0.0028434008851946787,14,20
1801,MDG,Mudanjiang Hailang International Airport,Mudanjiang,China,44.5241012573,129.569000244,12,6,6,6.906926949143665e-09,0.003590320125018697,20,20
1802,WUS,Nanping Wuyishan Airport,Wuyishan,China,27.7019,118.000999,18,9,9,5.879110438854429e-09,0.003922377835655335,30,20
1803,KLU,Klagenfurt Airport,Klagenfurt,Austria,46.642502,14.3377,8,4,4,5.3751866869526206e-09,0.005413870980545628,14,2
1804,GWT,Westerland Sylt Airport,Westerland,Germany,54.9132003784,8.34047031403,14,7,7,5.3751866869526206e-09,0.01178092270356019,16,2
1805,TEN,Tongren Fenghuang Airport,Tongren,China,27.883333,109.308889,10,5,5,4.703288351083544e-09,0.002374211085970799,10,20
1806,YBP,Yibin Caiba Airport,Yibin,China,28.8005555556,104.545,14,7,7,4.703288351083544e-09,0.003482512160808552,20,20
1807,WXN,Wanxian Airport,Wanxian,China,30.8017,108.433,16,8,8,4.703288351083544e-09,0.003987390487060237,24,20
1808,NAO,Nanchong Airport,Nanchong,China,30.79545,106.1626,12,6,6,4.703288351083544e-09,0.003327458369728793,12,20
1809,JGS,Jinggangshan Airport,Jian,China,26.856899261499997,114.736999512,14,7,7,4.703288351083544e-09,0.0030246811046175117,18,20
1810,DAX,Dachuan Airport,Dazhou,China,31.1302,107.4295,10,5,5,4.703288351083544e-09,0.003118169368221821,18,20
1811,GYS,Guangyuan Airport,Guangyuan,China,32.3911018371582,105.7020034790039,8,4,4,4.703288351083544e-09,0.0022699919419599942,16,20
1812,WAT,Waterford Airport,Waterford,Ireland,52.187198638916016,-7.0869598388671875,4,2,2,4.6205577507332445e-09,0.002626453650819511,4,2
1813,LMP,Lampedusa Airport,Lampedusa,Italy,35.497898,12.6181,6,3,3,3.135525567389029e-09,0.00257991763192964,6,2
1814,FNT,Bishop International Airport,Flint,United States,42.96540069580078,-83.74359893798828,16,8,8,3.010297203714505e-09,0.006049457010263278,26,3
1815,GNV,Gainesville Regional Airport,Gainesville,United States,29.6900997162,-82.2717971802,10,5,5,3.010297203714505e-09,0.00409455772436935,24,3
1816,TLH,Tallahassee Regional Airport,Tallahassee,United States,30.396499633789062,-84.35030364990234,14,7,7,3.010297203714505e-09,0.005524594913680653,30,3
1817,CAK,Akron Canton Regional Airport,Akron,United States,40.91609954833984,-81.44219970703125,22,11,11,3.010297203714505e-09,0.008798741640985866,44,3
1818,VST,Stockholm Västerås Airport,Vasteras,Sweden,59.58940124511719,16.63360023498535,6,3,3,2.443266675887555e-09,0.003478584770610882,6,2
1819,BQN,Rafael Hernandez Airport,Aguadilla,Puerto Rico,18.49489974975586,-67.12940216064453,8,4,4,1.718132024832854e-09,0.004171782095719555,8,3
1820,LAQ,La Abraq Airport,Al Bayda',Libya,32.788700103759766,21.96430015563965,4,2,2,0.0,0.0010409010855287398,6,2
1821,KDV,Vunisea Airport,Vunisea,Fiji,-19.0580997467,178.156997681,4,2,2,0.0,6.408429122484353e-05,4,18
1822,ICI,Cicia Airport,Cicia,Fiji,-17.7432994843,-179.341995239,2,1,1,0.0,4.729069192673397e-06,2,18
1823,SHP,Shanhaiguan Airport,Qinhuangdao,China,39.968102,119.731003,8,4,4,0.0,0.001337656945472394,14,20
1824,EKS,Shakhtyorsk Airport,Shakhtyorsk,Russia,49.1903,142.082993,2,1,1,0.0,6.976080217021301e-05,2,18
1825,UYL,Nyala Airport,Nyala,Sudan,12.053500175476074,24.956199645996097,2,1,1,0.0,0.0001520824176750283,4,9
1826,LKH,Long Akah Airport,Long Akah,Malaysia,3.299999952316284,114.78299713134766,4,2,2,0.0,2.7872074260102005e-05,4,18
1827,EGN,Geneina Airport,Geneina,Sudan,13.48169994354248,22.467199325561523,2,1,1,0.0,0.0001520824176750283,4,9
1828,YIC,Yichun Mingyueshan Airport,Yichun,China,27.8025,114.3062,8,4,4,0.0,0.0018298538953945812,12,20
1829,EBH,El Bayadh Airport,El Bayadh,Algeria,33.721666666699996,1.0925,2,1,1,0.0,0.0006687403451838794,2,2
1830,BUW,Betoambari Airport,Bau-Bau,Indonesia,-5.486879825592041,122.56900024414062,2,1,1,0.0,2.7101064901082206e-05,2,18
1831,LKB,Lakeba Island Airport,Lakeba Island,Fiji,-18.1991996765,-178.817001343,2,1,1,0.0,4.729069192673397e-06,2,18
1832,LBS,Labasa Airport,Lambasa,Fiji,-16.466699600219727,179.33999633789062,4,2,2,0.0,6.408429122484353e-05,4,18
1833,BQB,Busselton Regional Airport,Brusselton,Australia,-33.6884231567,115.401596069,4,2,2,0.0,0.00012914675387317598,6,18
1834,TVU,Matei Airport,Matei,Fiji,-16.6905994415,-179.876998901,6,3,3,0.0,6.502327721458923e-05,6,18
1835,RTA,Rotuma Airport,Rotuma,Fiji,-12.482500076293944,177.0709991455078,2,1,1,0.0,5.935522203217013e-05,2,18
1836,SVU,Savusavu Airport,Savusavu,Fiji,-16.8027992249,179.341003418,6,3,3,0.0,6.502327721458923e-05,6,18
1837,VBV,Vanua Balavu Airport,Vanua Balavu,Fiji,-17.268999099731445,-178.9759979248047,2,1,1,0.0,4.729069192673397e-06,2,18
1838,KZR,Zafer Airport,Kutahya,Turkey,39.113079,30.128111,2,1,1,0.0,0.0018706134659136674,2,2
1839,MNS,Mansa Airport,Mansa,Zambia,-11.13700008392334,28.87260055541992,2,1,1,0.0,1.3386632085617263e-05,2,9
1840,CYZ,Cauayan Airport,Cauayan,Philippines,16.9298992157,121.752998352,2,1,1,0.0,0.0003334404340357145,2,18
1841,SRX,Gardabya Airport,Sirt,Libya,31.063499450699997,16.5949993134,4,2,2,0.0,0.0010409010855287398,4,2
1842,KVK,Kirovsk-Apatity Airport,Apatity,Russia,67.46330261230469,33.58829879760742,2,1,1,0.0,0.0011063312200673726,2,14
1843,IGD,Iğdır Airport,Igdir,Turkey,39.9766273499,43.8766479492,4,2,2,0.0,0.0021596172998073994,4,2
1844,GMO,Gombe Lawanti International Airport,Gombe,Nigeria,10.2983333333,10.8963888889,2,1,1,0.0,0.0001329671042858111,2,13
1845,MOI,Mitiaro Island Airport,Mitiaro Island,Cook Islands,-19.842500686645508,-157.7030029296875,2,1,1,0.0,2.2301761312881354e-05,2,17
1846,PZU,Port Sudan New International Airport,Port Sudan,Sudan,19.4335994720459,37.234100341796875,7,4,3,0.0,0.0031609740430303223,10,9
1847,LLB,Libo Airport,Libo,China,25.4525,107.961667,2,1,1,0.0,0.0005855538422703539,2,20
1848,NGK,Nogliki Airport,Nogliki,Russia,51.780102,143.139008,2,1,1,0.0,0.000111190997352554,2,14
1849,QOW,Sam Mbakwe International Airport,Imo,Nigeria,5.427060127258301,7.206029891967773,4,2,2,0.0,0.0005250560917252457,4,13
1850,DCY,Daocheng Yading Airport,Daocheng,China,29.323056,100.053333,2,1,1,0.0,0.00039547595190177036,8,20
1851,KFS,Kastamonu Airport,Kastamonu,Turkey,41.31420135498047,33.795799255371094,2,1,1,0.0,0.0018706134659136674,2,2
1852,TTQ,Aerotortuguero Airport,Roxana,Costa Rica,10.42,-83.6095,2,1,1,0.0,0.00027592226596957704,2,3
1853,BKZ,Bukoba Airport,Bukoba,Tanzania,-1.332,31.8212,2,1,1,0.0,8.172015821149065e-06,2,9
1854,PJM,Puerto Jimenez Airport,Puerto Jimenez,Costa Rica,8.533329963684082,-83.30000305175781,4,2,2,0.0,0.0002799654551318049,8,3
1855,SYQ,Tobias Bolanos International Airport,San Jose,Costa Rica,9.957050323486328,-84.13980102539062,2,1,1,0.0,0.0001695019883316892,2,3
1856,OLL,Oyo Ollombo Airport,Oyo,Congo (Brazzaville),-1.226666,15.91,2,1,1,0.0,7.262954569899718e-05,2,13
1857,ATC,Arthur's Town Airport,Arthur's Town,Bahamas,24.6294,-75.673797,4,2,2,0.0,0.00027962982610318395,6,3
1858,TBI,New Bight Airport,Cat Island,Bahamas,24.3153,-75.452301,4,2,2,0.0,0.00027962982610318395,6,3
1859,CRI,Colonel Hill Airport,Colonel Hill,Bahamas,22.7455997467,-74.1824035645,4,2,2,0.0,0.00027962982610318395,4,3
1860,PQM,Palenque International Airport,Palenque,Mexico,17.533153,-92.015484,2,1,1,0.0,0.0005834712829124683,2,3
1861,QFG,Eqalugaarsuit Heliport,Eqalugaarsuit,Greenland,60.6197196536,-45.9140619636,1,1,0,0.0,6.709016134547385e-09,1,1
1862,AIU,Enua Airport,Atiu Island,Cook Islands,-19.96780014038086,-158.11900329589844,3,2,1,0.0,2.2623838987450382e-05,3,17
1863,SUK,Sakkyryr Airport,Batagay-Alyta,Russia,67.792,130.394,2,1,1,0.0,9.232061095455894e-05,2,14
1864,MGS,Mangaia Island Airport,Mangaia Island,Cook Islands,-21.895986557006836,-157.9066619873047,2,1,1,0.0,2.2301761312881354e-05,2,17
1865,JGN,Jiayuguan Airport,Jiayuguan,China,39.856899,98.3414,6,3,3,0.0,0.00032442959208546236,12,20
1866,DEE,Mendeleyevo Airport,Yuzhno-Kurilsk,Russia,43.9584007263,145.682998657,2,1,1,0.0,6.976080217021301e-05,2,18
1867,ESC,Delta County Airport,Escanaba,United States,45.7226982117,-87.0936965942,2,1,1,0.0,0.0008075269713957992,2,3
1868,FON,Arenal Airport,La Fortuna/San Carlos,Costa Rica,10.478,-84.634499,3,1,2,0.0,0.00027592226596957704,6,3
1869,BGG,Bingöl Çeltiksuyu Airport,Bingol,Turkey,38.8592605591,40.5959625244,4,2,2,0.0,0.0021596172998073994,4,2
1870,CHG,Chaoyang Airport,Chaoyang,China,41.538101,120.434998,4,2,2,0.0,0.0013828687806458377,6,20
1871,WLH,Walaha Airport,Walaha,Vanuatu,-15.4119997025,167.690994263,2,1,1,0.0,2.3014927696565063e-06,2,18
1872,MUK,Mauke Airport,Mauke Island,Cook Islands,-20.13610076904297,-157.34500122070312,2,1,1,0.0,2.2301761312881354e-05,2,17
1873,IUE,Niue International Airport,Alofi,Niue,-19.079030990600582,-169.92559814453125,1,0,1,0.0,7.939047605863066e-41,1,18
1874,TOG,Togiak Airport,Togiak Village,United States,59.05279922485352,-160.39700317382812,2,1,1,0.0,2.1497469225570424e-08,2,21
1875,FUT,Pointe Vele Airport,Futuna Island,Wallis and Futuna,-14.3114004135,-178.065994263,2,1,1,0.0,1.2810931731545257e-06,2,18
1876,DHM,Kangra Airport,Kangra,India,32.16510009765625,76.26339721679688,2,1,1,0.0,0.0007358791424830448,4,9
1877,EUN,Hassan I Airport,El Aaiún,Western Sahara,27.151699,-13.2192,6,3,3,0.0,0.0022271232370324337,8,2
1878,ESU,Mogador Airport,Essadouira,Morocco,31.3974990845,-9.6816701889,4,2,2,0.0,0.001889714130357363,6,2
1879,ODO,Bodaybo Airport,Bodaibo,Russia,57.866100311299995,114.242996216,2,1,1,0.0,0.0001060481355492062,4,14
1880,VIL,Dakhla Airport,Dakhla,Western Sahara,23.7183,-15.932,6,3,3,0.0,0.0022271232370324337,6,2
1881,GMZ,La Gomera Airport,La Gomera,Spain,28.029600143432617,-17.214599609375,2,1,1,0.0,0.00017961252338086767,2,2
1882,LJA,Lodja Airport,Lodja,Congo (Kinshasa),-3.4170000553131104,23.450000762939453,1,0,1,0.0,7.939047605863066e-41,1,13
1883,LOD,Longana Airport,Longana,Vanuatu,-15.3066997528,167.966995239,4,2,2,0.0,2.472094872418514e-06,4,18
1884,TSH,Tshikapa Airport,Tshikapa,Congo (Kinshasa),-6.43833,20.794701,4,2,2,0.0,0.00012913190473026628,4,13
1885,SSR,Sara Airport,Pentecost Island,Vanuatu,-15.4708003998,168.151992798,2,1,1,0.0,2.3014927696565063e-06,2,18
1886,RGS,Burgos Airport,Burgos,Spain,42.357601,-3.62076,2,1,1,0.0,0.0018689962130137062,2,2
1887,VUS,Velikiy Ustyug Airport,Veliky Ustyug,Russia,60.788299560546875,46.2599983215332,2,1,1,0.0,5.664592522745622e-05,2,14
1888,OND,Ondangwa Airport,Ondangwa,Namibia,-17.878201,15.9526,2,1,1,0.0,1.4448779769948974e-30,2,26
1889,VPY,Chimoio Airport,Chimoio,Mozambique,-19.15130043029785,33.42900085449219,2,1,1,0.0,4.5134815971879425e-05,2,9
1890,WUZ,Wuzhou Changzhoudao Airport,Wuzhou,China,23.456699,111.248001,6,3,3,0.0,0.0004285617381576318,6,20
1891,IIL,Ilam Airport,Ilam,Iran,33.58660125732422,46.40480041503906,2,1,1,0.0,1.9665309793445104e-05,2,9
1892,LPM,Lamap Airport,Lamap,Vanuatu,-16.4611228,167.829253,4,2,2,0.0,9.652309456224799e-06,4,18
1893,KGT,Kangding Airport,Kangding,China,30.1575,101.734722,2,1,1,0.0,0.00039547595190177036,2,20
1894,RIW,Riverton Regional Airport,Riverton WY,United States,43.064201355,-108.459999084,2,1,1,0.0,0.000707486606751884,2,3
1895,RHD,Termas de Río Hondo international Airport,Rio Hondo,Argentina,-27.4966,-64.93595,2,1,1,0.0,2.4896466461739094e-05,2,11
1896,MWF,Maewo-Naone Airport,Maewo Island,Vanuatu,-15.0,168.082992554,2,1,1,0.0,2.3014927696565063e-06,2,18
1897,GKK,Kooddoo Airport,Kooddoo,Maldives,0.7324,73.4336,4,2,2,0.0,0.000274690710809519,4,9
1898,MSZ,Namibe Airport,Mocamedes,Angola,-15.261199951171877,12.14680004119873,2,1,1,0.0,0.00030918330357504654,2,9
1899,PFQ,Parsabade Moghan Airport,Parsabad,Iran,39.60359954834,47.881500244141,2,1,1,0.0,1.9665309793445104e-05,2,9
1900,TCG,Tacheng Airport,Tacheng,China,46.67250061035156,83.3407974243164,2,1,1,0.0,0.00020302097525129784,4,20
1901,LLF,Lingling Airport,Yongzhou,China,26.338661,111.610043,6,3,3,0.0,0.0006862801880636475,6,20
1902,EAE,Siwo Airport,Sangafa,Vanuatu,-17.0902996063,168.343002319,2,1,1,0.0,9.476152938814227e-06,2,18
1903,MBI,Songwe Airport,Mbeya,Tanzania,-8.919942,33.273981,2,1,1,0.0,0.00010436041211185478,2,9
1904,GVR,Coronel Altino Machado de Oliveira Airport,Governador Valadares,Brazil,-18.89520072937,-41.982200622559,2,1,1,0.0,1.1554917938288013e-05,2,11
1905,SFL,São Filipe Airport,"Sao Filipe, Fogo Island",Cape Verde,14.8850002289,-24.4799995422,2,1,1,0.0,0.00010534317050236042,2,13
1906,UAS,Buffalo Spring,Samburu South,Kenya,0.530583,37.534195,4,2,2,0.0,1.3539984235324847e-06,7,9
1907,PTH,Port Heiden Airport,Port Heiden,United States,56.95909881591797,-158.63299560546875,1,0,1,0.0,7.939047605863066e-41,1,21
1908,DOB,Rar Gwamar Airport,Dobo,Indonesia,-5.7722201347399995,134.212005615,2,1,1,0.0,7.324581272821578e-08,2,18
1909,LKG,Lokichoggio Airport,Lokichoggio,Kenya,4.20412015914917,34.348201751708984,2,1,1,0.0,1.3344536976967305e-06,2,9
1910,ULK,Lensk Airport,Lensk,Russia,60.7206001282,114.825996399,4,2,2,0.0,0.00019836874650376514,12,14
1911,ASV,Amboseli Airport,Amboseli National Park,Kenya,-2.645050048828125,37.25310134887695,2,1,1,0.0,1.3344536976967305e-06,3,9
1912,ATZ,Assiut International Airport,Asyut,Egypt,27.0464992523,31.0119991302,10,5,5,0.0,0.002844815999373417,12,9
1913,CPX,Benjamin Rivera Noriega Airport,Culebra Island,Puerto Rico,18.313289,-65.304324,2,1,1,0.0,0.0003402005790496815,2,3
1914,MWA,Williamson County Regional Airport,Marion,United States,37.75500107,-89.01110077,2,1,1,0.0,0.00045223126744475025,2,3
1915,ACR,Araracuara Airport,Araracuara,Colombia,-0.5833,-72.4083,2,1,1,0.0,5.468697856284012e-06,2,11
1916,ORH,Worcester Regional Airport,Worcester,United States,42.26729965209961,-71.87570190429688,4,2,2,0.0,0.0012805425780709622,4,3
1917,UAP,Ua Pou Airport,Ua Pou,French Polynesia,-9.35167,-140.078003,6,3,3,0.0,1.1020703778566135e-06,6,17
1918,KHZ,Kauehi Airport,Kauehi,French Polynesia,-15.780799865722656,-145.12399291992188,0,0,0,0.0,7.939047605863066e-41,0,6
1919,UAH,Ua Huka Airport,Ua Huka,French Polynesia,-8.93611,-139.552002,6,3,3,0.0,1.1020703778566135e-06,6,17
1920,IMT,Ford Airport,Iron Mountain,United States,45.8184013367,-88.1145019531,4,2,2,0.0,0.0007085149373795012,4,3
1921,KSE,Kasese Airport,Kasese,Uganda,0.1829999983310699,30.100000381469727,2,1,1,0.0,0.00010481986691988566,2,9
1922,KVC,King Cove Airport,King Cove,United States,55.11629867553711,-162.26600646972656,2,1,1,0.0,1.4635574980569444e-06,2,21
1923,IGG,Igiugig Airport,Igiugig,United States,59.32400131225586,-155.90199279785156,1,0,1,0.0,7.939047605863066e-41,1,21
1924,YSG,Lutselk'e Airport,Lutselk'e,Canada,62.418303,-110.681998,2,1,1,0.0,1.388613006244495e-05,2,4
1925,GOP,Gorakhpur Airport,Gorakhpur,India,26.739700317399997,83.4496994019,2,1,1,0.0,0.0007358791424830448,4,9
1926,XSB,Sir Bani Yas Airport,Sir Bani Yas Island,United Arab Emirates,24.283611,52.580278,4,2,2,0.0,0.001504412232813743,4,9
1927,MTJ,Montrose Regional Airport,Montrose CO,United States,38.5097999573,-107.893997192,2,1,1,0.0,0.000707486606751884,2,3
1928,ZCO,La Araucanía Airport,Temuco,Chile,-38.9259,-72.6515,4,2,2,0.0,0.00022763565928719305,6,11
1929,SDP,Sand Point Airport,Sand Point,United States,55.314998626708984,-160.5229949951172,2,1,1,0.0,0.00010125821714493852,4,21
1930,GDE,Gode Airport,Gode,Ethiopia,5.93513011932,43.5786018372,2,1,1,0.0,6.839680248536344e-06,2,9
1931,GXH,Gannan Xiahe Airport,Xiahe city,China,34.8105,102.6447,4,2,2,0.0,0.0002498451204329329,4,20
1932,JQE,Jaqué Airport,Jaqué,Panama,7.51777982711792,-78.1572036743164,1,0,1,0.0,7.939047605863066e-41,1,16
1933,BUL,Bulolo Airport,Bulolo,Papua New Guinea,-7.216286671410001,146.649541855,2,1,1,0.0,5.211972589990557e-05,2,0
1934,RKS,Southwest Wyoming Regional Airport,Rock Springs,United States,41.5942,-109.065001,6,3,3,0.0,0.0011890216324116044,6,3
1935,BNB,Boende Airport,Boende,Congo (Kinshasa),-0.2169999927282333,20.850000381469727,2,1,1,0.0,0.00012696557105032884,2,13
1936,PIB,Hattiesburg Laurel Regional Airport,Hattiesburg/Laurel,United States,31.467100143432617,-89.33709716796875,2,1,1,0.0,0.0011743101379582648,2,3
1937,MPA,Katima Mulilo Airport,Mpacha,Namibia,-17.634399,24.176701,4,2,2,0.0,2.6797251240684263e-30,4,26
1938,PIH,Pocatello Regional Airport,Pocatello,United States,42.9098014831543,-112.59600067138672,2,1,1,0.0,0.00046436088725939907,2,3
1939,KAA,Kasama Airport,Kasama,Zambia,-10.216699600219728,31.13330078125,2,1,1,0.0,4.372110772873617e-05,2,9
1940,QUO,Akwa Ibom International Airport,Uyo,Nigeria,4.8725,8.093,2,1,1,0.0,0.00039208898743943465,2,13
1941,VQS,Vieques Airport,Vieques Island,Puerto Rico,18.1158008575,-65.4226989746,4,2,2,0.0,0.0003647949080784258,12,3
1942,PLN,Pellston Regional Airport of Emmet County Airport,Pellston,United States,45.57089996,-84.79669952,2,1,1,0.0,0.0008075269713957992,2,3
1943,PSM,Portsmouth International at Pease Airport,Portsmouth,United States,43.0778999329,-70.8233032227,2,1,1,0.0,0.00010083158559432172,2,3
1944,KVL,Kivalina Airport,Kivalina,United States,67.73619842529297,-164.56300354003906,3,2,1,0.0,1.5084451451872942e-06,5,21
1945,RHI,Rhinelander Oneida County Airport,Rhinelander,United States,45.63119888305664,-89.46749877929688,4,2,2,0.0,0.0007085149373795012,4,3
1946,QSF,Ain Arnat Airport,Setif,Algeria,36.178100585900005,5.3244900703399995,8,4,4,0.0,0.003499609990534474,14,2
1947,GGW,Wokal Field Glasgow International Airport,Glasgow,United States,48.212502,-106.614998,2,1,1,0.0,5.3726739698947514e-05,2,3
1948,RUA,Arua Airport,Arua,Uganda,3.049999952316284,30.91699981689453,2,1,1,0.0,0.00010481986691988566,2,9
1949,WVB,Walvis Bay Airport,Walvis Bay,Namibia,-22.9799,14.6453,6,3,3,0.0,0.0006371505436590431,6,9
1950,RUT,Rutland - Southern Vermont Regional Airport,Rutland,United States,43.52939987,-72.94960022,2,1,1,0.0,0.0008695885725114755,2,3
1951,NVI,Navoi Airport,Navoi,Uzbekistan,40.1171989440918,65.1707992553711,6,3,3,0.0,0.002523166106634882,12,14
1952,PDP,Capitan Corbeta CA Curbelo International Airport,Punta del Este,Uruguay,-34.855098724365234,-55.09429931640625,4,2,2,0.0,4.115633380311281e-05,6,11
1953,ABB,Asaba International Airport,Asaba,Nigeria,6.204167,6.665278,4,2,2,0.0,0.0005250560917252457,4,13
1954,EWB,New Bedford Regional Airport,New Bedford,United States,41.67610168457031,-70.95690155029297,5,2,3,0.0,2.908873322597241e-05,5,3
1955,SBP,San Luis County Regional Airport,San Luis Obispo,United States,35.236801147499996,-120.641998291,6,3,3,0.0,0.0025029996410588784,8,3
1956,EKO,Elko Regional Airport,Elko,United States,40.82490158081055,-115.79199981689452,2,1,1,0.0,0.00046436088725939907,2,3
1957,EAU,Chippewa Valley Regional Airport,Eau Claire,United States,44.86579895019531,-91.48429870605467,2,1,1,0.0,0.0013025356259988342,2,3
1958,SHR,Sheridan County Airport,Sheridan,United States,44.76919937133789,-106.9800033569336,2,1,1,0.0,0.000707486606751884,2,3
1959,HDM,Hamadan Airport,Hamadan,Iran,34.86920166015625,48.5525016784668,2,1,1,0.0,0.00012018086106626823,2,9
1960,DUJ,DuBois Regional Airport,Du Bois,United States,41.17829895,-78.8986969,4,2,2,0.0,0.00043253384044209436,4,3
1961,AKP,Anaktuvuk Pass Airport,Anaktuvuk Pass,United States,68.13359833,-151.7429962,4,2,2,0.0,1.138824675477059e-05,6,21
1962,ANV,Anvik Airport,Anvik,United States,62.646702,-160.190994,2,1,1,0.0,2.146957676391723e-08,3,21
1963,AOE,Anadolu Airport,Eskissehir,Turkey,39.809898,30.5194,2,1,1,0.0,0.0017668573042800791,2,2
1964,JUH,Jiuhuashan Airport,Chizhou,China,30.7403,117.6856,10,5,5,0.0,0.0014479683455904135,14,20
1965,LAR,Laramie Regional Airport,Laramie,United States,41.31209945678711,-105.6750030517578,2,1,1,0.0,0.000707486606751884,2,3
1966,LBF,North Platte Regional Airport Lee Bird Field,North Platte,United States,41.12620163,-100.6839981,2,1,1,0.0,0.000707486606751884,2,3
1967,KAZ,Kao Airport,Kao,Indonesia,1.1852799654006958,127.89600372314452,2,1,1,0.0,1.6080010820702138e-05,2,18
1968,MNA,Melangguane Airport,Melonguane,Indonesia,4.00694,126.672997,2,1,1,0.0,1.6080010820702138e-05,2,18
1969,PDT,Eastern Oregon Regional At Pendleton Airport,Pendleton,United States,45.695098877,-118.841003418,2,1,1,0.0,0.00039686432271947015,2,3
1970,RCM,Richmond Airport,Richmond,Australia,-20.701900482177734,143.11500549316406,2,1,1,0.0,6.268176118432854e-08,2,18
1971,LMT,Crater Lake-Klamath Regional Airport,Klamath Falls,United States,42.156101,-121.733002,4,2,2,0.0,0.001252140909782607,4,3
1972,DCN,RAAF Base Curtin,Derby,Australia,-17.5813999176,123.82800293,2,1,1,0.0,0.0001272821789688927,4,18
1973,LNS,Lancaster Airport,Lancaster,United States,40.121700286865234,-76.29609680175781,2,1,1,0.0,0.0010799757820921445,2,3
1974,LYH,Lynchburg Regional Preston Glenn Field,Lynchburg,United States,37.326698303222656,-79.20040130615234,2,1,1,0.0,0.0008232572774875678,4,3
1975,MKG,Muskegon County Airport,Muskegon,United States,43.16949844,-86.23819733,2,1,1,0.0,0.0013025356259988342,2,3
1976,ERL,Erenhot Saiwusu International Airport,Erenhot,China,43.4225,112.096667,4,2,2,0.0,0.0013140893599730462,4,20
1977,AVA,Anshun Huangguoshu Airport,Anshun,China,26.2605555556,105.873333333,6,3,3,0.0,0.0008997283332338535,8,20
1978,LDS,Lindu Airport,Yinchun,China,47.7520555556,129.019125,4,2,2,0.0,0.00033092084944810583,4,20
1979,ZQZ,Zhangjiakou Ningyuan Airport,Zhangjiakou,China,40.7386016846,114.930000305,2,1,1,0.0,0.00010066475524198223,4,20
1980,TEQ,Tekirdağ Çorlu Airport,Çorlu,Turkey,41.13819885253906,27.919099807739254,2,1,1,0.0,0.0002890038338937318,2,2
1981,GAM,Gambell Airport,Gambell,United States,63.76679992675781,-171.73300170898438,4,2,2,0.0,1.5315811796812359e-06,8,21
1982,MSL,Northwest Alabama Regional Airport,Muscle Shoals,United States,34.74530029,-87.61019897,2,1,1,0.0,0.0011743101379582648,2,3
1983,CKZ,Çanakkale Airport,Canakkale,Turkey,40.1376991272,26.4267997742,2,1,1,0.0,0.0002890038338937318,2,2
1984,IRK,Kirksville Regional Airport,Kirksville,United States,40.09349822998047,-92.5448989868164,2,1,1,0.0,0.00045223126744475025,2,3
1985,YIE,Arxan Yi'ershi Airport,Arxan,China,47.3106,119.9117,2,1,1,0.0,0.00010837118737188135,2,20
1986,ATK,Atqasuk Edward Burnell Sr Memorial Airport,Atqasuk,United States,70.46730041503906,-157.43600463867188,4,2,2,0.0,1.5098515301527798e-06,4,21
1987,DQA,Saertu Airport,Daqing,China,46.7463888889,125.140555556,4,2,2,0.0,0.0014146253699840418,10,20
1988,OTH,Southwest Oregon Regional Airport,North Bend,United States,43.41709899902344,-124.24600219726562,4,2,2,0.0,0.001252140909782607,4,3
1989,AOG,Anshan Air Base,Anshan,China,41.105301,122.853996,4,2,2,0.0,0.0020566525574040265,6,20
1990,SLK,Adirondack Regional Airport,Saranac Lake,United States,44.38529968261719,-74.2061996459961,2,1,1,0.0,0.0008695885725114755,2,3
1991,SXK,Saumlaki/Olilit Airport,Saumlaki,Indonesia,-7.9886097908,131.305999756,2,1,1,0.0,4.999404672538345e-06,2,18
1992,MHC,Mocopulli Airport,Castro,Chile,-42.340388,-73.715693,2,1,1,0.0,3.383952935387385e-06,2,11
1993,BKW,Raleigh County Memorial Airport,Beckley,United States,37.787300109899995,-81.1241989136,3,1,2,0.0,0.0010799757820921445,3,3
1994,AJI,Ağrı Airport,Agri,Turkey,39.654541015625,43.025978088378906,4,2,2,0.0,0.0021596172998073994,4,2
1995,ADF,Adıyaman Airport,Adiyaman,Turkey,37.7313995361,38.4688987732,4,2,2,0.0,0.0021596172998073994,4,2
1996,ISE,Süleyman Demirel International Airport,Isparta,Turkey,37.8554000854,30.368400573699997,2,1,1,0.0,0.0018706134659136674,2,2
1997,OGD,Ogden Hinckley Airport,Ogden,United States,41.195899963379,-112.0120010376,2,1,1,0.0,3.998528203123738e-05,2,3
1998,SVA,Savoonga Airport,Savoonga,United States,63.6864013671875,-170.4929962158203,4,2,2,0.0,1.5315811796812359e-06,8,21
1999,EDO,Balıkesir Körfez Airport,Balikesir Korfez,Turkey,39.554599762,27.0137996674,2,1,1,0.0,0.000957346845802456,2,2
2000,NLT,Xinyuan Nalati Airport,Xinyuan,China,43.4318,83.3786,2,1,1,0.0,0.00020302097525129784,4,20
2001,SLX,Salt Cay Airport,Salt Cay,Turks and Caicos Islands,21.3330001831,-71.1999969482,2,1,1,0.0,2.400599055642721e-06,2,3
2002,DDG,Dandong Airport,Dandong,China,40.0247,124.286003,6,3,3,0.0,0.002265559754786904,10,20
2003,BFD,Bradford Regional Airport,Bradford,United States,41.8031005859375,-78.64009857177734,4,2,2,0.0,0.00043253384044209436,4,3
2004,WTK,Noatak Airport,Noatak,United States,67.56610107421875,-162.97500610351562,3,1,2,0.0,1.4869611405029338e-06,5,21
2005,APN,Alpena County Regional Airport,Alpena,United States,45.0780983,-83.56030273,4,2,2,0.0,0.0015058086741261921,4,3
2006,BPL,Alashankou Bole (Bortala) airport,Bole,China,44.895,82.3,2,1,1,0.0,0.00020302097525129784,2,20
2007,DWD,King Salman Abdulaziz Airport,,Saudi Arabia,24.4499,44.121201,4,2,2,0.0,0.0012284013393936927,4,9
2008,YTQ,Tasiujaq Airport,Tasiujaq,Canada,58.66780090332031,-69.95580291748047,4,2,2,0.0,1.3544140324280934e-05,4,4
2009,ALW,Walla Walla Regional Airport,Walla Walla,United States,46.09489822,-118.288002,2,1,1,0.0,0.0006711197531283853,2,3
2010,IWK,Iwakuni Marine Corps Air Station,Iwakuni,Japan,34.143902,132.235992,2,1,1,0.0,0.0003332204388897051,2,18
2011,ALO,Waterloo Regional Airport,Waterloo,United States,42.557098388671875,-92.40029907226562,2,1,1,0.0,0.0013025356259988342,4,3
2012,AHN,Athens Ben Epps Airport,Athens,United States,33.94860076904297,-83.32630157470703,2,1,1,0.0,0.00039859468997306246,2,3
2013,PEU,Puerto Lempira Airport,Puerto Lempira,Honduras,15.2622,-83.781197,4,2,2,0.0,7.028452622314106e-05,4,3
2014,ARC,Arctic Village Airport,Arctic Village,United States,68.1147,-145.578995,2,1,1,0.0,2.3826719265152123e-09,2,21
2015,JAL,El Lencero Airport,Jalapa,Mexico,19.4750995636,-96.7975006104,2,1,1,0.0,0.0005834712829124683,4,3
2016,ABY,Southwest Georgia Regional Airport,Albany,United States,31.535499572753903,-84.19450378417969,2,1,1,0.0,0.0011743101379582648,8,3
2017,ABR,Aberdeen Regional Airport,Aberdeen,United States,45.449100494384766,-98.42179870605467,2,1,1,0.0,0.0006982817027303928,2,3
2018,NOP,Sinop Airport,Sinop,Turkey,42.015800476074,35.066398620605,2,1,1,0.0,0.0018706134659136674,2,2
2019,BFF,Western Neb. Rgnl/William B. Heilig Airport,Scottsbluff,United States,41.87400055,-103.5960007,2,1,1,0.0,0.000707486606751884,2,3
2020,BQK,Brunswick Golden Isles Airport,Brunswick,United States,31.258800506591797,-81.46649932861328,2,1,1,0.0,0.0011743101379582648,6,3
2021,SLN,Salina Municipal Airport,Salina,United States,38.79100036621094,-97.6521987915039,2,1,1,0.0,0.0003806309450937768,2,3
2022,BRL,Southeast Iowa Regional Airport,Burlington,United States,40.783199310302734,-91.12550354003906,4,2,2,0.0,0.0017547668934435846,4,3
2023,SMX,Santa Maria Pub/Capt G Allan Hancock Field,Santa Maria,United States,34.89889908,-120.4570007,4,2,2,0.0,0.0018334663682515085,4,3
2024,DDC,Dodge City Regional Airport,Dodge City,United States,37.76340103149414,-99.9655990600586,4,2,2,0.0,0.0007178551493277167,10,3
2025,OAL,Cacoal Airport,Cacoal,Brazil,-11.496,-61.4508,2,1,1,0.0,2.045773400592563e-05,2,11
2026,UIN,Quincy Regional Baldwin Field,Quincy,United States,39.94269943,-91.19460297,2,1,1,0.0,0.00045223126744475025,2,3
2027,TBW,Donskoye Airport,Tambow,Russia,52.806098937988,41.482799530029,2,1,1,0.0,0.0005886585599056202,2,14
2028,VCT,Victoria Regional Airport,Victoria,United States,28.85260009765625,-96.9185028076172,2,1,1,0.0,0.0009472401087915126,2,3
2029,VLD,Valdosta Regional Airport,Valdosta,United States,30.782499313354492,-83.27670288085938,2,1,1,0.0,0.0011743101379582648,6,3
2030,YZY,Zhangye Ganzhou Airport,Zhangye,China,38.8018989563,100.675003052,4,2,2,0.0,0.00031897126815710365,6,20
2031,SHH,Shishmaref Airport,Shishmaref,United States,66.249604,-166.089112,4,2,2,0.0,1.5322211213258343e-06,6,21
2032,WRL,Worland Municipal Airport,Worland,United States,43.9656982421875,-107.95099639892578,2,1,1,0.0,1.0220882717827319e-05,6,3
2033,TGI,Tingo Maria Airport,Tingo Maria,Peru,-9.133000373840332,-75.94999694824219,2,1,1,0.0,0.00033074372340139417,2,11
2034,YKM,Yakima Air Terminal McAllister Field,Yakima,United States,46.56819916,-120.5439987,2,1,1,0.0,0.0006711197531283853,2,3
2035,GFN,Grafton Airport,Grafton,Australia,-29.7593994140625,153.02999877929688,2,1,1,0.0,3.7160005008087866e-06,2,18
2036,OAG,Orange Airport,Orange,Australia,-33.3816986084,149.132995605,2,1,1,0.0,0.0002573041769888824,2,18
2037,CMX,Houghton County Memorial Airport,Hancock,United States,47.168399810791016,-88.48909759521484,2,1,1,0.0,0.0013025356259988342,2,3
2038,PVC,Provincetown Municipal Airport,Provincetown,United States,42.0718994141,-70.2213973999,2,1,1,0.0,0.0008695885725114755,2,3
2039,RJL,Logroño-Agoncillo Airport,Logroño-Agoncillo,Spain,42.4609534888,-2.32223510742,2,1,1,0.0,0.001779564917511532,2,2
2040,JSY,Syros Airport,Syros Island,Greece,37.4227981567,24.9508991241,2,1,1,0.0,0.001259598310369598,4,2
2041,CLM,William R Fairchild International Airport,Port Angeles,United States,48.12020111083984,-123.5,2,1,1,0.0,3.752144343483017e-33,2,22
2042,CVU,Corvo Airport,Corvo,Portugal,39.671501,-31.1136,4,2,2,0.0,2.575787335199941e-05,4,2
2043,PZI,Bao'anying Airport,Panzhihua,China,26.54,101.79852,4,2,2,0.0,0.0006553408111226314,8,20
2044,CIU,Chippewa County International Airport,Sault Ste Marie,United States,46.25080108642578,-84.47239685058594,2,1,1,0.0,0.0008075269713957992,2,3
2045,CGI,Cape Girardeau Regional Airport,Cape Girardeau,United States,37.22529983520508,-89.57080078125,2,1,1,0.0,0.00045223126744475025,2,3
2046,TQL,Tarko-Sale Airport,Tarko-Sale,Russia,64.9308013916,77.81809997559999,2,1,1,0.0,2.9481882315876398e-05,2,14
2047,CEC,Jack Mc Namara Field Airport,Crescent City,United States,41.78020096,-124.2369995,4,2,2,0.0,0.0008712876486028689,4,3
2048,OKL,Oksibil Airport,Oksibil,Indonesia,-4.9071,140.6277,2,1,1,0.0,4.146954774345408e-06,2,18
2049,NTX,Ranai Airport,Ranai-Natuna Besar Island,Indonesia,3.90871,108.388,2,1,1,0.0,9.50320592062106e-06,2,18
2050,CBT,Catumbela Airport,Catumbela,Angola,-12.4792,13.4869,4,2,2,0.0,0.0003139866097703397,4,9
2051,ROO,Maestro Marinho Franco Airport,Rondonopolis,Brazil,-16.586,-54.7248,2,1,1,0.0,2.045773400592563e-05,2,11
2052,BRA,Barreiras Airport,Barreiras,Brazil,-12.078900337219238,-45.00899887084961,4,2,2,0.0,0.00024375814754423183,12,11
2053,MCE,Merced Regional Macready Field,Merced,United States,37.28469849,-120.5139999,2,1,1,0.0,0.0010955465890770775,2,3
2054,STZ,Santa Terezinha Airport,Santa Terezinha,Brazil,-10.4647216796875,-50.518611907958984,1,0,1,0.0,7.939047605863066e-41,1,11
2055,GLH,Mid Delta Regional Airport,Greenville,United States,33.4828987121582,-90.98560333251952,2,1,1,0.0,1.6961795498291726e-05,2,3
2056,VIS,Visalia Municipal Airport,Visalia,United States,36.3186988831,-119.392997742,2,1,1,0.0,0.0010955465890770775,2,3
2057,ESL,Elista Airport,Elista,Russia,46.3739013671875,44.33089828491211,2,1,1,0.0,0.0011063312200673726,2,14
2058,DRG,Deering Airport,Deering,United States,66.0696029663,-162.76600647,4,2,2,0.0,1.5087602119447404e-06,8,21
2059,WBQ,Beaver Airport,Beaver,United States,66.362197876,-147.406997681,2,1,1,0.0,1.1221405106640509e-05,2,21
2060,OGZ,Beslan Airport,Beslan,Russia,43.2051010132,44.6066017151,2,1,1,0.0,0.0011063312200673726,2,14
2061,JIQ,Qianjiang Wulingshan Airport,Qianjiang,China,29.5133333333,108.831111111,12,6,6,0.0,0.002854733332125967,14,20
2062,CIK,Chalkyitsik Airport,Chalkyitsik,United States,66.6449966431,-143.740005493,4,2,2,0.0,1.1386282494394333e-05,4,21
2063,IAA,Igarka Airport,Igarka,Russia,67.43720245361328,86.62190246582031,2,1,1,0.0,0.00016119658784794502,2,14
2064,GPB,Tancredo Thomas de Faria Airport,Guarapuava,Brazil,-25.3875007629,-51.520198822,2,1,1,0.0,4.395418644407159e-05,2,11
2065,NRA,Narrandera Airport,Narrandera,Australia,-34.7022018433,146.511993408,4,2,2,0.0,0.0002610738390896028,4,18
2066,KYZ,Kyzyl Airport,Kyzyl,Russia,51.66939926147461,94.40059661865234,2,1,1,0.0,0.0001060481355492062,2,14
2067,PES,Petrozavodsk Airport,Petrozavodsk,Russia,61.88520050048828,34.154701232910156,2,1,1,0.0,0.0011063312200673726,2,14
2068,ZNE,Newman Airport,Newman,Australia,-23.4178009033,119.803001404,2,1,1,0.0,0.0001272821789688927,4,18
2069,OLP,Olympic Dam Airport,Olympic Dam,Australia,-30.485000610399997,136.876998901,2,1,1,0.0,7.021515439094032e-05,2,18
2070,PIN,Parintins Airport,Parintins,Brazil,-2.6730198860168457,-56.777198791503906,2,1,1,0.0,4.053472315068393e-05,2,11
2071,AGN,Angoon Seaplane Base,Angoon,United States,57.503601,-134.585007,1,1,0,0.0,1.1316277310006568e-05,1,21
2072,BVS,Breves Airport,Breves,Brazil,-1.6365300416946411,-50.443599700927734,1,1,0,0.0,3.447979963329303e-05,1,11
2073,CMP,Santana do Araguaia Airport,Santana do Araguaia,Brazil,-9.31997013092041,-50.32849884033203,1,1,0,0.0,4.852072983599533e-10,1,11
2074,YGV,Havre St Pierre Airport,Havre-Saint-Pierre,Canada,50.28189849853515,-63.61140060424805,4,2,2,0.0,1.626631743212034e-05,6,4
2075,MTM,Metlakatla Seaplane Base,Metakatla,United States,55.131001,-131.578003,2,1,1,0.0,9.868185804503962e-06,6,21
2076,YOP,Rainbow Lake Airport,Rainbow Lake,Canada,58.49140167236328,-119.40799713134766,4,2,2,0.0,0.00025491917290456327,4,3
2077,YFJ,Wekweètì Airport,Wekweeti,Canada,64.190804,-114.077002,2,1,1,0.0,1.388613006244495e-05,2,4
2078,SPB,Charlotte Amalie Harbor Seaplane Base,Charlotte Amalie,Virgin Islands,18.338600158691406,-64.9406967163086,0,0,0,0.0,7.939047605863066e-41,0,5
2079,UYU,Uyuni Airport,Uyuni,Bolivia,-20.446300506599997,-66.8483963013,2,1,1,0.0,2.465454714878427e-05,2,11
2080,RBQ,Rurenabaque Airport,Rerrenabaque,Bolivia,-14.4279003143,-67.4968032837,4,2,2,0.0,2.51914100590885e-05,4,11
2081,AZN,Andizhan Airport,Andizhan,Uzbekistan,40.7276992798,72.2939987183,6,3,3,0.0,0.002523166106634882,6,14
2082,RVE,Los Colonizadores Airport,Saravena,Colombia,6.951868,-71.857179,4,2,2,0.0,0.0003842047430661622,4,11
2083,KRO,Kurgan Airport,Kurgan,Russia,55.47529983520508,65.41560363769531,4,2,2,0.0,0.0015112936924162536,4,14
2084,HNH,Hoonah Airport,Hoonah,United States,58.0961,-135.410111,4,2,2,0.0,1.1482132226202694e-05,6,21
2085,VGZ,Villa Garzón Airport,Villa Garzon,Colombia,0.978767,-76.6056,2,1,1,0.0,0.00037865707276996986,2,11
2086,IJK,Izhevsk Airport,Izhevsk,Russia,56.82809829711914,53.45750045776367,6,3,3,0.0,0.0024659320698100615,8,14
2087,ELV,Elfin Cove Seaplane Base,Elfin Cove,United States,58.195201873799995,-136.347000122,1,0,1,0.0,7.939047605863066e-41,1,21
2088,OPS,Presidente João Batista Figueiredo Airport,Sinop,Brazil,-11.885000228881836,-55.58610916137695,4,2,2,0.0,0.00014379418241681325,6,11
2089,LPS,Lopez Island Airport,Lopez,United States,48.4838981628418,-122.93800354003906,0,0,0,0.0,7.939047605863066e-41,0,27
2090,KQA,Akutan Seaplane Base,Akutan,United States,54.1337704415,-165.778895617,2,1,1,0.0,9.181861939067668e-32,2,23
2091,PUG,Port Augusta Airport,Argyle,Australia,-32.506900787353516,137.7169952392578,2,1,1,0.0,7.021515439094032e-05,2,18
2092,CSH,Solovki Airport,Solovetsky Islands,Russia,65.0299987793,35.7333335876,2,1,1,0.0,3.4429781060765244e-05,2,14
2093,RVD,General Leite de Castro Airport,Rio Verde,Brazil,-17.8347225189209,-50.956111907958984,2,1,1,0.0,4.037826642008268e-05,2,11
2094,CKH,Chokurdakh Airport,Chokurdah,Russia,70.62310028076172,147.90199279785156,2,1,1,0.0,9.232061095455894e-05,4,14
2095,ILD,Lleida-Alguaire Airport,Lleida,Spain,41.728185,0.535023,2,1,1,0.0,0.0012271608510839157,2,2
2096,CHU,Chuathbaluk Airport,Chuathbaluk,United States,61.579102,-159.216003,1,1,0,0.0,1.4856530876435276e-06,1,21
2097,SHX,Shageluk Airport,Shageluk,United States,62.6922988892,-159.569000244,2,1,1,0.0,1.4856530876435276e-06,3,21
2098,PLO,Port Lincoln Airport,Port Lincoln,Australia,-34.6053009033,135.880004883,2,1,1,0.0,7.021515439094032e-05,4,18
2099,NAJ,Nakhchivan Airport,Nakhchivan,Azerbaijan,39.18880081176758,45.45840072631836,2,1,1,0.0,0.0018706134659136674,2,14
2100,EDR,Pormpuraaw Airport,Pormpuraaw,Australia,-14.896451,141.60908,4,2,2,0.0,5.076340782530251e-05,4,18
2101,PQQ,Port Macquarie Airport,Port Macquarie,Australia,-31.4358005524,152.863006592,6,3,3,0.0,0.00041262365707847744,12,18
2102,ULG,Ulgii Mongolei Airport,Olgii,Mongolia,48.9933013916,89.9225006104,2,1,1,0.0,9.235869222346289e-05,2,14
2103,PTJ,Portland Airport,Portland,Australia,-38.31809997558594,141.4709930419922,1,0,1,0.0,7.939047605863066e-41,1,18
2104,LCX,Longyan Guanzhishan Airport,Longyan,China,25.6746997833,116.747001648,2,1,1,0.0,0.0001481727542459768,2,20
2105,RMA,Roma Airport,Roma,Australia,-26.545000076300003,148.774993896,4,2,2,0.0,0.00015163559902222422,6,18
2106,KSN,Kostanay West Airport,Kostanay,Kazakhstan,53.20690155029297,63.55030059814453,6,3,3,0.0,0.001237295048285405,6,14
2107,BSD,Baoshan Yunduan Airport,Baoshan,China,25.053301,99.168297,2,1,1,0.0,0.00025994775188584,4,20
2108,XTG,Thargomindah Airport,Thargomindah,Australia,-27.986400604248047,143.81100463867188,2,1,1,0.0,1.2323816868331586e-09,2,18
2109,DZN,Zhezkazgan Airport,Zhezkazgan,Kazakhstan,47.708302,67.733299,4,2,2,0.0,0.0006486364883797849,4,14
2110,MMH,Mammoth Yosemite Airport,Mammoth Lakes,United States,37.62409973,-118.8379974,2,1,1,0.0,0.0010955465890770775,4,3
2111,HZH,Liping Airport,Liping,China,26.32217,109.1499,4,2,2,0.0,0.0007421604771918263,6,20
2112,PYJ,Polyarny Airport,Yakutia,Russia,66.4003982544,112.029998779,8,4,4,0.0,0.0015560685406053518,10,14
2113,CYX,Cherskiy Airport,Cherskiy,Russia,68.7406005859375,161.33799743652344,2,1,1,0.0,9.232061095455894e-05,4,14
2114,UDJ,Uzhhorod International Airport,Uzhgorod,Ukraine,48.634300231933594,22.263399124145508,2,1,1,0.0,0.0001848763305274547,2,2
2115,FUO,Foshan Shadi Airport,Foshan,China,23.083299636799996,113.069999695,2,1,1,0.0,5.43096317426384e-05,4,20
2116,AAX,Romeu Zema Airport,Araxa,Brazil,-19.563199996948,-46.960399627686,2,1,1,0.0,1.1554917938288013e-05,2,11
2117,CIZ,Coari Airport,Coari,Brazil,-4.134059906005859,-63.132598876953125,2,1,1,0.0,4.053472315068393e-05,2,11
2118,IFO,Ivano-Frankivsk International Airport,Ivano-Frankivsk,Ukraine,48.88420104980469,24.686100006103516,2,1,1,0.0,0.0008732880104661036,4,2
2119,PBO,Paraburdoo Airport,Paraburdoo,Australia,-23.1711006165,117.745002747,2,1,1,0.0,0.0001272821789688927,6,18
2120,BAZ,Barcelos Airport,Barcelos,Brazil,-0.981292,-62.919601,2,1,1,0.0,4.053472315068393e-05,2,11
2121,OZH,Zaporizhzhia International Airport,Zaporozhye,Ukraine,47.867000579833984,35.31570053100586,4,2,2,0.0,0.0007735348904330749,4,14
2122,DYR,Ugolny Airport,Anadyr,Russia,64.734902,177.740997,4,2,2,0.0,0.0012175222174199266,4,14
2123,KWT,Kwethluk Airport,Kwethluk,United States,60.790298461899994,-161.444000244,2,1,1,0.0,1.4660885659425128e-06,3,21
2124,KUK,Kasigluk Airport,Kasigluk,United States,60.87440109,-162.5240021,1,1,0,0.0,1.4660885659425128e-06,1,21
2125,MRE,Mara Serena Lodge Airstrip,Masai Mara,Kenya,-1.406111,35.008057,3,2,1,0.0,1.3539984235324847e-06,7,9
2126,CCK,Cocos (Keeling) Islands Airport,Cocos Keeling Island,Cocos (Keeling) Islands,-12.1883001328,96.8339004517,2,1,1,0.0,1.8380359664367544e-06,2,18
2127,EEK,Eek Airport,Eek,United States,60.21367264,-162.0438843,4,2,2,0.0,1.4875860351680833e-06,6,21
2128,RVV,Raivavae Airport,Raivavae,French Polynesia,-23.8852005005,-147.662002563,4,2,2,0.0,3.7573166722034e-05,4,17
2129,NUI,Nuiqsut Airport,Nuiqsut,United States,70.2099990845,-151.005996704,4,2,2,0.0,3.135298256018741e-06,4,21
2130,GOV,Gove Airport,Gove,Australia,-12.269399642899998,136.817993164,6,3,3,0.0,8.99785232693564e-05,10,18
2131,IKS,Tiksi Airport,Tiksi,Russia,71.697700500488,128.90299987793,2,1,1,0.0,9.232061095455894e-05,4,14
2132,PKE,Parkes Airport,Parkes,Australia,-33.131401062,148.238998413,4,2,2,0.0,0.0002610738390896028,4,18
2133,HYG,Hydaburg Seaplane Base,Hydaburg,United States,55.206298828125,-132.8280029296875,2,1,1,0.0,9.868185804503962e-06,2,21
2134,MGB,Mount Gambier Airport,Mount Gambier,Australia,-37.745601654052734,140.78500366210938,4,2,2,0.0,0.00027360994559785394,4,18
2135,MLY,Manley Hot Springs Airport,Manley Hot Springs,United States,64.99759674069999,-150.643997192,1,1,0,0.0,1.1221405106640509e-05,1,21
2136,UIH,Phu Cat Airport,Phucat,Vietnam,13.955,109.042,4,2,2,0.0,0.0006114788483634228,6,18
2137,TLA,Teller Airport,Teller,United States,65.2404022217,-166.339004517,4,2,2,0.0,1.5319103385933969e-06,6,21
2138,BHS,Bathurst Airport,Bathurst,Australia,-33.4094009399,149.651992798,4,2,2,0.0,0.0002610738390896028,4,18
2139,CPD,Coober Pedy Airport,Coober Pedy,Australia,-29.040000915527344,134.7209930419922,2,1,1,0.0,7.021515439094032e-05,2,18
2140,HPH,Cat Bi International Airport,Haiphong,Vietnam,20.819400787353516,106.7249984741211,4,2,2,0.0,0.00042594757970045065,8,18
2141,BMV,Buon Ma Thuot Airport,Buonmethuot,Vietnam,12.668299675,108.120002747,8,4,4,0.0,0.0007130820246417628,14,18
2142,AUK,Alakanuk Airport,Alakanuk,United States,62.680042266799994,-164.659927368,2,1,1,0.0,2.1496876391793674e-08,2,21
2143,MAQ,Mae Sot Airport,Tak,Thailand,16.699899673461914,98.54509735107422,2,1,1,0.0,0.000104158269511764,2,18
2144,KDO,Kadhdhoo Airport,Laamu Atoll,Maldives,1.8591699600219729,73.52189636230469,4,2,2,0.0,0.000274690710809519,4,9
2145,CNJ,Cloncurry Airport,Cloncurry,Australia,-20.6686000824,140.503997803,6,3,3,0.0,0.00016405282539720388,10,18
2146,CED,Ceduna Airport,Ceduna,Australia,-32.13059997558594,133.7100067138672,2,1,1,0.0,7.021515439094032e-05,2,18
2147,KFP,False Pass Airport,False Pass,United States,54.8474006652832,-163.41000366210938,2,1,1,0.0,1.4635574980569444e-06,2,21
2148,WLK,Selawik Airport,Selawik,United States,66.60009766,-159.9859924,2,1,1,0.0,1.4869611405029338e-06,4,21
2149,NLG,Nelson Lagoon Airport,Nelson Lagoon,United States,56.007499694824,-161.16000366211,2,1,1,0.0,1.4635574980569444e-06,2,21
2150,DPO,Devonport Airport,Devonport,Australia,-41.1697006226,146.429992676,2,1,1,0.0,0.0002033947912069136,2,18
2151,ELC,Elcho Island Airport,Elcho Island,Australia,-12.019399642899998,135.570999146,2,1,1,0.0,5.582847861119665e-07,2,18
2152,KLW,Klawock Airport,Klawock,United States,55.579200744599994,-133.076004028,2,1,1,0.0,9.868185804503962e-06,3,21
2153,KEP,Nepalgunj Airport,Nepalgunj,Nepal,28.103599548339844,81.66699981689453,2,1,1,0.0,0.00019704657496024858,2,9
2154,DIN,Dien Bien Phu Airport,Dienbienphu,Vietnam,21.3974990845,103.008003235,2,1,1,0.0,0.00027589631766293505,2,18
2155,PXU,Pleiku Airport,Pleiku,Vietnam,14.00450038909912,108.01699829101562,6,3,3,0.0,0.0007018438973633857,6,18
2156,EPR,Esperance Airport,Esperance,Australia,-33.684399,121.822998,3,1,2,0.0,0.0001272821789688927,5,18
2157,IKO,Nikolski Air Station,Nikolski,United States,52.94160079956055,-168.8489990234375,2,1,1,0.0,9.181861939067668e-32,2,23
2158,KUD,Kudat Airport,Kudat,Malaysia,6.922500133514404,116.83599853515624,4,2,2,0.0,0.00011985030725202935,4,18
2159,ALH,Albany Airport,Albany,Australia,-34.94329833984375,117.80899810791016,4,2,2,0.0,0.00012914675387317598,6,18
2160,BBN,Bario Airport,Bario,Malaysia,3.7338900566101074,115.47899627685548,4,2,2,0.0,2.7872074260102005e-05,4,18
2161,SMK,St Michael Airport,St. Michael,United States,63.49010086,-162.1100006,2,1,1,0.0,1.4857192097427746e-06,4,21
2162,BKM,Bakalalan Airport,Bakalalan,Malaysia,3.973999977111816,115.61799621582033,2,1,1,0.0,1.9874718557296076e-06,2,18
2163,MKM,Mukah Airport,Mukah,Malaysia,2.90639,112.080002,4,2,2,0.0,5.034183623670843e-05,4,18
2164,BCI,Barcaldine Airport,Barcaldine,Australia,-23.5652999878,145.307006836,2,1,1,0.0,0.0001493614974410942,2,18
2165,ODN,Long Seridan Airport,Long Seridan,Malaysia,3.9670000076293945,115.0500030517578,4,2,2,0.0,2.7872074260102005e-05,4,18
2166,LGL,Long Lellang Airport,Long Datih,Malaysia,3.4210000038099997,115.153999329,4,2,2,0.0,2.7872074260102005e-05,4,18
2167,BEJ,Kalimarau Airport,Tanjung Redep-Borneo Island,Indonesia,2.1555,117.431999,2,1,1,0.0,2.6965412155232964e-05,6,18
2168,TNC,Tin City Long Range Radar Station Airport,Tin City,United States,65.56310272,-167.9219971,2,1,1,0.0,1.5094522641767599e-06,2,21
2169,TMC,Tambolaka Airport,Waikabubak-Sumba Island,Indonesia,-9.40972,119.244003,4,2,2,0.0,0.000145973191802438,6,18
2170,KAW,Kawthoung Airport,Kawthoung,Burma,10.04930019378662,98.53800201416016,2,1,1,0.0,3.084226748462382e-08,2,18
2171,AKB,Atka Airport,Atka,United States,52.22029877,-174.2059937,2,1,1,0.0,9.181861939067668e-32,2,23
2172,HTI,Hamilton Island Airport,Hamilton Island,Australia,-20.3581008911,148.95199585,8,4,4,0.0,0.0006600908744007261,14,18
2173,BUC,Burketown Airport,Burketown,Australia,-17.748600006103516,139.53399658203125,4,2,2,0.0,7.420650700925322e-08,4,18
2174,WMO,White Mountain Airport,White Mountain,United States,64.689201355,-163.412994385,4,2,2,0.0,1.5319059097259147e-06,8,21
2175,BDP,Bhadrapur Airport,Chandragarhi,Nepal,26.5708007812,88.07959747310001,2,1,1,0.0,0.00019704657496024858,2,9
2176,BHR,Bharatpur Airport,Bharatpur,Nepal,27.678101,84.429398,2,1,1,0.0,0.00019704657496024858,2,9
2177,MYA,Moruya Airport,Moruya,Australia,-35.8978004456,150.143997192,4,2,2,0.0,0.00026401115209967474,4,18
2178,CSY,Cheboksary Airport,Cheboksary,Russia,56.090301513671875,47.3473014831543,4,2,2,0.0,0.0020609695974611805,4,14
2179,PIP,Pilot Point Airport,Pilot Point,United States,57.5803985596,-157.572006226,1,1,0,0.0,1.484087509121741e-06,1,21
2180,KNS,King Island Airport,King Island,Australia,-39.877498626708984,143.8780059814453,4,2,2,0.0,0.0002065024219224913,4,18
2181,KPV,Perryville Airport,Perryville,United States,55.905998,-159.162993,1,0,1,0.0,7.939047605863066e-41,1,21
2182,URS,Kursk East Airport,Kursk,Russia,51.7505989074707,36.29560089111328,2,1,1,0.0,0.0005886585599056202,2,14
2183,KWM,Kowanyama Airport,Kowanyama,Australia,-15.485600471496582,141.75100708007812,4,2,2,0.0,5.076340782530251e-05,4,18
2184,AIN,Wainwright Airport,Wainwright,United States,70.6380004883,-159.994995117,4,2,2,0.0,1.5098515301527798e-06,4,21
2185,LDH,Lord Howe Island Airport,Lord Howe Island,Australia,-31.5382995605,159.07699585,6,3,3,0.0,0.00041262365707847744,6,18
2186,LSY,Lismore Airport,Lismore,Australia,-28.8302993774,153.259994507,2,1,1,0.0,0.0002573041769888824,2,18
2187,TMJ,Termez Airport,Termez,Uzbekistan,37.28670120239258,67.30999755859375,4,2,2,0.0,0.0015685277292410743,4,14
2188,KSQ,Karshi Khanabad Airport,Khanabad,Uzbekistan,38.8335990906,65.9215011597,6,3,3,0.0,0.002523166106634882,10,14
2189,MGT,Milingimbi Airport,Milingimbi,Australia,-12.0944004059,134.893997192,2,1,1,0.0,5.582847861119665e-07,2,18
2190,TKJ,Tok Junction Airport,Tok,United States,63.32949829,-142.9539948,0,0,0,0.0,7.939047605863066e-41,0,8
2191,MCV,McArthur River Mine Airport,McArthur River Mine,Australia,-16.4424991608,136.083999634,2,1,1,0.0,3.864888674178934e-05,2,18
2192,MRZ,Moree Airport,Moree,Australia,-29.498899459799997,149.845001221,2,1,1,0.0,0.0002573041769888824,2,18
2193,MOV,Moranbah Airport,Moranbah,Australia,-22.057800293,148.07699585,4,2,2,0.0,0.00015971326922969515,6,18
2194,SLQ,Sleetmute Airport,Sleetmute,United States,61.7005004883,-157.166000366,1,0,1,0.0,7.939047605863066e-41,1,21
2195,LMA,Minchumina Airport,Lake Minchumina,United States,63.886002,-152.302002,2,1,1,0.0,1.1221405106640509e-05,2,21
2196,AKI,Akiak Airport,Akiak,United States,60.9029006958,-161.231002808,0,0,0,0.0,7.939047605863066e-41,0,28
2197,AKK,Akhiok Airport,Akhiok,United States,56.9387016296,-154.182998657,2,1,1,0.0,1.462946131452689e-06,2,21
2198,ORV,Robert (Bob) Curtis Memorial Airport,Noorvik,United States,66.81790161,-161.0189972,4,2,2,0.0,1.5087602119447404e-06,8,21
2199,OSW,Orsk Airport,Orsk,Russia,51.0724983215332,58.59560012817383,2,1,1,0.0,0.0011063312200673726,2,14
2200,IAN,Bob Baker Memorial Airport,Kiana,United States,66.9759979248,-160.43699646,4,2,2,0.0,1.5087602119447404e-06,8,21
2201,HOE,Ban Huoeisay Airport,Huay Xai,Laos,20.2572994232,100.43699646,2,1,1,0.0,6.624745114628522e-05,2,18
2202,BZL,Barisal Airport,Barisal,Bangladesh,22.801000595092773,90.30120086669922,2,1,1,0.0,0.0002719943931713131,2,9
2203,DMU,Dimapur Airport,Dimapur,India,25.8838996887,93.7711029053,4,2,2,0.0,0.00014690008943777578,4,9
2204,BKC,Buckland Airport,Buckland,United States,65.9815979004,-161.149002075,4,2,2,0.0,1.5087602119447404e-06,8,21
2205,KKH,Kongiganak Airport,Kongiganak,United States,59.960800170899994,-162.880996704,4,2,2,0.0,1.4875815414815529e-06,5,21
2206,KYK,Karluk Airport,Karluk,United States,57.5671005249,-154.449996948,1,1,0,0.0,2.113689551333568e-08,1,21
2207,GET,Geraldton Airport,Geraldton,Australia,-28.796101,114.707001,2,1,1,0.0,0.0001272821789688927,6,18
2208,SHL,Shillong Airport,Shillong,India,25.70359992980957,91.97869873046876,2,1,1,0.0,0.00013375445276101632,2,9
2209,NIB,Nikolai Airport,Nikolai,United States,63.0186,-154.358002,2,1,1,0.0,1.4844157082166066e-06,2,21
2210,GTE,Groote Eylandt Airport,Groote Eylandt,Australia,-13.9750003815,136.460006714,6,3,3,0.0,8.99785232693564e-05,8,18
2211,GFF,Griffith Airport,Griffith,Australia,-34.2508010864,146.067001343,4,2,2,0.0,0.0002610738390896028,4,18
2212,KCT,Koggala Airport,Koggala,Sri Lanka,5.993680000305176,80.32029724121094,2,1,1,0.0,0.00037916351348953113,2,9
2213,HID,Horn Island Airport,Horn Island,Australia,-10.586400032,142.289993286,2,1,1,0.0,5.003040876383587e-05,2,18
2214,HBX,Hubli Airport,Hubli,India,15.361700058,75.08489990230001,4,2,2,0.0,0.0008417562422779817,4,9
2215,SKX,Saransk Airport,Saransk,Russia,54.12512969970703,45.212257385253906,4,2,2,0.0,0.0020609695974611805,4,14
2216,PEZ,Penza Airport,Penza,Russia,53.110599517822266,45.02109909057617,2,1,1,0.0,0.0011063312200673726,2,14
2217,PPK,Petropavlosk South Airport,Petropavlosk,Kazakhstan,54.77470016479492,69.18389892578125,4,2,2,0.0,0.0006486364883797849,4,14
2218,WYA,Whyalla Airport,Whyalla,Australia,-33.05889892578125,137.51400756835938,2,1,1,0.0,7.021515439094032e-05,2,18
2219,KOV,Kokshetau Airport,Kokshetau,Kazakhstan,53.329102,69.594597,4,2,2,0.0,0.001485606398193454,4,14
2220,IRZ,Tapuruquara Airport,Santa Isabel do Rio Negro,Brazil,-0.3786,-64.9923,2,1,1,0.0,5.858144318970252e-07,2,11
2221,TKG,Radin Inten II (Branti) Airport,Bandar Lampung-Sumatra Island,Indonesia,-5.240556,105.175556,5,3,2,0.0,0.000290724986778406,11,18
2222,CYF,Chefornak Airport,Chefornak,United States,60.1492004395,-164.285995483,4,2,2,0.0,1.4878922472000335e-06,6,21
2223,KDU,Skardu Airport,Skardu,Pakistan,35.33549880981445,75.53600311279297,2,1,1,0.0,0.0003681554324244646,2,9
2224,LZY,Nyingchi Airport,Nyingchi,China,29.303300857543945,94.33529663085938,4,2,2,0.0,0.0004360320708277312,10,20
2225,ORX,Oriximiná Airport,Oriximina,Brazil,-1.714079976081848,-55.83620071411133,3,3,0,0.0,2.1259752193158193e-06,3,11
2226,DEA,Dera Ghazi Khan Airport,Dera Ghazi Khan,Pakistan,29.961000442504883,70.48590087890625,5,3,2,0.0,0.0008880183902898483,5,9
2227,DBA,Dalbandin Airport,Dalbandin,Pakistan,28.8782997131,64.3998031616,2,1,1,0.0,1.4618372843879446e-05,2,9
2228,CJL,Chitral Airport,Chitral,Pakistan,35.886600494384766,71.80059814453125,4,2,2,0.0,0.0004827472865371893,4,9
2229,HHH,Hilton Head Airport,Hilton Head Island,United States,32.2243995667,-80.6975021362,4,2,2,0.0,0.0013377106067048324,8,3
2230,THX,Turukhansk Airport,Turukhansk,Russia,65.797203064,87.9353027344,2,1,1,0.0,0.00016119658784794502,2,14
2231,BHV,Bahawalpur Airport,Bahawalpur,Pakistan,29.348100662231445,71.71800231933594,7,4,3,0.0,0.0009770377673530733,11,9
2232,OMH,Urmia Airport,Uromiyeh,Iran,37.6680984497,45.0686988831,4,2,2,0.0,0.0006763531707663632,6,9
2233,PGV,Pitt Greenville Airport,Greenville,United States,35.6352005,-77.38529968,2,1,1,0.0,0.0008232572774875678,4,3
2234,LWB,Greenbrier Valley Airport,Lewisburg,United States,37.8582992554,-80.3994979858,4,2,2,0.0,0.002254285920050409,4,3
2235,AKU,Aksu Airport,Aksu,China,41.262501,80.291702,4,2,2,0.0,0.0005984969271530682,11,20
2236,BRD,Brainerd Lakes Regional Airport,Brainerd,United States,46.39830017,-94.13809967,4,2,2,0.0,0.0007085149373795012,4,3
2237,ADU,Ardabil Airport,Ardabil,Iran,38.3256988525,48.4244003296,4,2,2,0.0,0.00013984617085971332,6,9
2238,GXF,Sayun International Airport,Sayun Intl,Yemen,15.9660997391,48.78829956049999,8,4,4,0.0,0.0018145591183167506,10,9
2239,OLC,Senadora Eunice Micheles Airport,Sao Paulo de Olivenca,Brazil,-3.46792950765,-68.9204120636,2,1,1,0.0,5.858144318970252e-07,2,11
2240,SRY,Dasht-e Naz Airport,Dasht-e-naz,Iran,36.635799408,53.193599700899995,8,4,4,0.0,0.00029375908209152926,12,9
2241,ADK,Adak Airport,Adak Island,United States,51.87799835205078,-176.64599609375,2,1,1,0.0,0.00010125821714493852,2,21
2242,GUC,Gunnison Crested Butte Regional Airport,Gunnison,United States,38.53390121,-106.9329987,2,1,1,0.0,0.000707486606751884,2,3
2243,HMB,Sohag International Airport,Sohag,Egypt,26.342778,31.742778,10,5,5,0.0,0.002844815999373417,18,9
2244,TVF,Thief River Falls Regional Airport,Thief River Falls,United States,48.06570053,-96.18499756,2,1,1,0.0,2.278161588477812e-05,2,3
2245,MOU,Mountain Village Airport,Mountain Village,United States,62.095401763916016,-163.6820068359375,2,1,1,0.0,1.4632562452791639e-06,2,21
2246,ULV,Ulyanovsk Baratayevka Airport,Ulyanovsk,Russia,54.26829910279999,48.226699829100006,4,2,2,0.0,0.0015112936924162536,4,14
2247,ASE,Aspen-Pitkin Co/Sardy Field,Aspen,United States,39.22320175,-106.8690033,4,2,2,0.0,0.0018030331958289614,4,3
2248,SXX,São Félix do Xingu Airport,Sao Felix do Xingu,Brazil,-6.6413,-51.9523,1,0,1,0.0,7.939047605863066e-41,1,11
2249,BYO,Bonito Airport,Bointo,Brazil,-21.247299,-56.452499,2,1,1,0.0,4.037826642008268e-05,2,11
2250,BPX,Qamdo Bangda Airport,Bangda,China,30.553600311279297,97.1082992553711,4,2,2,0.0,0.0004360320708277312,6,20
2251,HNS,Haines Airport,Haines,United States,59.24380111694336,-135.5240020751953,4,2,2,0.0,1.1482132226202694e-05,7,21
2252,STS,Charles M. Schulz Sonoma County Airport,Santa Rosa,United States,38.50899887,-122.8130035,8,4,4,0.0,0.002622671463689907,12,3
2253,SGY,Skagway Airport,Skagway,United States,59.46009826660156,-135.3159942626953,4,2,2,0.0,1.1482132226202694e-05,7,21
2254,UST,Northeast Florida Regional Airport,St. Augustine Airport,United States,29.9592,-81.339798,2,1,1,0.0,0.00010611132269781183,2,3
2255,IAO,Siargao Airport,Siargao,Philippines,9.8591,126.014,2,1,1,0.0,6.939730864971996e-05,2,18
2256,ERN,Eirunepé Airport,Eirunepe,Brazil,-6.639530181884766,-69.87979888916016,2,1,1,0.0,5.858144318970252e-07,2,11
2257,QRW,Warri Airport,Osubi,Nigeria,5.59611,5.81778,4,2,2,0.0,0.0005250560917252457,4,13
2258,GST,Gustavus Airport,Gustavus,United States,58.4253006,-135.7070007,4,2,2,0.0,1.1482132226202694e-05,6,21
2259,NYT,Naypyidaw Airport,Naypyidaw,Burma,19.623501,96.200996,4,2,2,0.0,0.0011800125925365119,4,18
2260,NSH,Noshahr Airport,Noshahr,Iran,36.663299560546875,51.464698791503906,4,2,2,0.0,0.00013984617085971332,4,9
2261,JIU,Jiujiang Lushan Airport,Jiujiang,China,29.476944,115.801111,8,4,4,0.0,0.0022039009345471696,12,20
2262,TGJ,Tiga Airport,Tiga,New Caledonia,-21.096099853515625,167.8040008544922,4,2,2,0.0,1.2689949769139887e-27,4,19
2263,DLY,Dillon's Bay Airport,Dillon's Bay,Vanuatu,-18.7693996429,169.00100708,4,2,2,0.0,9.617015478124222e-06,4,18
2264,AWD,Aniwa Airport,Aniwa,Vanuatu,-19.2346,169.6009,4,2,2,0.0,1.4100841333436938e-07,4,18
2265,UKX,Ust-Kut Airport,Ust-Kut,Russia,56.8567008972168,105.7300033569336,2,1,1,0.0,0.0001060481355492062,4,14
2266,UMD,Uummannaq Heliport,Uummannaq,Greenland,70.6804279261,-52.111630439799995,2,1,1,0.0,6.655258005859809e-09,2,1
2267,KCK,Kirensk Airport,Kirensk,Russia,57.773,108.064,2,1,1,0.0,0.0001060481355492062,2,14
2268,EAT,Pangborn Memorial Airport,Wenatchee,United States,47.3988990784,-120.207000732,2,1,1,0.0,0.0006711197531283853,2,3
2269,RLK,Bayannur Tianjitai Airport,Bayannur,China,40.926,107.7428,6,3,3,0.0,0.0015233783614800184,8,20
2270,UTS,Ust-Tsylma Airport,Ust-Tsylma,Russia,65.43729400630001,52.20033645629999,2,1,1,0.0,4.030555564109036e-05,2,14
2271,AUY,Aneityum Airport,Anelghowhat,Vanuatu,-20.2492008209,169.770996094,2,1,1,0.0,1.3897165386528745e-07,2,18
2272,SWJ,Southwest Bay Airport,Malekula Island,Vanuatu,-16.4864,167.4472,4,2,2,0.0,9.652309456224799e-06,4,18
2273,HEK,Heihe Airport,Heihe,China,50.1716209371,127.308883667,4,2,2,0.0,0.0001560608405396572,6,20
2274,RGK,Gorno-Altaysk Airport,Gorno-Altaysk,Russia,51.9667015076,85.8332977295,2,1,1,0.0,0.0011063312200673726,2,14
2275,VLS,Valesdir Airport,Valesdir,Vanuatu,-16.796100616500002,168.177001953,2,1,1,0.0,9.476152938814227e-06,2,18
2276,MQJ,Moma Airport,Honuu,Russia,66.450861,143.261551,2,1,1,0.0,9.232061095455894e-05,4,14
2277,LLK,Lankaran International Airport,Lankaran,Azerbaijan,38.746398925799994,48.8180007935,4,2,2,0.0,0.0020609695974611805,4,14
2278,TGH,Tongoa Airport,Tongoa Island,Vanuatu,-16.8910999298,168.550994873,2,1,1,0.0,9.476152938814227e-06,2,18
2279,GBB,Gabala International Airport,Qabala,Azerbaijan,40.826667,47.7125,2,1,1,0.0,0.0011063312200673726,2,14
2280,FTA,Futuna Airport,Futuna Island,Vanuatu,-19.5163993835,170.231994629,4,2,2,0.0,1.4100841333436938e-07,4,18
2281,YIN,Yining Airport,Yining,China,43.955799,81.330299,4,2,2,0.0,0.0005984969271530682,8,20
2282,TGP,Podkamennaya Tunguska Airport,Bor,Russia,61.589699,89.994003,2,1,1,0.0,0.00016119658784794502,2,14
2283,RMT,Rimatara Airport,Rimatara,French Polynesia,-22.63725,-152.8059,4,2,2,0.0,3.758100570733435e-05,4,17
2284,AAT,Altay Air Base,Altay,China,47.7498855591,88.08580780030002,2,1,1,0.0,0.00020302097525129784,4,20
2285,KEW,Keewaywin Airport,Keewaywin,Canada,52.991100311299995,-92.8364028931,2,1,1,0.0,2.7573075646511978e-08,2,7
2286,AFZ,Sabzevar National Airport,Sabzevar,Iran,36.16809844970703,57.59519958496094,2,1,1,0.0,1.9665309793445104e-05,2,9
2287,ULH,Majeed Bin Abdulaziz Airport,Al-Ula,Saudi Arabia,26.48,38.1288888889,4,2,2,0.0,0.00080624155861407,4,9
2288,BJB,Bojnord Airport,Bojnourd,Iran,37.49300003051758,57.30820083618164,2,1,1,0.0,1.9665309793445104e-05,2,9
2289,DRK,Drake Bay Airport,Puntarenas,Costa Rica,8.71889019012,-83.6417007446,2,1,1,0.0,0.00027592226596957704,6,3
2290,KCA,Kuqa Airport,Kuqa,China,41.677856,82.872917,2,1,1,0.0,0.00020302097525129784,4,20
2291,BXR,Bam Airport,Bam,Iran,29.084199905395508,58.45000076293945,2,1,1,0.0,1.9665309793445104e-05,2,9
2292,IAR,Tunoshna Airport,Yaroslavl,Russia,57.560699462890625,40.15739822387695,2,1,1,0.0,0.000954638377393808,2,14
2293,GDZ,Gelendzhik Airport,Gelendzhik,Russia,44.5820926295,38.0124807358,2,1,1,0.0,0.0013913267773659683,2,14
2294,KHD,Khoram Abad Airport,Khorram Abad,Iran,33.43539810180664,48.282901763916016,2,1,1,0.0,1.9665309793445104e-05,2,9
2295,WAE,Wadi Al Dawasir Airport,Wadi-al-dawasir,Saudi Arabia,20.504299163800003,45.199600219699995,4,2,2,0.0,0.0012284013393936927,4,9
2296,AJF,Al-Jawf Domestic Airport,Al-Jawf,Saudi Arabia,29.78510093688965,40.099998474121094,4,2,2,0.0,0.0012284013393936927,4,9
2297,KRY,Karamay Airport,Karamay,China,45.46655,84.9527,2,1,1,0.0,0.00020302097525129784,4,20
2298,ILP,Île des Pins Airport,Île des Pins,New Caledonia,-22.58889961242676,167.45599365234375,2,1,1,0.0,7.8882006445082445e-28,2,19
2299,TGK,Taganrog Yuzhny Airport,Taganrog,Russia,47.1983333,38.8491667,2,1,1,0.0,0.0011063312200673726,2,14
2300,BMY,Île Art - Waala Airport,Waala,New Caledonia,-19.720600128173828,163.66099548339844,3,1,2,0.0,2.6683101685780735e-28,3,19
2301,JUZ,Quzhou Airport,Quzhou,China,28.965799,118.899002,6,3,3,0.0,0.0005347810138339125,12,20
2302,YZZ,Trail Airport,Trail,Canada,49.0555992126,-117.60900116,2,1,1,0.0,0.0005475315644199206,2,3
2303,VIJ,Virgin Gorda Airport,Spanish Town,British Virgin Islands,18.446399688720703,-64.42749786376953,4,2,2,0.0,0.0005044900954586385,8,3
2304,LQM,Caucaya Airport,Puerto Leguízamo,Colombia,-0.182278,-74.7708,2,1,1,0.0,6.426626320332993e-06,2,11
2305,ESM,General Rivadeneira Airport,Esmeraldas,Ecuador,0.9785190224647522,-79.62660217285156,6,3,3,0.0,0.00031964681542021945,6,11
2306,LOH,Camilo Ponce Enriquez Airport,La Toma (Catamayo),Ecuador,-3.99589,-79.371902,4,2,2,0.0,0.00025331728396409895,4,11
2307,SCY,San Cristóbal Airport,San Cristóbal,Ecuador,-0.910206,-89.617401,2,1,1,0.0,9.809482934299632e-05,8,11
2308,RVT,Ravensthorpe Airport,Ravensthorpe,Australia,-33.7971992493,120.208000183,3,2,1,0.0,0.00012911983170115063,5,18
2309,LAM,Los Alamos Airport,Los Alamos,United States,35.8797988892,-106.268997192,2,1,1,0.0,0.0002082281088302305,2,3
2310,RNA,Ulawa Airport,Ulawa,Solomon Islands,-9.86054358262,161.979546547,4,2,2,0.0,3.972254049335883e-06,4,0
2311,GDV,Dawson Community Airport,Glendive,United States,47.13869858,-104.8069992,2,1,1,0.0,5.3726739698947514e-05,2,3
2312,MCK,Mc Cook Ben Nelson Regional Airport,McCook,United States,40.20629883,-100.5920029,2,1,1,0.0,0.000707486606751884,2,3
2313,CHY,Choiseul Bay Airport,Choiseul Bay,Solomon Islands,-6.711944,156.396111,3,2,1,0.0,3.97394884743436e-06,3,0
2314,NNB,Santa Ana Airport,Santa Ana,Solomon Islands,-10.847994,162.454108,4,2,2,0.0,3.972254049335883e-06,4,0
2315,MII,Frank Miloye Milenkowichi–Marília State Airport,Marília,Brazil,-22.1968994141,-49.926399231,4,2,2,0.0,4.119631017036165e-05,4,11
2316,ENH,Enshi Airport,Enshi,China,30.3202991486,109.48500061,2,1,1,0.0,0.00023826360022394024,8,20
2317,LEC,Coronel Horácio de Mattos Airport,Lençóis,Brazil,-12.4822998047,-41.2770004272,2,1,1,0.0,0.0001204216991333442,2,11
2318,SDY,Sidney - Richland Regional Airport,Sidney,United States,47.706902,-104.193001,2,1,1,0.0,5.3726739698947514e-05,2,3
2319,RXS,Roxas Airport,Roxas City,Philippines,11.597700119018556,122.7519989013672,2,1,1,0.0,0.0003334404340357145,6,18
2320,DIK,Dickinson Theodore Roosevelt Regional Airport,Dickinson,United States,46.7974014282,-102.802001953,4,2,2,0.0,0.0014057683094822768,4,3
2321,NDU,Rundu Airport,Rundu,Namibia,-17.956499099731,19.719400405884,4,2,2,0.0,2.6797251240684263e-30,4,26
2322,OLF,L M Clayton Airport,Wolf Point,United States,48.0945014954,-105.574996948,2,1,1,0.0,5.3726739698947514e-05,2,3
2323,LPD,La Pedrera Airport,La Pedrera,Colombia,-1.32861,-69.5797,2,1,1,0.0,5.468697856284012e-06,2,11
2324,MBT,Moises R. Espinosa Airport,Masbate,Philippines,12.369682,123.630095,2,1,1,0.0,0.0003334404340357145,2,18
2325,NQU,Reyes Murillo Airport,Nuquí,Colombia,5.6964,-77.2806,2,1,1,0.0,5.9827507851978595e-06,2,11
2326,HJJ,Zhijiang Airport,Zhijiang,China,27.4411111111,109.7,4,2,2,0.0,0.0007958710617865615,6,20
2327,JPR,Ji-Paraná Airport,Ji-Paraná,Brazil,-10.8708000183,-61.8465003967,2,1,1,0.0,2.045773400592563e-05,4,11
2328,VIG,Juan Pablo Pérez Alfonso Airport,El Vigía,Venezuela,8.624139,-71.672668,4,2,2,0.0,0.00032959235949468415,6,11
2329,LNJ,Lintsang Airfield,Lincang,China,23.7381000519,100.025001526,2,1,1,0.0,0.00025994775188584,4,20
2330,HUU,Alferez Fap David Figueroa Fernandini Airport,Huánuco,Peru,-9.878809928894045,-76.20480346679688,2,1,1,0.0,0.00033074372340139417,4,11
2331,YES,Yasouj Airport,Yasuj,Iran,30.700500488281,51.545101165771,2,1,1,0.0,1.9665309793445104e-05,2,9
2332,CJA,Mayor General FAP Armando Revoredo Iglesias Airport,Cajamarca,Peru,-7.1391801834106445,-78.4894027709961,2,1,1,0.0,0.00033074372340139417,4,11
2333,VEL,Vernal Regional Airport,Vernal,United States,40.4408989,-109.5100021,2,1,1,0.0,0.00046436088725939907,2,3
2334,OSM,Mosul International Airport,Mosul,Iraq,36.305801,43.1474,4,2,2,0.0,0.0025867864352130602,6,9
2335,CNY,Canyonlands Field,Moab,United States,38.75500107,-109.7549973,2,1,1,0.0,0.00046436088725939907,2,3
2336,ULZ,Donoi Airport,Uliastai,Mongolia,47.7093,96.5258,2,1,1,0.0,9.235869222346289e-05,2,14
2337,RIB,Capitán Av. Selin Zeitun Lopez Airport,Riberalta,Bolivia,-11.0,-66.0,2,1,1,0.0,5.368629103042354e-07,2,11
2338,ULO,Ulaangom Airport,Ulaangom,Mongolia,50.066588,91.938273,2,1,1,0.0,9.235869222346289e-05,2,14
2339,GYA,Capitán de Av. Emilio Beltrán Airport,Guayaramerín,Bolivia,-10.820599556,-65.3455963135,2,1,1,0.0,5.368629103042354e-07,2,11
2340,ALS,San Luis Valley Regional Bergman Field,Alamosa,United States,37.434898,-105.866997,4,2,2,0.0,0.0007179725895954795,12,3
2341,EYP,El Yopal Airport,Yopal,Colombia,5.31911,-72.384,2,1,1,0.0,0.00037865707276996986,4,11
2342,PDA,Obando Airport,Puerto Inírida,Colombia,3.85353,-67.9062,4,2,2,0.0,0.00038436506946713946,6,11
2343,ECP,Northwest Florida Beaches International Airport,Panama City,United States,30.357106,-85.795414,10,5,5,0.0,0.002841135684076741,14,3
2344,MYQ,Mysore Airport,Mysore,India,12.23,76.655833,2,1,1,0.0,0.000277138081563178,2,9
2345,ZKG,Kegaska Airport,Kegaska,Canada,50.1958007812,-61.2658004761,4,2,2,0.0,4.7020923900123097e-07,4,4
2346,LTI,Altai Airport,Altai,Mongolia,46.37639999389648,96.22109985351562,2,1,1,0.0,1.3336870703893469e-06,2,14
2347,HIN,Sacheon Air Base/Airport,Sacheon,South Korea,35.088591,128.071747,4,2,2,0.0,0.0001643522171716444,6,20
2348,DLZ,Dalanzadgad Airport,Dalanzadgad,Mongolia,43.59170150756836,104.43000030517578,1,1,0,0.0,9.235869222346289e-05,1,14
2349,HVD,Khovd Airport,Khovd,Mongolia,47.9541015625,91.6281967163086,2,1,1,0.0,9.235869222346289e-05,2,14
2350,OBY,Ittoqqortoormiit Heliport,Ittoqqortoormiit,Greenland,70.4882288244,-21.9716799259,2,1,1,0.0,1.664938956473094e-34,2,25
2351,YNY,Yangyang International Airport,Sokcho / Gangneung,South Korea,38.061298,128.669006,2,1,1,0.0,0.0008509343848028621,2,20
2352,MXV,Mörön Airport,Muren,Mongolia,49.663299560546875,100.0989990234375,2,1,1,0.0,9.235869222346289e-05,4,14
2353,LUM,Mangshi Airport,Luxi,China,24.4011,98.5317,8,4,4,0.0,0.0024466957186591288,12,20
2354,WJU,Wonju/Hoengseong Air Base (K-38/K-46),Wonju,South Korea,37.441201,127.963858,2,1,1,0.0,0.00012516426891760773,2,20
2355,KUV,Kunsan Air Base,Kunsan,South Korea,35.90380096435547,126.61599731445312,2,1,1,0.0,0.00012516426891760773,4,20
2356,SYO,Shonai Airport,Shonai,Japan,38.81219863889999,139.787002563,2,1,1,0.0,0.0003332204388897051,2,18
2357,ONJ,Odate Noshiro Airport,Odate Noshiro,Japan,40.1918983459,140.371002197,2,1,1,0.0,0.0003332204388897051,2,18
2358,FKS,Fukushima Airport,Fukushima,Japan,37.22740173339844,140.43099975585938,4,2,2,0.0,0.00015184118396236146,8,18
2359,IWJ,Iwami Airport,Iwami,Japan,34.676399231,131.789993286,2,1,1,0.0,0.0003332204388897051,2,18
2360,SYM,Pu'er Simao Airport,Simao,China,22.793301,100.959,2,1,1,0.0,0.00025994775188584,6,20
2361,VIN,Vinnytsia/Gavyryshivka Airport,Vinnitsa,Ukraine,49.242531,28.613778,2,1,1,0.0,0.0011620245453271949,2,2
2362,MBL,Manistee Co Blacker Airport,Manistee,United States,44.2723999,-86.24690247,2,1,1,0.0,0.00041455856521043573,2,3
2363,ZAT,Zhaotong Airport,Zhaotong,China,27.325599670410156,103.75499725341795,4,2,2,0.0,0.0005198126111067011,6,20
2364,JHW,Chautauqua County-Jamestown Airport,Jamestown,United States,42.15340042,-79.25800323,4,2,2,0.0,0.00043253384044209436,4,3
2365,NME,Nightmute Airport,Nightmute,United States,60.471000671387,-164.70100402832,2,1,1,0.0,1.4660885659425128e-06,4,21
2366,CRM,Catarman National Airport,Catarman,Philippines,12.502400398254396,124.63600158691406,2,1,1,0.0,0.0003334404340357145,4,18
2367,IZA,Zona da Mata Regional Airport,Juiz de Fora,Brazil,-21.5130558014,-43.1730575562,4,2,2,0.0,0.00010734968052450787,4,11
2368,CYP,Calbayog Airport,Calbayog City,Philippines,12.072699546813965,124.54499816894533,2,1,1,0.0,0.0003334404340357145,2,18
2369,TCZ,Tengchong Tuofeng Airport,Tengchong,China,24.9380555556,98.4858333333,8,4,4,0.0,0.0008019790533029772,10,20
2370,UKS,Belbek Airport,Sevastopol,Ukraine,44.688999176,33.570999145500004,4,2,2,0.0,0.0019796192305334766,4,14
2371,VRC,Virac Airport,Virac,Philippines,13.57639980316162,124.20600128173828,2,1,1,0.0,0.0003334404340357145,2,18
2372,YUS,Yushu Batang Airport,Yushu,China,32.836388888900004,97.0363888889,2,1,1,0.0,6.782762818428421e-05,4,20
2373,TUG,Tuguegarao Airport,Tuguegarao,Philippines,17.6433676823,121.733150482,2,1,1,0.0,0.0003334404340357145,6,18
2374,GOQ,Golmud Airport,Golmud,China,36.4006,94.786102,4,2,2,0.0,0.0002771166296912563,4,20
2375,BSO,Basco Airport,Basco,Philippines,20.4513,121.980003,2,1,1,0.0,0.0003334404340357145,4,18
2376,WNP,Naga Airport,Naga,Philippines,13.58489990234375,123.2699966430664,2,1,1,0.0,0.0003334404340357145,4,18
2377,SUG,Surigao Airport,Sangley Point,Philippines,9.755838325629998,125.480947495,4,2,2,0.0,0.00040283774268543444,6,18
2378,PUE,Puerto Obaldia Airport,Puerto Obaldia,Panama,8.667,-77.418,2,1,1,0.0,1.1518572229813414e-07,2,16
2379,JOL,Jolo Airport,Jolo,Philippines,6.0536699295043945,121.01100158691406,2,1,1,0.0,6.067996040824029e-06,2,18
2380,UKA,Ukunda Airstrip,Ukunda,Kenya,-4.29333,39.571098,2,1,1,0.0,1.3344536976967305e-06,6,9
2381,ZHY,Zhongwei Shapotou Airport,Zhongwei,China,37.573125,105.154454,4,2,2,0.0,0.001273545800785449,4,20
2382,CGM,Camiguin Airport,Camiguin,Philippines,9.253520011901855,124.70700073242188,2,1,1,0.0,6.939730864971996e-05,2,18
2383,SHD,Shenandoah Valley Regional Airport,Weyers Cave,United States,38.2638015747,-78.8964004517,3,2,1,0.0,0.0010955703225041797,3,3
2384,AEB,Baise Youjiang Airport,Baise,China,23.7206001282,106.959999084,6,3,3,0.0,0.001004441120461623,6,20
2385,LEN,Leon Airport,Leon,Spain,42.5890007019043,-5.65556001663208,2,1,1,0.0,0.0018689962130137062,2,2
2386,GKA,Goroka Airport,Goroka,Papua New Guinea,-6.081689834590001,145.391998291,8,4,4,0.0,5.464238352345292e-05,10,0
2387,CIP,Chipata Airport,Chipata,Zambia,-13.558300018310549,32.58720016479492,2,1,1,0.0,4.372110772873617e-05,2,9
2388,AIT,Aitutaki Airport,Aitutaki,Cook Islands,-18.830900192260746,-159.76400756835938,3,1,2,0.0,2.2301761312881354e-05,5,17
2389,UVE,Ouvéa Airport,Ouvea,New Caledonia,-20.640600204467773,166.572998046875,4,2,2,0.0,1.2689949769139887e-27,4,19
2390,TOU,Touho Airport,Touho,New Caledonia,-20.790000915527344,165.25900268554688,2,1,1,0.0,7.8882006445082445e-28,2,19
2391,MEE,Maré Airport,Mare,New Caledonia,-21.481700897216797,168.03799438476562,2,1,1,0.0,7.8882006445082445e-28,2,19
2392,KNQ,Koné Airport,Kone,New Caledonia,-21.05430030822754,164.83700561523438,2,1,1,0.0,7.8882006445082445e-28,2,19
2393,MAU,Maupiti Airport,Maupiti,French Polynesia,-16.42650032043457,-152.24400329589844,6,3,3,0.0,3.816447080710406e-05,6,17
2394,MOZ,Moorea Airport,Moorea,French Polynesia,-17.49,-149.761993,7,3,4,0.0,3.815662343614502e-05,7,17
2395,MVT,Mataiva Airport,Mataiva,French Polynesia,-14.8681001663208,-148.7169952392578,4,2,2,0.0,3.760512774197816e-05,4,17
2396,TKP,Takapoto Airport,Takapoto,French Polynesia,-14.709500312805176,-145.24600219726562,2,1,1,0.0,5.348836817802374e-07,2,17
2397,FAV,Fakarava Airport,Fakarava,French Polynesia,-16.054100036621094,-145.65699768066406,4,2,2,0.0,3.760512774197816e-05,4,17
2398,TIH,Tikehau Airport,Tikehau,French Polynesia,-15.119600296020508,-148.2310028076172,5,3,2,0.0,3.817208449236582e-05,5,17
2399,PPG,Pago Pago International Airport,Pago Pago,American Samoa,-14.3310003281,-170.710006714,2,1,1,0.0,0.00032986531230163804,2,18
2400,RCY,Rum Cay Airport,Port Nelson,Bahamas,23.68440055847168,-74.83619689941406,2,1,1,0.0,0.0002755913741114,2,3
2401,NOB,Nosara Airport,Nosara Beach,Costa Rica,9.97649002075,-85.65299987790002,2,1,1,0.0,0.00027592226596957704,2,3
2402,MYG,Mayaguana Airport,Mayaguana,Bahamas,22.379499,-73.013494,4,2,2,0.0,0.00027962982610318395,4,3
2403,SML,Stella Maris Airport,Stella Maris,Bahamas,23.582317,-75.268621,2,1,1,0.0,0.0002755913741114,4,3
2404,LGI,Deadman's Cay Airport,Dead Man's Cay,Bahamas,23.1790008545,-75.09359741210001,2,1,1,0.0,0.0002755913741114,4,3
2405,IGA,Inagua Airport,Matthew Town,Bahamas,20.975000381469727,-73.66690063476562,4,2,2,0.0,0.00027962982610318395,4,3
2406,RSD,Rock Sound Airport,Rock Sound,Bahamas,24.8950787333,-76.1768817902,2,1,1,0.0,0.0002755913741114,4,3
2407,GHB,Governor's Harbour Airport,Governor's Harbor,Bahamas,25.2847003937,-76.3310012817,5,3,2,0.0,0.0009226520015106177,10,3
2408,BIM,South Bimini Airport,Alice Town,Bahamas,25.6998996735,-79.2647018433,2,1,1,0.0,0.0005860074667131111,4,3
2409,TCB,Treasure Cay Airport,Treasure Cay,Bahamas,26.745300293,-77.3912963867,2,1,1,0.0,0.0005860074667131111,4,3
2410,AXP,Spring Point Airport,Spring Point,Bahamas,22.441799163800003,-73.97090148930002,4,2,2,0.0,0.00027962982610318395,4,3
2411,GAO,Mariana Grajales Airport,Guantanamo,Cuba,20.08530044555664,-75.1583023071289,2,1,1,0.0,0.00033289058733108873,2,3
2412,CAP,Cap Haitien International Airport,Cap Haitien,Haiti,19.733,-72.194702,4,2,2,0.0,0.00026604412972257345,6,3
2413,TUO,Taupo Airport,Taupo,New Zealand,-38.73970031738281,176.08399963378906,4,2,2,0.0,0.0001649832081635045,4,18
2414,DUD,Dunedin Airport,Dunedin,New Zealand,-45.9281005859375,170.197998046875,7,4,3,0.0,0.0003383334644747485,10,18
2415,GIS,Gisborne Airport,Gisborne,New Zealand,-38.663299560546875,177.97799682617188,4,2,2,0.0,0.0001649832081635045,4,18
2416,HKK,Hokitika Airfield,Hokitika,New Zealand,-42.713600158691406,170.98500061035156,2,1,1,0.0,2.398875887014977e-05,2,18
2417,AQI,Al Qaisumah/Hafr Al Batin Airport,Hafr Al-batin,Saudi Arabia,28.335199,46.125099,4,2,2,0.0,0.0012284013393936927,4,9
2418,EAM,Nejran Airport,Nejran,Saudi Arabia,17.611400604248047,44.4192008972168,6,3,3,0.0,0.001538503045901368,6,9
2419,URY,Gurayat Domestic Airport,Guriat,Saudi Arabia,31.412413,37.278898,4,2,2,0.0,0.0012284013393936927,4,9
2420,GIZ,Jizan Regional Airport,Gizan,Saudi Arabia,16.901100158691406,42.58580017089844,8,4,4,0.0,0.0017730311260946636,12,9
2421,BHH,Bisha Airport,Bisha,Saudi Arabia,19.984399795532227,42.62089920043945,6,3,3,0.0,0.001538503045901368,6,9
2422,ABT,Al Baha Airport,El-baha,Saudi Arabia,20.2961006165,41.6343002319,6,3,3,0.0,0.001538503045901368,6,9
2423,HOF,Al Ahsa Airport,Al-ahsa,Saudi Arabia,25.28529930114746,49.485198974609375,6,3,3,0.0,0.0015214944694694167,6,9
2424,WAG,Wanganui Airport,Wanganui,New Zealand,-39.96220016479492,175.02499389648438,2,1,1,0.0,0.0001529491091265389,2,18
2425,WSZ,Westport Airport,Westport,New Zealand,-41.73809814453125,171.58099365234375,2,1,1,0.0,1.2034099036965591e-05,2,18
2426,WRE,Whangarei Airport,Whangarei,New Zealand,-35.7682991027832,174.36500549316406,4,2,2,0.0,0.0001649832081635045,4,18
2427,WHK,Whakatane Airport,Whakatane,New Zealand,-37.92060089111328,176.91400146484375,2,1,1,0.0,0.0001529491091265389,2,18
2428,BHE,Woodbourne Airport,Woodbourne,New Zealand,-41.5182991027832,173.8699951171875,6,3,3,0.0,0.00018897196703365426,6,18
2429,TIU,Timaru Airport,Timaru,New Zealand,-44.30279922485352,171.22500610351562,2,1,1,0.0,1.2034099036965591e-05,2,18
2430,TRG,Tauranga Airport,Tauranga,New Zealand,-37.67190170288086,176.1959991455078,6,3,3,0.0,0.00018897196703365426,6,18
2431,ROT,Rotorua Regional Airport,Rotorua,New Zealand,-38.10919952392578,176.31700134277344,6,3,3,0.0,0.00018897196703365426,6,18
2432,ZQN,Queenstown International Airport,Queenstown International,New Zealand,-45.0210990906,168.738998413,10,6,4,0.0,0.0007990324326705446,17,18
2433,PPQ,Paraparaumu Airport,Paraparaumu,New Zealand,-40.90470123291016,174.98899841308594,4,2,2,0.0,0.00017693786799668866,4,18
2434,IVC,Invercargill Airport,Invercargill,New Zealand,-46.41239929199219,168.31300354003906,4,2,2,0.0,3.602285790711536e-05,4,18
2435,NSN,Nelson Airport,Nelson,New Zealand,-41.298301696777344,173.2209930419922,8,4,4,0.0,0.000191780689604978,8,18
2436,NPL,New Plymouth Airport,New Plymouth,New Zealand,-39.00859832763672,174.1790008544922,6,3,3,0.0,0.00018897196703365426,6,18
2437,KAT,Kaitaia Airport,Kaitaia,New Zealand,-35.06999969482422,173.28500366210938,2,1,1,0.0,0.0001529491091265389,2,18
2438,KKE,Kerikeri Airport,Kerikeri,New Zealand,-35.26279830932617,173.91200256347656,2,1,1,0.0,0.0001529491091265389,2,18
2439,HLZ,Hamilton International Airport,Hamilton,New Zealand,-37.8666992188,175.332000732,8,4,4,0.0,0.000191780689604978,8,18
2440,PMZ,Palmar Sur Airport,Palmar Sur,Costa Rica,8.951029777526855,-83.46859741210938,3,2,1,0.0,0.000279964611398519,6,3
2441,GLF,Golfito Airport,Golfito,Costa Rica,8.654009819030762,-83.18219757080078,4,2,2,0.0,0.0002799654551318049,7,3
2442,RAE,Arar Domestic Airport,Arar,Saudi Arabia,30.90660095214844,41.13819885253906,4,2,2,0.0,0.0012284013393936927,4,9
2443,SMA,Santa Maria Airport,Santa Maria (island),Portugal,36.97140121459961,-25.17060089111328,3,2,1,0.0,0.0014900764774172291,6,2
2444,SUJ,Satu Mare Airport,Satu Mare,Romania,47.70330047607422,22.88570022583008,2,1,1,0.0,0.0009552234875978133,4,2
2445,SBZ,Sibiu International Airport,Sibiu,Romania,45.78559875488281,24.091299057006836,5,2,3,0.0,0.0038022957240274797,9,2
2446,OMR,Oradea International Airport,Oradea,Romania,47.025299072265625,21.90250015258789,2,1,1,0.0,0.0009552234875978133,4,2
2447,CND,Mihail Kogălniceanu International Airport,Constanta,Romania,44.36220169067383,28.488300323486328,2,1,1,0.0,0.0018706134659136674,2,2
2448,BAY,Tautii Magheraus Airport,Baia Mare,Romania,47.65840148925781,23.469999313354492,2,1,1,0.0,0.0009552234875978133,4,2
2449,ARW,Arad International Airport,Arad,Romania,46.17660140991211,21.261999130249023,2,1,1,0.0,0.0007123815079765589,2,2
2450,OMO,Mostar International Airport,Mostar,Bosnia and Herzegovina,43.282901763916016,17.84589958190918,2,1,1,0.0,0.0007123815079765589,2,2
2451,SJZ,São Jorge Airport,Sao Jorge Island,Portugal,38.66550064086914,-28.175800323486328,4,2,2,0.0,0.00023442502292551705,4,2
2452,PXO,Porto Santo Airport,Porto Santo,Portugal,33.0733985901,-16.3500003815,2,1,1,0.0,0.001289136226666814,6,2
2453,PIX,Pico Airport,Pico,Portugal,38.554298,-28.441299,5,3,2,0.0,0.001523561249592331,8,2
2454,GRW,Graciosa Airport,Graciosa Island,Portugal,39.09220123291016,-28.029800415039062,2,1,1,0.0,3.348477217510184e-05,2,2
2455,SDV,Sde Dov Airport,Tel-aviv,Israel,32.11470031738281,34.78219985961914,4,2,2,0.0,1.7026136615046247e-05,6,15
2456,CHX,Cap Manuel Niño International Airport,Changuinola,Panama,9.458962,-82.515062,2,1,1,0.0,1.1518572229813414e-07,2,16
2457,VDA,Ovda International Airport,Ovda,Israel,29.94029998779297,34.93579864501953,1,0,1,0.0,7.939047605863066e-41,1,2
2458,HFA,Haifa International Airport,Haifa,Israel,32.80939865112305,35.04309844970703,4,2,2,0.0,1.7026136615046247e-05,4,15
2459,BRQ,Brno-Tuřany Airport,Brno,Czech Republic,49.15129852294922,16.694400787353516,2,1,1,0.0,0.0011236313849259116,2,2
2460,PED,Pardubice Airport,Pardubice,Czech Republic,50.01340103149414,15.73859977722168,4,2,2,0.0,0.0020609695974611805,4,14
2461,KLV,Karlovy Vary International Airport,Karlovy Vary,Czech Republic,50.202999114990234,12.914999961853027,6,3,3,0.0,0.0027509276271086573,10,14
2462,RMI,Federico Fellini International Airport,Rimini,Italy,44.020302,12.6117,4,2,2,0.0,0.0013897392324851668,6,14
2463,BZO,Bolzano Airport,Bolzano,Italy,46.460201,11.3264,2,1,1,0.0,0.0019616767401293635,4,2
2464,SKU,Skiros Airport,Skiros,Greece,38.9676017761,24.4871997833,4,2,2,0.0,0.001978040273567593,6,2
2465,JSI,Skiathos Island National Airport,Skiathos,Greece,39.177101135253906,23.503700256347656,2,1,1,0.0,0.001259598310369598,4,2
2466,KZI,Filippos Airport,Kozani,Greece,40.28609848022461,21.84079933166504,1,1,0,0.0,0.001259598310369598,1,2
2467,KSO,Kastoria National Airport,Kastoria,Greece,40.4463005066,21.2821998596,2,1,1,0.0,0.001259598310369598,2,2
2468,LUG,Lugano Airport,Lugano,Switzerland,46.00429916379999,8.9105796814,4,2,2,0.0,0.0032704653614145907,4,2
2469,KCO,Cengiz Topel Airport,Topel,Turkey,40.73500061035156,30.08329963684082,2,1,1,0.0,0.0002890038338937318,2,2
2470,XSC,South Caicos Airport,South Caicos,Turks and Caicos Islands,21.5156993866,-71.528503418,4,2,2,0.0,0.00016619073010019054,4,3
2471,GJA,La Laguna Airport,Guanaja,Honduras,16.4454,-85.906601,2,1,1,0.0,6.550211838615081e-06,2,3
2472,TAP,Tapachula International Airport,Tapachula,Mexico,14.7943000793,-92.3700027466,4,2,2,0.0,0.0007808249985050303,4,3
2473,TAM,General Francisco Javier Mina International Airport,Tampico,Mexico,22.2964000702,-97.8658981323,10,5,5,0.0,0.0023631018189526785,14,3
2474,TGZ,Angel Albino Corzo International Airport,Tuxtla Gutierrez,Mexico,16.5636005402,-93.0224990845,10,5,5,0.0,0.0016135244861268253,16,3
2475,TRC,Francisco Sarabia International Airport,Torreon,Mexico,25.568300247199996,-103.411003113,12,6,6,0.0,0.0033416450307390375,20,3
2476,PXM,Puerto Escondido International Airport,Puerto Escondido,Mexico,15.8769,-97.089103,2,1,1,0.0,0.0005834712829124683,6,3
2477,PDS,Piedras Negras International Airport,Piedras Negras,Mexico,28.627399,-100.535004,2,1,1,0.0,0.0005834712829124683,4,3
2478,NLD,Quetzalcóatl International Airport,Nuevo Laredo,Mexico,27.4438991547,-99.5705032349,2,1,1,0.0,0.0005834712829124683,2,3
2479,MTT,Minatitlán/Coatzacoalcos National Airport,Minatitlan,Mexico,18.1033992767,-94.5807037354,2,1,1,0.0,0.0005834712829124683,4,3
2480,MXL,General Rodolfo Sánchez Taboada International Airport,Mexicali,Mexico,32.6306,-115.241997,6,3,3,0.0,0.0008155035668717629,8,3
2481,MAM,General Servando Canales International Airport,Matamoros,Mexico,25.7698993683,-97.5252990723,2,1,1,0.0,0.0005834712829124683,4,3
2482,LTO,Loreto International Airport,Loreto,Mexico,25.989200592041016,-111.3479995727539,2,1,1,0.0,0.0010955465890770775,2,3
2483,LZC,Lázaro Cárdenas Airport,Lazard Cardenas,Mexico,18.0016994476,-102.221000671,2,1,1,0.0,0.0005834712829124683,4,3
2484,SLW,Plan De Guadalupe International Airport,Saltillo,Mexico,25.54949951171875,-100.9290008544922,4,2,2,0.0,0.001530711391703981,4,3
2485,CLQ,Licenciado Miguel de la Madrid Airport,Colima,Mexico,19.277,-103.577002,4,2,2,0.0,0.0006362868812501025,6,3
2486,TPQ,Amado Nervo National Airport,Tepic,Mexico,21.4195,-104.843002,4,2,2,0.0,0.0006362868812501025,6,3
2487,CZM,Cozumel International Airport,Cozumel,Mexico,20.52239990234375,-86.92559814453125,18,9,9,0.0,0.00763757165192771,32,3
2488,CVM,General Pedro Jose Mendez International Airport,Ciudad Victoria,Mexico,23.7033004761,-98.9564971924,2,1,1,0.0,0.0005834712829124683,4,3
2489,CJS,Abraham González International Airport,Ciudad Juarez,Mexico,31.63610076904297,-106.4290008544922,12,6,6,0.0,0.0010538607968474413,24,3
2490,CPE,Ingeniero Alberto Acuña Ongay International Airport,Campeche,Mexico,19.816799163800003,-90.5002975464,2,1,1,0.0,0.0005834712829124683,4,3
2491,CEN,Ciudad Obregón International Airport,Ciudad Obregon,Mexico,27.39259910583496,-109.83300018310548,8,4,4,0.0,0.0008683191652093972,10,3
2492,CTM,Chetumal International Airport,Chetumal,Mexico,18.50469970703125,-88.32679748535156,2,1,1,0.0,0.0005834712829124683,2,3
2493,CME,Ciudad del Carmen International Airport,Ciudad Del Carmen,Mexico,18.65369987487793,-91.79900360107422,4,2,2,0.0,0.001530711391703981,6,3
2494,HUX,Bahías de Huatulco International Airport,Huatulco,Mexico,15.7753,-96.262604,4,2,2,0.0,0.001530711391703981,6,3
2495,RAH,Rafha Domestic Airport,Rafha,Saudi Arabia,29.626399993896484,43.4906005859375,2,1,1,0.0,0.0005717134784207748,2,9
2496,SHW,Sharurah Airport,Sharurah,Saudi Arabia,17.466899871826172,47.12139892578125,4,2,2,0.0,0.0012284013393936927,4,9
2497,HMV,Hemavan Airport,Hemavan,Sweden,65.80609893798828,15.082799911499023,2,1,1,0.0,1.9935947708123723e-05,4,2
2498,UAQ,Domingo Faustino Sarmiento Airport,San Juan,Argentina,-31.571501,-68.418198,3,1,2,0.0,2.4896466461739094e-05,4,11
2499,RSA,Santa Rosa Airport,Santa Rosa,Argentina,-36.588299,-64.275703,2,1,1,0.0,2.4896466461739094e-05,2,11
2500,MDQ,Ástor Piazzola International Airport,Mar Del Plata,Argentina,-37.9342,-57.5733,4,2,2,0.0,2.5344356889545257e-05,6,11
2501,RGA,Hermes Quijada International Airport,Rio Grande,Argentina,-53.7777,-67.7494,4,2,2,0.0,2.531742860143015e-05,4,11
2502,PMY,El Tehuelche Airport,Puerto Madryn,Argentina,-42.7592,-65.1027,2,1,1,0.0,2.4896466461739094e-05,2,11
2503,VDM,Gobernador Castello Airport,Viedma,Argentina,-40.8692,-63.0004,2,1,1,0.0,2.4896466461739094e-05,2,11
2504,EQS,Brigadier Antonio Parodi Airport,Esquel,Argentina,-42.908000946,-71.139503479,6,3,3,0.0,3.7065807202227726e-05,6,11
2505,JUJ,Gobernador Horacio Guzman International Airport,Jujuy,Argentina,-24.392799,-65.097801,4,2,2,0.0,5.5754243410349624e-05,4,11
2506,PSS,Libertador Gral D Jose De San Martin Airport,Posadas,Argentina,-27.3858,-55.9707,2,1,1,0.0,2.4896466461739094e-05,2,11
2507,FMA,Formosa Airport,Formosa,Argentina,-26.2127,-58.2281,2,1,1,0.0,2.4896466461739094e-05,2,11
2508,RES,Resistencia International Airport,Resistencia,Argentina,-27.45,-59.0561,2,1,1,0.0,2.4896466461739094e-05,2,11
2509,LUQ,Brigadier Mayor D Cesar Raul Ojeda Airport,San Luis,Argentina,-33.2732009888,-66.3563995361,3,2,1,0.0,2.5261135466595082e-05,3,11
2510,TUC,Teniente Benjamin Matienzo Airport,Tucuman,Argentina,-26.8409,-65.104897,2,1,1,0.0,2.4896466461739094e-05,4,11
2511,CBO,Awang Airport,Cotabato,Philippines,7.1652398109436035,124.20999908447266,2,1,1,0.0,0.0003334404340357145,6,18
2512,IRJ,Capitan V A Almonacid Airport,La Rioja,Argentina,-29.3815994263,-66.7957992554,2,1,1,0.0,2.4896466461739094e-05,2,11
2513,SDE,Vicecomodoro Angel D. La Paz Aragonés Airport,Santiago Del Estero,Argentina,-27.765556335399996,-64.3099975586,2,1,1,0.0,2.4896466461739094e-05,2,11
2514,CTC,Catamarca Airport,Catamarca,Argentina,-28.5956001282,-65.751701355,2,1,1,0.0,2.4896466461739094e-05,2,11
2515,SFN,Sauce Viejo Airport,Santa Fe,Argentina,-31.7117,-60.8117,2,1,1,0.0,2.4896466461739094e-05,4,11
2516,PRA,General Urquiza Airport,Parana,Argentina,-31.7948,-60.4804,2,1,1,0.0,2.4896466461739094e-05,4,11
2517,MPH,Godofredo P. Ramos Airport,Caticlan,Philippines,11.9245,121.954002,4,2,2,0.0,0.00040283774268543444,8,18
2518,DGT,Sibulan Airport,Dumaguete,Philippines,9.3337097168,123.300003052,4,2,2,0.0,0.00040283774268543444,8,18
2519,BCD,Bacolod-Silay Airport,Bacolod,Philippines,10.7764,123.014999,8,4,4,0.0,0.00042675967400535774,12,18
2520,TAC,Daniel Z. Romualdez Airport,Tacloban,Philippines,11.228035,125.027761,4,2,2,0.0,0.00040283774268543444,10,18
2521,SJI,San Jose Airport,San Jose,Philippines,12.361499786399998,121.04699707,2,1,1,0.0,0.0003334404340357145,2,18
2522,GES,General Santos International Airport,Romblon,Philippines,6.05800008774,125.096000671,6,3,3,0.0,0.0004323891137502972,10,18
2523,CPC,Aviador C. Campos Airport,San Martin Des Andes,Argentina,-40.075401,-71.137299,2,1,1,0.0,2.4896466461739094e-05,2,11
2524,AQA,Araraquara Airport,Araracuara,Brazil,-21.812000274699997,-48.1329994202,2,1,1,0.0,4.037826642008268e-05,2,11
2525,AFL,Piloto Osvaldo Marques Dias Airport,Alta Floresta,Brazil,-9.8663892746,-56.1049995422,2,1,1,0.0,2.045773400592563e-05,2,11
2526,BVB,Atlas Brasil Cantanhede Airport,Boa Vista,Brazil,2.84138894081,-60.6922225952,2,1,1,0.0,4.053472315068393e-05,6,11
2527,AXM,El Eden Airport,Armenia,Colombia,4.45278,-75.7664,4,2,2,0.0,0.0009646645394830811,4,11
2528,TUA,Teniente Coronel Luis a Mantilla Airport,Tulcan,Ecuador,0.8095059990882874,-77.70809936523438,1,1,0,0.0,0.00015522245462110264,1,11
2529,ETR,Santa Rosa International Airport,Santa Rosa,Ecuador,-3.441986,-79.996957,2,1,1,0.0,0.00015522245462110264,2,11
2530,MEC,Eloy Alfaro International Airport,Manta,Ecuador,-0.9460780024528505,-80.67880249023438,2,1,1,0.0,0.00015522245462110264,2,11
2531,GPS,Seymour Airport,Galapagos,Ecuador,-0.4537580013275146,-90.26589965820312,2,1,1,0.0,9.809482934299632e-05,4,11
2532,CUE,Mariscal Lamar Airport,Cuenca,Ecuador,-2.88947,-78.984398,4,2,2,0.0,0.00025331728396409895,6,11
2533,BBA,Balmaceda Airport,Balmaceda,Chile,-45.91609954833984,-71.68949890136719,6,3,3,0.0,0.0002310190343288979,8,11
2534,BVH,Brigadeiro Camarão Airport,Vilhena,Brazil,-12.694399833679,-60.098300933838,2,1,1,0.0,2.045773400592563e-05,2,11
2535,URG,Rubem Berta Airport,Uruguaiana,Brazil,-29.7821998596,-57.0382003784,2,1,1,0.0,8.469021726550875e-07,2,11
2536,PAV,Paulo Afonso Airport,Paulo Alfonso,Brazil,-9.4008798599243,-38.250598907471,2,1,1,0.0,0.0001204216991333442,2,11
2537,SJL,São Gabriel da Cachoeira Airport,Sao Gabriel,Brazil,-0.14835,-66.9855,2,1,1,0.0,5.858144318970252e-07,2,11
2538,TUR,Tucuruí Airport,Tucurui,Brazil,-3.7860100269318,-49.72029876709,2,1,1,0.0,2.3268906448453775e-06,2,11
2539,TBT,Tabatinga Airport,Tabatinga,Brazil,-4.2556700706482,-69.93579864502,2,1,1,0.0,4.053472315068393e-05,2,11
2540,TMT,Trombetas Airport,Oriximina,Brazil,-1.489599943161,-56.396800994873,2,1,1,0.0,1.098497045221175e-06,2,11
2541,PET,João Simões Lopes Neto International Airport,Pelotas,Brazil,-31.718399,-52.327702,2,1,1,0.0,5.86229168718131e-05,4,11
2542,PHB,Prefeito Doutor João Silva Filho Airport,Parnaiba,Brazil,-2.89374995232,-41.73199844359999,4,2,2,0.0,8.758549776121771e-05,4,11
2543,MCP,Alberto Alcolumbre Airport,Macapa,Brazil,0.0506640002131,-51.0722007751,2,1,1,0.0,3.447979963329303e-05,6,11
2544,ITB,Itaituba Airport,Itaituba,Brazil,-4.2423400878906,-56.000701904297,2,1,1,0.0,1.098497045221175e-06,4,11
2545,FEN,Fernando de Noronha Airport,Fernando Do Noronha,Brazil,-3.85493,-32.423302,4,2,2,0.0,0.0001372056498079868,6,11
2546,CZS,Cruzeiro do Sul Airport,Cruzeiro do Sul,Brazil,-7.59990978241,-72.7695007324,2,1,1,0.0,1.819925643289807e-06,2,11
2547,CMG,Corumbá International Airport,Corumba,Brazil,-19.0119438171,-57.6713905334,2,1,1,0.0,1.9540128454754154e-05,2,11
2548,CCM,Diomício Freitas Airport,Criciuma,Brazil,-28.7244434357,-49.4213905334,4,2,2,0.0,6.591026149894034e-05,4,11
2549,XAP,Serafin Enoss Bertaso Airport,Chapeco,Brazil,-27.134199142456,-52.656600952148,8,4,4,0.0,0.00016848736481482504,10,11
2550,PAG,Pagadian Airport,Pagadian,Philippines,7.83073144787,123.461179733,4,2,2,0.0,0.00040283774268543444,4,18
2551,MMY,Miyako Airport,Miyako,Japan,24.782800674399997,125.294998169,6,3,3,0.0,0.00047109622055061835,10,18
2552,TUU,Tabuk Airport,Tabuk,Saudi Arabia,28.3654,36.6189,14,7,7,0.0,0.004192896890760523,18,9
2553,KHY,Khoy Airport,Khoy,Iran,38.4275016784668,44.97359848022461,2,1,1,0.0,1.9665309793445104e-05,2,9
2554,ROP,Rota International Airport,Rota,Northern Mariana Islands,14.17430019378662,145.2429962158203,4,2,2,0.0,0.00015157389920363438,4,18
2555,RYK,Shaikh Zaid Airport,Rahim Yar Khan,Pakistan,28.383899688720703,70.27960205078125,6,3,3,0.0,0.0014860764620029368,6,9
2556,PJG,Panjgur Airport,Panjgur,Pakistan,26.954500198364254,64.13249969482422,2,1,1,0.0,0.0002469496996589528,2,9
2557,MJD,Moenjodaro Airport,Moenjodaro,Pakistan,27.3351993560791,68.14309692382812,4,2,2,0.0,0.000260906774373437,4,9
2558,GIL,Gilgit Airport,Gilgit,Pakistan,35.918800354003906,74.33360290527344,2,1,1,0.0,0.0003681554324244646,2,9
2559,GWD,Gwadar International Airport,Gwadar,Pakistan,25.233299255371097,62.329498291015625,6,3,3,0.0,0.0007031955867121747,6,9
2560,LYP,Faisalabad International Airport,Faisalabad,Pakistan,31.364999771118164,72.99479675292969,2,1,1,0.0,0.0002469496996589528,4,9
2561,KHS,Khasab Air Base,Khasab,Oman,26.17099952697754,56.2406005859375,2,1,1,0.0,0.0004416275142093426,2,9
2562,FJR,Fujairah International Airport,Fujeirah,United Arab Emirates,25.112199783325195,56.32400131225586,2,1,1,0.0,2.172159623625208e-05,2,9
2563,AQJ,Aqaba King Hussein International Airport,Aqaba,Jordan,29.611600875854492,35.01810073852539,4,2,2,0.0,0.0025867864352130602,4,9
2564,ACZ,Zabol Airport,Zabol,Iran,31.09830093383789,61.54389953613281,2,1,1,0.0,0.00012018086106626823,2,9
2565,LFM,Lamerd Airport,Lamerd,Iran,27.3726997375,53.18880081179999,6,3,3,0.0,0.0020368383183908614,6,9
2566,UEO,Kumejima Airport,Kumejima,Japan,26.363500595092773,126.71399688720705,2,1,1,0.0,0.00011142521032328292,2,18
2567,RZR,Ramsar Airport,Ramsar,Iran,36.9099006652832,50.67959976196289,4,2,2,0.0,0.00013984617085971332,4,9
2568,XBJ,Birjand Airport,Birjand,Iran,32.898101806640625,59.2661018371582,4,2,2,0.0,0.00013984617085971332,4,9
2569,SDG,Sanandaj Airport,Sanandaj,Iran,35.24589920043945,47.00920104980469,2,1,1,0.0,1.9665309793445104e-05,2,9
2570,SXI,Sirri Island Airport,Siri Island,Iran,25.908899307250977,54.539398193359375,2,1,1,0.0,0.00010033927971425525,2,9
2571,BDH,Bandar Lengeh Airport,Bandar Lengeh,Iran,26.531999588,54.824798584,4,2,2,0.0,0.0015830299162917462,4,9
2572,MRX,Mahshahr Airport,Bandar Mahshahr,Iran,30.55620002746582,49.15190124511719,4,2,2,0.0,9.032920096392514e-05,4,9
2573,GCH,Gachsaran Airport,Gachsaran,Iran,30.337600708,50.827999115,2,1,1,0.0,1.9665309793445104e-05,2,9
2574,DEF,Dezful Airport,Dezful,Iran,32.434399,48.397598,2,1,1,0.0,1.9665309793445104e-05,2,9
2575,ABD,Abadan Airport,Abadan,Iran,30.371099472,48.2282981873,6,3,3,0.0,0.00024018545057396854,12,9
2576,EJH,Al Wajh Domestic Airport,Wejh,Saudi Arabia,26.19860076904297,36.47639846801758,2,1,1,0.0,0.0006566878609729179,2,9
2577,TUI,Turaif Domestic Airport,Turaif,Saudi Arabia,31.692188,38.731544,2,1,1,0.0,0.0005717134784207748,2,9
2578,CXI,Cassidy International Airport,Kiritimati,Kiribati,1.9861600399017336,-157.35000610351562,4,2,2,0.0,0.00038922053433380823,8,18
2579,KSA,Kosrae International Airport,Kosrae,Micronesia,5.35698,162.957993,4,2,2,0.0,8.682775709814824e-08,4,18
2580,YAP,Yap International Airport,Yap,Micronesia,9.49891,138.082993,4,2,2,0.0,0.00011703123611419501,4,18
2581,TTT,Taitung Airport,Fengnin,Taiwan,22.7549991607666,121.10199737548828,2,1,1,0.0,5.4287644196173846e-05,2,20
2582,TAE,Daegu Airport,Taegu,South Korea,35.896872,128.65531,8,4,4,0.0,0.0031014354804404782,12,20
2583,KPO,Pohang Airport (G-815/K-3),Pohang,South Korea,35.987955,129.420383,4,2,2,0.0,0.0001643522171716444,6,20
2584,USN,Ulsan Airport,Ulsan,South Korea,35.59349823,129.352005005,4,2,2,0.0,0.0001643522171716444,6,20
2585,RSU,Yeosu Airport,Yeosu,South Korea,34.84230041503906,127.61699676513672,4,2,2,0.0,0.0001643522171716444,6,20
2586,KWJ,Gwangju Airport,Kwangju,South Korea,35.123173,126.805444,4,2,2,0.0,0.0001643522171716444,8,20
2587,OIM,Oshima Airport,Oshima,Japan,34.782001495399996,139.36000061,2,1,1,0.0,0.0003332204388897051,2,18
2588,HAC,Hachijojima Airport,Hachijojima,Japan,33.1150016785,139.785995483,2,1,1,0.0,0.0003332204388897051,2,18
2589,MSJ,Misawa Air Base,Misawa,Japan,40.703201293899994,141.367996216,4,2,2,0.0,0.0003643014629892191,4,18
2590,TKS,Tokushima Airport/JMSDF Air Base,Tokushima,Japan,34.132801,134.606995,2,1,1,0.0,0.0003332204388897051,4,18
2591,TTJ,Tottori Airport,Tottori,Japan,35.5301017761,134.167007446,2,1,1,0.0,0.0003332204388897051,2,18
2592,IZO,Izumo Airport,Izumo,Japan,35.4136009216,132.88999939,2,1,1,0.0,0.0003332204388897051,2,18
2593,ASJ,Amami Airport,Amami,Japan,28.430599212646484,129.71299743652344,4,2,2,0.0,0.0003643014629892191,4,18
2594,KKJ,Kitakyūshū Airport,Kitakyushu,Japan,33.8459014893,131.035003662,2,1,1,0.0,0.0003332204388897051,6,18
2595,MBE,Monbetsu Airport,Monbetsu,Japan,44.303901672399995,143.404006958,2,1,1,0.0,0.0003332204388897051,2,18
2596,UBJ,Yamaguchi Ube Airport,Yamaguchi,Japan,33.930000305200004,131.279006958,4,2,2,0.0,0.001252839093008549,6,18
2597,IKI,Iki Airport,Iki,Japan,33.7490005493,129.785003662,2,1,1,0.0,4.2377490861272254e-05,4,18
2598,WKJ,Wakkanai Airport,Wakkanai,Japan,45.4042015076,141.800994873,4,2,2,0.0,0.0004539805987525524,4,18
2599,SHB,Nakashibetsu Airport,Nakashibetsu,Japan,43.5774993896,144.960006714,4,2,2,0.0,0.0004539805987525524,4,18
2600,MMB,Memanbetsu Airport,Memanbetsu,Japan,43.8805999756,144.164001465,6,3,3,0.0,0.0006793403681891867,12,18
2601,OBO,Tokachi-Obihiro Airport,Obihiro,Japan,42.7332992554,143.216995239,2,1,1,0.0,0.0003332204388897051,6,18
2602,SHM,Nanki Shirahama Airport,Nanki-shirahama,Japan,33.6622009277,135.363998413,2,1,1,0.0,0.0003332204388897051,2,18
2603,MMJ,Matsumoto Airport,Matsumoto,Japan,36.16680145263672,137.92300415039062,4,2,2,0.0,0.0003041335758817815,4,18
2604,TNN,Tainan Airport,Tainan,Taiwan,22.95039939880371,120.20600128173828,2,1,1,0.0,0.0008701023364236933,2,18
2605,IOA,Ioannina Airport,Ioannina,Greece,39.6963996887207,20.822500228881836,2,1,1,0.0,0.001259598310369598,4,2
2606,AXD,Dimokritos Airport,Alexandroupolis,Greece,40.855899810791016,25.956300735473633,4,2,2,0.0,0.001280525793731643,6,2
2607,FSP,St Pierre Airport,St.-pierre,Saint Pierre and Miquelon,46.762901306152344,-56.173099517822266,6,3,3,0.0,0.0012445905237381432,6,3
2608,ILR,Ilorin International Airport,Ilorin,Nigeria,8.440210342407227,4.493919849395752,2,1,1,0.0,0.0001329671042858111,2,13
2609,AGB,Augsburg Airport,Augsburg,Germany,48.425278,10.931667,2,1,1,0.0,0.0009280711316611319,2,2
2610,XFW,Hamburg-Finkenwerder Airport,Hamburg,Germany,53.5352783203125,9.835556030273438,2,1,1,0.0,0.0007398938827328118,2,2
2611,MHG,Mannheim-City Airport,Mannheim,Germany,49.473057,8.514167,2,1,1,0.0,0.0014285979065447115,2,2
2612,OST,Ostend-Bruges International Airport,Ostend,Belgium,51.198898315399994,2.8622200489,2,1,1,0.0,0.0012271608510839157,2,2
2613,ANR,Antwerp International Airport (Deurne),Antwerp,Belgium,51.1893997192,4.46027994156,2,1,1,0.0,0.0004820486692530682,4,2
2614,GAF,Gafsa Ksar International Airport,Gafsa,Tunisia,34.422000885009766,8.822500228881836,3,1,2,0.0,0.000790318670941608,3,2
2615,YOL,Yola Airport,Yola,Nigeria,9.257550239562988,12.430399894714355,2,1,1,0.0,0.0001329671042858111,2,13
2616,SKO,Sadiq Abubakar III International Airport,Sokoto,Nigeria,12.916299819946287,5.207190036773682,2,1,1,0.0,0.0001329671042858111,2,13
2617,PHC,Port Harcourt International Airport,Port Hartcourt,Nigeria,5.0154900550842285,6.94959020614624,4,2,2,0.0,0.0005250560917252457,16,13
2618,KAD,Kaduna Airport,Kaduna,Nigeria,10.696000099182127,7.320109844207764,2,1,1,0.0,0.00039208898743943465,2,13
2619,JOS,Yakubu Gowon Airport,Jos,Nigeria,9.639829635620115,8.869050025939941,2,1,1,0.0,0.00039208898743943465,2,13
2620,IBA,Ibadan Airport,Ibadan,Nigeria,7.362460136413574,3.97832989692688,2,1,1,0.0,0.0001329671042858111,2,13
2621,TID,Bou Chekif Airport,Tiaret,Algeria,35.3410987854,1.46315002441,3,2,1,0.0,0.0006783930458274804,3,2
2622,ENU,Akanu Ibiam International Airport,Enugu,Nigeria,6.474269866943359,7.561960220336914,6,3,3,0.0,0.0009905179264315229,6,13
2623,CBQ,Margaret Ekpo International Airport,Calabar,Nigeria,4.976019859313965,8.347200393676758,4,2,2,0.0,0.0005250560917252457,4,13
2624,BNI,Benin Airport,Benin,Nigeria,6.316979885101318,5.5995001792907715,4,2,2,0.0,0.0005250560917252457,4,13
2625,TKD,Takoradi Airport,Takoradi,Ghana,4.896059989929199,-1.7747600078582764,2,1,1,0.0,0.0002737656060570359,4,13
2626,NYI,Sunyani Airport,Sunyani,Ghana,7.361830234527588,-2.3287599086761475,2,1,1,0.0,0.0002737656060570359,2,13
2627,TML,Tamale Airport,Tamale,Ghana,9.55718994140625,-0.8632140159606934,2,1,1,0.0,0.0002737656060570359,6,13
2628,BOY,Bobo Dioulasso Airport,Bobo-dioulasso,Burkina Faso,11.160099983215332,-4.33096981048584,4,2,2,0.0,0.00025501093152845774,4,13
2629,TGR,Touggourt Sidi Madhi Airport,Touggourt,Algeria,33.06779861450195,6.088669776916504,2,1,1,0.0,0.0006687403451838794,2,2
2630,BSK,Biskra Airport,Biskra,Algeria,34.793300628699996,5.73823022842,6,3,3,0.0,0.002571538858873342,8,2
2631,MUW,Ghriss Airport,Ghriss,Algeria,35.207698822021484,0.1471419930458068,3,1,2,0.0,0.0006687403451838794,3,2
2632,TLM,Zenata – Messali El Hadj Airport,Tlemcen,Algeria,35.0167007446,-1.45000004768,8,4,4,0.0,0.003499609990534474,12,2
2633,URE,Kuressaare Airport,Kuressaare,Estonia,58.22990036010742,22.50950050354004,2,1,1,0.0,0.0004214323551034776,2,2
2634,TAY,Tartu Airport,Tartu,Estonia,58.3074989319,26.690399169900004,2,1,1,0.0,0.0011232041135237029,4,2
2635,JOE,Joensuu Airport,Joensuu,Finland,62.662899017334,29.607500076294,2,1,1,0.0,0.0011232041135237029,2,2
2636,JYV,Jyvaskyla Airport,Jyvaskyla,Finland,62.399501800537,25.678300857544,3,1,2,0.0,0.0011232041135237029,5,2
2637,FAE,Vagar Airport,Vagar,Faroe Islands,62.0635986328125,-7.277219772338867,8,4,4,0.0,0.0031752019408768303,8,2
2638,SGD,Sønderborg Airport,Soenderborg,Denmark,54.96440124511719,9.791729927062988,2,1,1,0.0,0.0015798948465910502,2,2
2639,RNN,Bornholm Airport,Ronne,Denmark,55.06330108642578,14.759599685668944,2,1,1,0.0,0.0015798948465910502,2,2
2640,KRP,Karup Airport,Karup,Denmark,56.29750061035156,9.124629974365234,2,1,1,0.0,0.0015798948465910502,2,2
2641,TRE,Tiree Airport,Tiree,United Kingdom,56.49919891357422,-6.869170188903809,2,1,1,0.0,0.0007201819458618507,2,2
2642,DND,Dundee Airport,Dundee,United Kingdom,56.45249938964844,-3.025830030441284,2,1,1,0.0,0.0011236313849259116,2,2
2643,BEB,Benbecula Airport,Benbecula,United Kingdom,57.48109817504883,-7.362780094146728,4,2,2,0.0,0.0007536597505148784,4,2
2644,ILY,Islay Airport,Islay,United Kingdom,55.68190002441406,-6.256669998168945,2,1,1,0.0,0.0007201819458618507,2,2
2645,MME,Durham Tees Valley Airport,Teesside,United Kingdom,54.50920104980469,-1.4294099807739258,4,2,2,0.0,0.002749955860001098,6,2
2646,CEG,Hawarden Airport,Hawarden,United Kingdom,53.1781005859375,-2.9777801036834717,4,2,2,0.0,0.0016267877791873344,4,2
2647,ACI,Alderney Airport,Alderney,Guernsey,49.706104,-2.21472,4,2,2,0.0,0.0004602094881714669,4,2
2648,GLO,Gloucestershire Airport,Golouchestershire,United Kingdom,51.89419937133789,-2.167220115661621,2,1,1,0.0,0.00011502031600858035,2,2
2649,VAA,Vaasa Airport,Vaasa,Finland,63.050701141357,21.762199401855,4,2,2,0.0,0.0025040814918319905,10,2
2650,SVL,Savonlinna Airport,Savonlinna,Finland,61.943099975586,28.945100784302,2,1,1,0.0,0.0011232041135237029,4,2
2651,RVN,Rovaniemi Airport,Rovaniemi,Finland,66.564796447754,25.830400466919,2,1,1,0.0,0.0011232041135237029,4,2
2652,OUL,Oulu Airport,Oulu,Finland,64.930099487305,25.354600906372,6,3,3,0.0,0.0034936025470525068,8,2
2653,MHQ,Mariehamn Airport,Mariehamn,Finland,60.122200012207,19.898199081421,6,3,3,0.0,0.002600722802856037,8,2
2654,LPP,Lappeenranta Airport,Lappeenranta,Finland,61.044601,28.144743,6,3,3,0.0,0.0014442805449069963,6,2
2655,KUO,Kuopio Airport,Kuopio,Finland,63.007099151611,27.797800064087,2,1,1,0.0,0.0011232041135237029,2,2
2656,KAO,Kuusamo Airport,Kuusamo,Finland,65.987602233887,29.239400863647,2,1,1,0.0,0.0011232041135237029,2,2
2657,KOK,Kokkola-Pietarsaari Airport,Kruunupyy,Finland,63.721199035645,23.143100738525,4,2,2,0.0,0.0011595901863555725,6,2
2658,KAJ,Kajaani Airport,Kajaani,Finland,64.285499572754,27.692399978638,2,1,1,0.0,0.0011232041135237029,4,2
2659,KEM,Kemi-Tornio Airport,Kemi,Finland,65.778701782227,24.582099914551,3,2,1,0.0,0.0011394167990335983,5,2
2660,CFK,Ech Cheliff Airport,Ech-cheliff,Algeria,36.2126998901,1.33176994324,2,1,1,0.0,0.0009280711316611319,2,2
2661,HRM,Hassi R'Mel Airport,Tilrempt,Algeria,32.93040084838867,3.311539888381958,4,2,2,0.0,0.0007081794461558838,4,2
2662,DIJ,Dijon-Bourgogne Airport,Dijon,France,47.268902,5.09,2,1,1,0.0,0.0007398938827328118,2,2
2663,YGP,Gaspé (Michel-Pouliot) Airport,Gaspe,Canada,48.7752990723,-64.4785995483,4,2,2,0.0,0.0001439239216318285,4,4
2664,YQR,Regina International Airport,Regina,Canada,50.43190002441406,-104.66600036621094,18,9,9,0.0,0.006077414033136209,33,3
2665,YQL,Lethbridge County Airport,Lethbridge,Canada,49.6302986145,-112.800003052,2,1,1,0.0,0.00044319302574318475,2,3
2666,YPR,Prince Rupert Airport,Prince Pupert,Canada,54.2860984802,-130.445007324,2,1,1,0.0,0.0005475315644199206,4,3
2667,YPN,Port Menier Airport,Port Menier,Canada,49.83639907836914,-64.2885971069336,4,2,2,0.0,1.6266317432120336e-05,4,4
2668,YOJ,High Level Airport,High Level,Canada,58.62139892578125,-117.16500091552734,4,2,2,0.0,0.00025491917290456327,4,3
2669,YLL,Lloydminster Airport,Lloydminster,Canada,53.309200286865234,-110.072998046875,2,1,1,0.0,0.00044319302574318475,2,3
2670,YKF,Waterloo Airport,Waterloo,Canada,43.460800170899994,-80.3786010742,4,2,2,0.0,0.001745728651742019,6,3
2671,YKA,Kamloops Airport,Kamloops,Canada,50.7022018433,-120.444000244,6,3,3,0.0,0.0010066703093629232,10,3
2672,YJT,Stephenville Airport,Stephenville,Canada,48.5442008972168,-58.54999923706055,2,1,1,0.0,9.75562356522855e-05,2,3
2673,YHY,Hay River / Merlyn Carter Airport,Hay River,Canada,60.8396987915,-115.782997131,6,3,3,0.0,0.00026901937310195385,6,4
2674,YHK,Gjoa Haven Airport,Gjoa Haven,Canada,68.635597229,-95.8497009277,6,3,3,0.0,1.4302154721112832e-05,9,4
2675,YGK,Kingston Norman Rogers Airport,Kingston,Canada,44.22529983520508,-76.5969009399414,2,1,1,0.0,0.001282505549040514,2,3
2676,TEE,Cheikh Larbi Tébessi Airport,Tebessa,Algeria,35.4315986633,8.12071990967,2,1,1,0.0,0.0006687403451838794,2,2
2677,YFS,Fort Simpson Airport,Fort Simpson,Canada,61.76020050048828,-121.23699951171876,2,1,1,0.0,1.388613006244495e-05,4,4
2678,YFO,Flin Flon Airport,Flin Flon,Canada,54.6781005859375,-101.68199920654295,6,3,3,0.0,0.00010996994502718955,9,4
2679,YFC,Fredericton Airport,Fredericton,Canada,45.868900299072266,-66.53720092773438,8,4,4,0.0,0.0026722194872677543,8,3
2680,YCG,Castlegar/West Kootenay Regional Airport,Castlegar,Canada,49.2963981628,-117.632003784,4,2,2,0.0,0.0009907245901631051,4,3
2681,YCD,Nanaimo Airport,Nanaimo,Canada,49.0549702249,-123.869862556,4,2,2,0.0,0.0009907245901631051,4,3
2682,YBR,Brandon Municipal Airport,Brandon,Canada,49.91,-99.951897,2,1,1,0.0,0.00044319302574318475,2,3
2683,YBL,Campbell River Airport,Campbell River,Canada,49.950801849365234,-125.27100372314452,4,2,2,0.0,0.0005655836871283782,10,3
2684,IFJ,Ísafjörður Airport,Isafjordur,Iceland,66.05809783935547,-23.135299682617188,2,1,1,0.0,1.2449228136183123e-07,2,1
2685,EGS,Egilsstaðir Airport,Egilsstadir,Iceland,65.2833023071289,-14.401399612426758,2,1,1,0.0,1.2449228136183123e-07,2,1
2686,AEY,Akureyri Airport,Akureyri,Iceland,65.66000366210938,-18.07270050048828,2,1,1,0.0,1.2449228136183123e-07,2,1
2687,THU,Thule Air Base,Thule,Greenland,76.5311965942,-68.7032012939,2,1,1,0.0,9.607636190389564e-11,2,1
2688,YQU,Grande Prairie Airport,Grande Prairie,Canada,55.1796989441,-118.885002136,4,2,2,0.0,0.0006944306712419843,8,3
2689,YQX,Gander International Airport,Gander,Canada,48.9369010925293,-54.56809997558594,6,3,3,0.0,0.00033364001585243765,6,3
2690,YQY,Sydney / J.A. Douglas McCurdy Airport,Sydney,Canada,46.1614,-60.047798,4,2,2,0.0,0.0015131790562271327,4,3
2691,YQZ,Quesnel Airport,Quesnel,Canada,53.026100158691406,-122.51000213623048,4,2,2,0.0,0.0005555535632063519,8,3
2692,MZW,Mecheria Airport,Mecheria,Algeria,33.535900116,-0.242353007197,2,1,1,0.0,0.0006687403451838794,2,2
2693,BJA,Soummam Airport,Bejaja,Algeria,36.7120018005,5.0699200630200005,8,4,4,0.0,0.003499609990534474,12,2
2694,ZFM,Fort Mcpherson Airport,Fort Mcpherson,Canada,67.40750122070312,-134.86099243164062,2,1,1,0.0,2.988303695818011e-09,2,4
2695,YZT,Port Hardy Airport,Port Hardy,Canada,50.68059921264648,-127.36699676513672,2,1,1,0.0,0.0005475315644199206,2,3
2696,YZR,Chris Hadfield Airport,Sarnia,Canada,42.9994010925293,-82.30889892578125,2,1,1,0.0,0.001282505549040514,2,3
2697,YZP,Sandspit Airport,Sandspit,Canada,53.25429916379999,-131.813995361,2,1,1,0.0,0.0005475315644199206,2,3
2698,YYH,Taloyoak Airport,Spence Bay,Canada,69.5466995239,-93.5766983032,6,3,3,0.0,1.4302154721112832e-05,8,4
2699,YYG,Charlottetown Airport,Charlottetown,Canada,46.290000915527344,-63.12110137939453,6,3,3,0.0,0.002429539837126372,8,3
2700,YYF,Penticton Airport,Penticton,Canada,49.46310043334961,-119.60199737548828,2,1,1,0.0,0.0005475315644199206,2,3
2701,YYD,Smithers Airport,Smithers,Canada,54.82469940185547,-127.18299865722656,6,3,3,0.0,0.0005717329412621914,8,3
2702,YYB,North Bay Jack Garland Airport,North Bay,Canada,46.363602,-79.422798,4,2,2,0.0,0.0013029859398826875,4,3
2703,YXX,Abbotsford Airport,Abbotsford,Canada,49.025299072265625,-122.36100006103516,4,2,2,0.0,0.0006944306712419843,4,3
2704,YXU,London Airport,London,Canada,43.035599,-81.1539,10,5,5,0.0,0.003377636384702163,12,3
2705,YXT,Northwest Regional Airport Terrace-Kitimat,Terrace,Canada,54.468498,-128.576009,6,3,3,0.0,0.0005717329412621914,10,3
2706,YXH,Medicine Hat Airport,Medicine Hat,Canada,50.01890182495117,-110.72100067138672,2,1,1,0.0,0.00044319302574318475,2,3
2707,YXE,Saskatoon John G. Diefenbaker International Airport,Saskatoon,Canada,52.170799255371094,-106.6999969482422,18,9,9,0.0,0.006077414033136209,30,3
2708,YXC,Cranbrook/Canadian Rockies International Airport,Cranbrook,Canada,49.610801696777,-115.78199768066,6,3,3,0.0,0.0010544487665837695,8,3
2709,YWL,Williams Lake Airport,Williams Lake,Canada,52.1831016541,-122.054000854,4,2,2,0.0,0.0005555535632063519,10,3
2710,YVM,Qikiqtarjuaq Airport,Broughton Island,Canada,67.5457992554,-64.03140258789999,2,1,1,0.0,5.386490405502774e-08,4,4
2711,YUX,Hall Beach Airport,Hall Beach,Canada,68.77610015869999,-81.2425,4,2,2,0.0,3.783552042630327e-06,8,4
2712,YUB,Tuktoyaktuk Airport,Tuktoyaktuk,Canada,69.43329620361328,-133.0260009765625,2,1,1,0.0,2.988303695818011e-09,2,4
2713,YSY,Sachs Harbour (David Nasogaluak Jr. Saaryuaq) Airport,Sachs Harbour,Canada,71.9938964844,-125.242996216,4,2,2,0.0,5.9741457711156616e-09,4,4
2714,YSJ,Saint John Airport,St. John,Canada,45.31610107421875,-65.89029693603516,6,3,3,0.0,0.002429539837126372,6,3
2715,BDU,Bardufoss Airport,Bardufoss,Norway,69.055801391602,18.540399551392,2,1,1,0.0,0.001207710478357713,2,2
2716,VDB,Leirin Airport,Fagernes,Norway,61.015598297119,9.2880601882935,2,1,1,0.0,0.001207710478357713,2,2
2717,HAA,Hasvik Airport,Hasvik,Norway,70.486701965332,22.139699935913,4,2,2,0.0,9.87154424758796e-05,4,12
2718,MJM,Mbuji Mayi Airport,Mbuji-mayi,Congo (Kinshasa),-6.121240139010001,23.569000244099996,4,2,2,0.0,0.00014821272991624704,4,9
2719,ASO,Asosa Airport,Asosa,Ethiopia,10.018500328063965,34.586299896240234,3,2,1,0.0,0.00047218124445921926,3,9
2720,MQX,Mekele Airport,Makale,Ethiopia,13.467399597167969,39.53350067138672,2,1,1,0.0,0.0004654618347062771,2,9
2721,JIM,Jimma Airport,Jimma,Ethiopia,7.66609001159668,36.81660079956055,3,1,2,0.0,0.0004654618347062771,3,9
2722,GMB,Gambella Airport,Gambella,Ethiopia,8.12876033782959,34.5630989074707,3,1,2,0.0,0.0004654618347062771,3,9
2723,AMH,Arba Minch Airport,Arba Minch,Ethiopia,6.0393900871276855,37.59049987792969,3,2,1,0.0,0.00047218124445921926,3,9
2724,SNE,Preguiça Airport,Sao Nocolau Island,Cape Verde,16.58839988708496,-24.28470039367676,4,2,2,0.0,0.00020654783145587896,4,2
2725,MMO,Maio Airport,Maio,Cape Verde,15.15590000152588,-23.213699340820312,2,1,1,0.0,0.00010534317050236042,2,13
2726,CSK,Cap Skirring Airport,Cap Skiring,Senegal,12.39533,-16.748,2,1,1,0.0,4.448015168055711e-06,2,13
2727,OZZ,Ouarzazate Airport,Ouarzazate,Morocco,30.9391002655,-6.909430027010001,4,2,2,0.0,0.0018639578648850506,4,2
2728,TTA,Tan Tan Airport,Tan Tan,Morocco,28.44820022583008,-11.161299705505373,1,0,1,0.0,7.939047605863066e-41,1,2
2729,MLW,Spriggs Payne Airport,Monrovia,Liberia,6.289060115814209,-10.758700370788574,4,2,2,0.0,0.0003827227736741591,4,13
2730,FMI,Kalemie Airport,Kalemie,Congo (Kinshasa),-5.8755598068237305,29.25,1,1,0,0.0,3.8743196185876523e-10,1,13
2731,LKL,Banak Airport,Lakselv,Norway,70.068801879883,24.973499298096,4,3,1,0.0,0.00013526660846719665,4,12
2732,GMA,Gemena Airport,Gemena,Congo (Kinshasa),3.2353699207299997,19.771299362199997,2,1,1,0.0,1.859546013460862e-06,2,13
2733,MSU,Moshoeshoe I International Airport,Maseru,Lesotho,-29.462299346923828,27.552499771118164,2,1,1,0.0,0.00048046171270098276,2,9
2734,BUQ,Joshua Mqabuko Nkomo International Airport,Bulawayo,Zimbabwe,-20.017401,28.617901,6,3,3,0.0,0.0005519483021769374,8,9
2735,PRI,Praslin Airport,Praslin,Seychelles,-4.3192901611328125,55.69139862060547,2,1,1,0.0,9.906956400405656e-05,2,9
2736,VNX,Vilankulo Airport,Vilankulu,Mozambique,-22.018400192260746,35.31330108642578,6,3,3,0.0,0.0005332951399786424,8,9
2737,UEL,Quelimane Airport,Quelimane,Mozambique,-17.855499267578125,36.86909866333008,6,3,3,0.0,6.117757057455759e-05,6,9
2738,VXC,Lichinga Airport,Lichinga,Mozambique,-13.274,35.2663,4,2,2,0.0,2.1459967649744253e-05,4,9
2739,INH,Inhambane Airport,Inhambane,Mozambique,-23.876399993896484,35.40850067138672,6,3,3,0.0,0.0005332951399786424,6,9
2740,POG,Port Gentil Airport,Port Gentil,Gabon,-0.7117390036582947,8.754380226135254,2,1,1,0.0,6.559941917265199e-05,2,13
2741,LUO,Luena Airport,Luena,Angola,-11.768099784851074,19.8976993560791,2,1,1,0.0,0.00030918330357504654,2,9
2742,SZA,Soyo Airport,Soyo,Angola,-6.141089916229248,12.371800422668455,4,2,2,0.0,0.0003137118010867994,6,9
2743,ABS,Abu Simbel Airport,Abu Simbel,Egypt,22.375999450699997,31.611700058,2,1,1,0.0,2.203567698675186e-05,2,9
2744,KIS,Kisumu Airport,Kisumu,Kenya,-0.0861390009522438,34.72890090942383,3,1,2,0.0,0.00038125868826757367,5,9
2745,KTL,Kitale Airport,Kitale,Kenya,0.9719889760017396,34.95859909057617,2,1,1,0.0,1.3344536976967305e-06,2,9
2746,LOK,Lodwar Airport,Lodwar,Kenya,3.1219699382781982,35.608699798583984,3,2,1,0.0,0.0003869224581019212,3,9
2747,UIP,Quimper-Cornouaille Airport,Quimper,France,47.974998474121094,-4.167789936065674,2,1,1,0.0,0.0009616429986962308,2,2
2748,LAI,Lannion-Côte de Granit Airport,Lannion,France,48.754398,-3.47166,2,1,1,0.0,0.0009616429986962308,2,2
2749,CFR,Caen-Carpiquet Airport,Caen,France,49.173301696777344,-0.449999988079071,8,4,4,0.0,0.003406312208963308,8,2
2750,LRT,Lorient South Brittany (Bretagne Sud) Airport,Lorient,France,47.76060104370117,-3.440000057220459,4,2,2,0.0,0.0019027985136894623,4,2
2751,DOL,Deauville-Saint-Gatien Airport,Deauville,France,49.3652992249,0.154305994511,2,1,1,0.0,0.0004820486692530682,4,2
2752,LEH,Le Havre Octeville Airport,Le Havre,France,49.53390121459961,0.0880559980869293,2,1,1,0.0,0.0009411555149932315,2,2
2753,AUR,Aurillac Airport,Aurillac,France,44.89139938354492,2.4219400882720947,2,1,1,0.0,0.0009616429986962308,2,2
2754,LPY,Le Puy-Loudes Airport,Le Puy,France,45.0806999206543,3.762890100479126,2,1,1,0.0,0.0009616429986962308,2,2
2755,ANG,Angoulême-Brie-Champniers Airport,Angouleme,France,45.72919845581055,0.2214560061693191,2,1,1,0.0,9.169516965753763e-05,2,2
2756,AGF,Agen-La Garenne Airport,Agen,France,44.17470169067383,0.5905560255050659,4,2,2,0.0,0.0009798439545955473,4,2
2757,VLL,Valladolid Airport,Valladolid,Spain,41.7061004639,-4.85194015503,3,1,2,0.0,0.0018689962130137062,7,2
2758,EAS,San Sebastian Airport,San Sebastian,Spain,43.35649871826172,-1.7906099557876587,4,2,2,0.0,0.003648561130525238,6,2
2759,SLM,Salamanca Airport,Salamanca,Spain,40.95209884643555,-5.501989841461182,2,1,1,0.0,0.0018689962130137062,2,2
2760,PNA,Pamplona Airport,Pamplona,Spain,42.77000045776367,-1.6463299989700315,2,1,1,0.0,0.001779564917511532,3,2
2761,BJZ,Badajoz Airport,Badajoz,Spain,38.891300201416016,-6.8213300704956055,4,2,2,0.0,0.003648561130525238,4,2
2762,PDV,Plovdiv International Airport,Plovdiv,Bulgaria,42.067799,24.8508,4,2,2,0.0,0.0015059684883953366,4,2
2763,MYW,Mtwara Airport,Mtwara,Tanzania,-10.339099884033203,40.18180084228515,2,1,1,0.0,0.00010436041211185478,2,9
2764,ARK,Arusha Airport,Arusha,Tanzania,-3.3677899837493896,36.63330078125,2,1,1,0.0,0.00010436041211185478,2,9
2765,ELF,El Fasher Airport,El Fasher,Sudan,13.61489963531494,25.32460021972656,2,1,1,0.0,0.0001520824176750283,4,9
2766,KME,Kamembe Airport,Kamembe,Rwanda,-2.462239980697632,28.907899856567383,2,1,1,0.0,0.000142018777333734,2,9
2767,LTD,Ghadames East Airport,Ghadames,Libya,30.15169906616211,9.715310096740724,2,1,1,0.0,0.0002505824145871318,2,2
2768,AKF,Kufra Airport,Kufra,Libya,24.178699493408203,23.31399917602539,4,2,2,0.0,0.0003570680486766135,6,9
2769,GHT,Ghat Airport,Ghat,Libya,25.1455993652,10.1426000595,2,1,1,0.0,0.0002505824145871318,2,2
2770,VHC,Saurimo Airport,Saurimo,Angola,-9.689069747924805,20.431900024414062,4,2,2,0.0,0.0003137118010867994,4,9
2771,SPP,Menongue Airport,Menongue,Angola,-14.657600402832031,17.71980094909668,6,3,3,0.0,0.00031858545932028247,6,9
2772,MEG,Malanje Airport,Malanje,Angola,-9.525090217590332,16.312400817871094,4,2,2,0.0,0.0003137118010867994,4,9
2773,PHW,Hendrik Van Eck Airport,Phalaborwa,South Africa,-23.9372005463,31.1553993225,2,1,1,0.0,0.00048046171270098276,2,9
2774,PLZ,Port Elizabeth Airport,Port Elizabeth,South Africa,-33.9849014282,25.6173000336,8,4,4,0.0,0.0006293610130769292,18,9
2775,MGH,Margate Airport,Margate,South Africa,-30.8574008942,30.343000412,2,1,1,0.0,0.00048046171270098276,2,9
2776,HLA,Lanseria Airport,Johannesburg,South Africa,-25.938499450699997,27.9260997772,4,2,2,0.0,0.00013981389018431794,8,9
2777,KIM,Kimberley Airport,Kimberley,South Africa,-28.802799224900003,24.7651996613,4,2,2,0.0,0.0005837513103318461,4,9
2778,HDS,Hoedspruit Air Force Base Airport,Hoedspruit,South Africa,-24.3686008453,31.0487003326,4,2,2,0.0,0.0005837513103318461,4,9
2779,GRJ,George Airport,George,South Africa,-34.0056,22.378902,6,3,3,0.0,0.0006202756028853007,10,9
2780,ELS,Ben Schoeman Airport,East London,South Africa,-33.0355987549,27.8258991241,8,4,4,0.0,0.0006293610130769293,10,9
2781,BFN,Bram Fischer International Airport,Bloemfontein,South Africa,-29.0926990509,26.302400589,6,3,3,0.0,0.0006202756028853007,8,9
2782,NRK,Norrköping Airport,Norrkoeping,Sweden,58.586299896240234,16.250600814819336,2,1,1,0.0,0.0011232041135237029,4,2
2783,LPI,Linköping City Airport,Linkoeping,Sweden,58.4062004089,15.6805000305,4,2,2,0.0,0.003975353727126321,4,2
2784,AJR,Arvidsjaur Airport,Arvidsjaur,Sweden,65.59030151367188,19.28190040588379,2,1,1,0.0,1.9935947708123723e-05,4,2
2785,KRN,Kiruna Airport,Kiruna,Sweden,67.821998596191,20.336799621582,4,2,2,0.0,0.0014017044489687154,6,2
2786,OER,Örnsköldsvik Airport,Ornskoldsvik,Sweden,63.40829849243164,18.989999771118164,2,1,1,0.0,0.0013808773783082879,2,2
2787,KRF,Kramfors Sollefteå Airport,Kramfors,Sweden,63.04859924316406,17.76889991760254,4,2,2,0.0,0.0014017044489687154,8,2
2788,EVG,Sveg Airport,Sveg,Sweden,62.04779815673828,14.422900199890137,4,2,2,0.0,0.0014011010746479828,4,2
2789,KID,Kristianstad Airport,Kristianstad,Sweden,55.92169952392578,14.08549976348877,2,1,1,0.0,0.0013808773783082879,2,2
2790,MXX,Mora Airport,Mora,Sweden,60.957901,14.5114,4,2,2,0.0,0.0014011010746479828,4,2
2791,THN,Trollhättan-Vänersborg Airport,Trollhattan,Sweden,58.31809997558594,12.345000267028809,2,1,1,0.0,5.773252588844524e-05,2,2
2792,JKG,Jönköping Airport,Joenkoeping,Sweden,57.757598876953125,14.068699836730955,4,2,2,0.0,0.0014019345282546623,4,2
2793,SKE,Skien Airport,Skien,Norway,59.185001373291016,9.566940307617188,2,1,1,0.0,0.0005723201899427869,2,2
2794,LYR,"Svalbard Airport, Longyear",Svalbard,Norway,78.246101379395,15.465600013733,4,2,2,0.0,0.0013046744537624916,6,2
2795,RRS,Røros Airport,Roros,Norway,62.578399658203,11.342300415039,2,1,1,0.0,0.001207710478357713,2,2
2796,OLA,Ørland Airport,Orland,Norway,63.69889831542969,9.604000091552734,2,1,1,0.0,0.001207710478357713,2,2
2797,PBZ,Plettenberg Bay Airport,Plettenberg Bay,South Africa,-34.0881601675,23.3287234306,3,1,2,0.0,0.00010328959763086342,3,9
2798,PZB,Pietermaritzburg Airport,Pietermaritzburg,South Africa,-29.649000167799997,30.3987007141,2,1,1,0.0,0.00048046171270098276,2,9
2799,SVP,Kuito Airport,Kuito,Angola,-12.404600143433,16.947399139404,4,2,2,0.0,0.0003139866097703397,4,9
2800,PTG,Polokwane International Airport,Potgietersrus,South Africa,-23.845269,29.458615,2,1,1,0.0,0.00048046171270098276,2,9
2801,NOV,Nova Lisboa Airport,Huambo,Angola,-12.808899879455566,15.760499954223633,6,3,3,0.0,0.0003185854593202825,6,9
2802,CAB,Cabinda Airport,Cabinda,Angola,-5.59699010848999,12.188400268554688,4,2,2,0.0,0.0003137118010867994,5,9
2803,SSY,Mbanza Congo Airport,M'banza-congo,Angola,-6.269899845123291,14.246999740600586,2,1,1,0.0,0.00030918330357504654,2,9
2804,FTU,Tôlanaro Airport,Tolagnaro,Madagascar,-25.03809928894043,46.95610046386719,4,2,2,0.0,7.9297263243707e-05,4,9
2805,NOS,Fascene Airport,Nosy-be,Madagascar,-13.3121004105,48.3148002625,8,4,4,0.0,0.00019454117546547386,8,9
2806,MJN,Amborovy Airport,Mahajanga,Madagascar,-15.6668417421,46.351232528699995,4,2,2,0.0,0.00011486140134084918,6,9
2807,ANM,Antsirabato Airport,Antalaha,Madagascar,-14.99940013885498,50.3202018737793,6,3,3,0.0,8.163641054849687e-05,6,9
2808,WMR,Mananara Nord Airport,Mananara,Madagascar,-16.16390037536621,49.773799896240234,2,1,1,0.0,2.304795180377073e-06,2,9
2809,MOQ,Morondava Airport,Morondava,Madagascar,-20.28470039367676,44.31760025024414,4,2,2,0.0,7.9297263243707e-05,4,9
2810,SMS,Sainte Marie Airport,Sainte Marie,Madagascar,-17.093900680541992,49.815799713134766,6,3,3,0.0,0.0001572958768612485,6,9
2811,ZSE,Pierrefonds Airport,St.-pierre,Reunion,-21.320899963378903,55.42499923706055,2,1,1,0.0,0.00026497287910665123,6,9
2812,MFU,Mfuwe Airport,Mfuwe,Zambia,-13.258899688720703,31.936599731445312,2,1,1,0.0,4.372110772873617e-05,2,9
2813,NGE,N'Gaoundéré Airport,N'gaoundere,Cameroon,7.357009887695312,13.559200286865234,2,1,1,0.0,5.780989366113833e-05,2,13
2814,MVR,Salak Airport,Maroua,Cameroon,10.45139980316162,14.257399559020996,2,1,1,0.0,0.00013458944678967653,2,13
2815,RRG,Sir Charles Gaetan Duval Airport,Rodriguez Island,Mauritius,-19.7577,63.361,2,1,1,0.0,0.00026497287910665123,2,9
2816,BSG,Bata Airport,Bata,Equatorial Guinea,1.9054700136184692,9.80568027496338,4,2,2,0.0,0.00016627834450278148,4,13
2817,BGF,Bangui M'Poko International Airport,Bangui,Central African Republic,4.39847993850708,18.518800735473633,5,2,3,0.0,0.0024334821342678597,6,13
2818,MTS,Matsapha Airport,Manzini,Swaziland,-26.52899932861328,31.3075008392334,2,1,1,0.0,0.00048046171270098276,2,9
2819,BBK,Kasane Airport,Kasane,Botswana,-17.83289909362793,25.162399291992188,6,3,3,0.0,0.0005059353562354973,8,9
2820,FRW,Francistown Airport,Francistown,Botswana,-21.15959930419922,27.47450065612793,4,2,2,0.0,0.0004962758156540798,4,9
2821,UTT,K. D. Matanzima Airport,Umtata,South Africa,-31.5463631849,28.6733551025,2,1,1,0.0,0.00048046171270098276,2,9
2822,UTN,Pierre Van Ryneveld Airport,Upington,South Africa,-28.39909935,21.2602005005,4,2,2,0.0,0.0005837513103318461,4,9
2823,RCB,Richards Bay Airport,Richard's Bay,South Africa,-28.740999221800003,32.0920982361,2,1,1,0.0,0.00048046171270098276,2,9
2824,BGA,Palonegro Airport,Bucaramanga,Colombia,7.1265,-73.1848,6,3,3,0.0,0.0009333708577334637,10,11
2825,BSC,José Celestino Mutis Airport,Bahia Solano,Colombia,6.20292,-77.3947,2,1,1,0.0,5.9827507851978595e-06,2,11
2826,BUN,Gerardo Tobar López Airport,Buenaventura,Colombia,3.81963,-76.9898,2,1,1,0.0,0.00037865707276996986,4,11
2827,MHK,Manhattan Regional Airport,Manhattan,United States,39.14099884033203,-96.6707992553711,4,2,2,0.0,0.0022181194860928723,8,3
2828,KOS,Sihanoukville International Airport,Sihanoukville,Cambodia,10.57970047,103.637001038,2,1,1,0.0,0.00012799330356114076,2,18
2829,CLD,Mc Clellan-Palomar Airport,Carlsbad,United States,33.12829971,-117.2799988,2,1,1,0.0,0.0010955465890770775,2,3
2830,HGN,Mae Hong Son Airport,Mae Hong Son,Thailand,19.301300048828125,97.97579956054688,2,1,1,0.0,0.00012992457054705327,2,18
2831,XKH,Xieng Khouang Airport,Phon Savan,Laos,19.450001,103.157997,2,1,1,0.0,6.624745114628522e-05,2,18
2832,FUN,Funafuti International Airport,Funafuti,Tuvalu,-8.525,179.195999,2,1,1,0.0,4.729069192673397e-06,2,18
2833,SGU,St George Municipal Airport,Saint George,United States,37.036389,-113.510306,4,2,2,0.0,0.001171847494011283,4,3
2834,GJT,Grand Junction Regional Airport,Grand Junction,United States,39.1223983765,-108.527000427,12,6,6,0.0,0.0043247677069899295,16,3
2835,ARM,Armidale Airport,Armidale,Australia,-30.528099060099997,151.617004395,2,1,1,0.0,0.0002573041769888824,4,18
2836,FKL,Venango Regional Airport,Franklin,United States,41.3778991699,-79.8603973389,4,2,2,0.0,0.00043253384044209436,4,3
2837,HVB,Hervey Bay Airport,Hervey Bay,Australia,-25.3188991547,152.880004883,4,2,2,0.0,0.0004066656744299766,4,18
2838,KGC,Kingscote Airport,Kingscote,Australia,-35.71390151977539,137.52099609375,2,1,1,0.0,7.021515439094032e-05,2,18
2839,CMI,University of Illinois Willard Airport,Champaign,United States,40.03919983,-88.27809906,4,2,2,0.0,0.0022181194860928723,8,3
2840,RDN,LTS Pulau Redang Airport,Redang,Malaysia,5.765279769897461,103.00700378417967,4,2,2,0.0,0.0007499738337750501,4,18
2841,CWA,Central Wisconsin Airport,Wassau,United States,44.7775993347,-89.6668014526,6,3,3,0.0,0.0028083443001250263,10,3
2842,LSE,La Crosse Municipal Airport,La Crosse,United States,43.879002,-91.256699,4,2,2,0.0,0.0020008173287292272,6,3
2843,DEC,Decatur Airport,Decatur,United States,39.834598541259766,-88.8656997680664,4,2,2,0.0,0.0017547668934435846,4,3
2844,AZO,Kalamazoo Battle Creek International Airport,Kalamazoo,United States,42.234901428222656,-85.5521011352539,8,4,4,0.0,0.003982654438083292,12,3
2845,GPT,Gulfport Biloxi International Airport,Gulfport,United States,30.40730094909668,-89.07009887695312,8,4,4,0.0,0.0038603913843313835,18,3
2846,JAC,Jackson Hole Airport,Jacksn Hole,United States,43.6072998046875,-110.73799896240234,4,2,2,0.0,0.001171847494011283,4,3
2847,RKD,Knox County Regional Airport,Rockland,United States,44.06010056,-69.09919739,2,1,1,0.0,0.0008695885725114755,2,3
2848,BHB,Hancock County-Bar Harbor Airport,Bar Harbor,United States,44.45000076,-68.3615036,2,1,1,0.0,0.0008695885725114755,2,3
2849,TVC,Cherry Capital Airport,Traverse City,United States,44.74140167236328,-85.58219909667969,6,3,3,0.0,0.0028083443001250263,10,3
2850,BTM,Bert Mooney Airport,Butte,United States,45.95479965209961,-112.49700164794922,2,1,1,0.0,0.00046436088725939907,2,3
2851,EVV,Evansville Regional Airport,Evansville,United States,38.0369987488,-87.5324020386,8,4,4,0.0,0.004199956595446937,18,3
2852,NPE,Hawke's Bay Airport,NAPIER,New Zealand,-39.465801,176.869995,6,3,3,0.0,0.00018897196703365426,6,18
2853,RDD,Redding Municipal Airport,Redding,United States,40.50899887,-122.2929993,2,1,1,0.0,0.0008552765870631369,2,3
2854,MFR,Rogue Valley International Medford Airport,Medford,United States,42.37419891357422,-122.8730010986328,14,7,7,0.0,0.004928574525173784,18,3
2855,RDM,Roberts Field,Redmond-Bend,United States,44.2541008,-121.1500015,12,6,6,0.0,0.004190654745999353,16,3
2856,JST,John Murtha Johnstown Cambria County Airport,Johnstown,United States,40.31610107421875,-78.83390045166016,4,2,2,0.0,0.0010957988291794179,4,3
2857,BWK,Bol Airport,Brac,Croatia,43.285701751708984,16.67970085144043,2,1,1,0.0,0.0004801182990763312,2,2
2858,PYY,Mae Hong Son Airport,Pai,Thailand,19.3719997406,98.43699646,2,1,1,0.0,0.00012992457054705327,2,18
2859,TBB,Dong Tac Airport,Tuy Hoa,Vietnam,13.0495996475,109.333999634,4,2,2,0.0,0.0006114788483634228,4,18
2860,VCL,Chu Lai International Airport,Chu Lai,Vietnam,15.4033002853,108.706001282,4,2,2,0.0,0.0006114788483634228,4,18
2861,CAH,Cà Mau Airport,Ca Mau,Vietnam,9.177667,105.177778,2,1,1,0.0,0.0003355825307004878,2,18
2862,VKG,Rach Gia Airport,Rach Gia,Vietnam,9.95802997234,105.132379532,2,1,1,0.0,0.0003355825307004878,2,18
2863,VDH,Dong Hoi Airport,Dong Hoi,Vietnam,17.515,106.590556,4,2,2,0.0,0.0006114788483634228,4,18
2864,DLI,Lien Khuong Airport,Dalat,Vietnam,11.75,108.366997,6,3,3,0.0,0.0007018438973633857,10,18
2865,ODY,Oudomsay Airport,Muang Xay,Laos,20.68269920349121,101.99400329589844,2,1,1,0.0,6.624745114628522e-05,2,18
2866,LXG,Luang Namtha Airport,Luang Namtha,Laos,20.966999,101.400002,2,1,1,0.0,6.624745114628522e-05,2,18
2867,TDX,Trat Airport,Trat,Thailand,12.274600029,102.319000244,2,1,1,0.0,0.0009200648406506717,2,18
2868,BFV,Buri Ram Airport,Buri Ram,Thailand,15.229499816894531,103.25299835205078,2,1,1,0.0,0.000104158269511764,2,18
2869,ROI,Roi Et Airport,Roi Et,Thailand,16.11680030822754,103.77400207519533,2,1,1,0.0,0.000104158269511764,2,18
2870,NNT,Nan Airport,Nan,Thailand,18.807899475097656,100.78299713134766,4,2,2,0.0,0.00023408284005881725,4,18
2871,BGM,Greater Binghamton/Edwin A Link field,Binghamton,United States,42.20869827,-75.97979736,6,3,3,0.0,0.0029015640520759518,8,3
2872,MBS,MBS International Airport,Saginaw,United States,43.532901763916016,-84.07959747314453,8,4,4,0.0,0.003982654438083292,10,3
2873,FCA,Glacier Park International Airport,Kalispell,United States,48.31050109863281,-114.25599670410156,10,5,5,0.0,0.003279168729044492,10,3
2874,UII,Utila Airport,Utila,Honduras,16.1131,-86.880302,1,1,0,0.0,6.550211838615081e-06,1,3
2875,PAH,Barkley Regional Airport,PADUCAH,United States,37.06079864501953,-88.7738037109375,2,1,1,0.0,0.0013025356259988342,2,3
2876,MGM,Montgomery Regional (Dannelly Field) Airport,MONTGOMERY,United States,32.30059814,-86.39399719,6,3,3,0.0,0.002913151275539871,14,3
2877,PKB,Mid Ohio Valley Regional Airport,PARKERSBURG,United States,39.34510040283203,-81.43920135498047,2,1,1,0.0,0.00042628628493917095,2,3
2878,YWH,Victoria Harbour Seaplane Base,Victoria,Canada,48.4249858939,-123.388867378,2,1,1,0.0,1.664938956473094e-34,2,24
2879,CHO,Charlottesville Albemarle Airport,Charlottesville VA,United States,38.13859939575195,-78.4529037475586,12,6,6,0.0,0.0057921828325515155,26,3
2880,APF,Naples Municipal Airport,Naples,United States,26.1525993347,-81.7752990723,2,1,1,0.0,0.0009095111982734445,2,3
2881,BRO,Brownsville South Padre Island International Airport,Brownsville,United States,25.90679931640625,-97.4259033203125,4,2,2,0.0,0.0018628239688855508,6,3
2882,ART,Watertown International Airport,Watertown,United States,43.99190139770508,-76.02169799804688,4,2,2,0.0,0.0023165969245868426,8,3
2883,FLO,Florence Regional Airport,Florence,United States,34.18539810180664,-79.7238998413086,2,1,1,0.0,0.0008232572774875678,4,3
2884,VPS,Destin-Ft Walton Beach Airport,Valparaiso,United States,30.4832,-86.525398,10,5,5,0.0,0.004374844713548647,21,3
2885,CPR,Casper-Natrona County International Airport,Casper,United States,42.908001,-106.463997,6,3,3,0.0,0.001909767273185714,6,3
2886,VDZ,Valdez Pioneer Field,Valdez,United States,61.13389969,-146.2480011,2,1,1,0.0,0.00010125821714493852,4,21
2887,SIT,Sitka Rocky Gutierrez Airport,Sitka,United States,57.04710006713867,-135.36199951171875,4,2,2,0.0,2.1184463114510532e-05,6,21
2888,AEX,Alexandria International Airport,Alexandria,United States,31.32740020751953,-92.54979705810548,6,3,3,0.0,0.003037134106843816,12,3
2889,LNY,Lanai Airport,Lanai,United States,20.785600662231445,-156.9510040283203,5,2,3,0.0,0.00045569062341893114,7,18
2890,TYR,Tyler Pounds Regional Airport,Tyler,United States,32.35409927368164,-95.40239715576172,4,2,2,0.0,0.0018628239688855508,6,3
2891,BTR,Baton Rouge Metropolitan Airport,Baton Rouge,United States,30.533199,-91.149597,8,4,4,0.0,0.0038603913843313835,16,3
2892,ILM,Wilmington International Airport,Wilmington,United States,34.270599365234375,-77.90260314941406,10,5,5,0.0,0.003924124753677801,26,3
2893,FOE,Topeka Regional Airport - Forbes Field,Topeka,United States,38.950901031499995,-95.6635971069,2,1,1,0.0,0.0013025356259988342,2,3
2894,CDC,Cedar City Regional Airport,Cedar City,United States,37.70100021362305,-113.0989990234375,2,1,1,0.0,0.00046436088725939907,2,3
2895,AYQ,Ayers Rock Connellan Airport,Uluru,Australia,-25.1861,130.975998,6,3,3,0.0,0.00032034191114531656,8,18
2896,MOD,Modesto City Co-Harry Sham Field,Modesto,United States,37.62580109,-120.9540024,2,1,1,0.0,0.0008552765870631369,2,3
2897,SCK,Stockton Metropolitan Airport,Stockton,United States,37.894199371338,-121.2379989624,2,1,1,0.0,0.0007379197791744311,2,3
2898,JHM,Kapalua Airport,Lahania-kapalua,United States,20.962900161743164,-156.67300415039062,4,2,2,0.0,0.00040683315630910135,4,18
2899,BLV,Scott AFB/Midamerica Airport,Belleville,United States,38.5452,-89.835197,2,1,1,0.0,0.00010083158559432172,2,3
2900,SAF,Santa Fe Municipal Airport,Santa Fe,United States,35.617099762,-106.088996887,6,3,3,0.0,0.0027186170559229993,12,3
2901,MOB,Mobile Regional Airport,Mobile,United States,30.691200256348,-88.242797851562,10,5,5,0.0,0.005162927010330218,18,3
2902,GRK,Robert Gray  Army Air Field Airport,Killeen,United States,31.067199707,-97.8289031982,6,3,3,0.0,0.003037134106843816,12,3
2903,TXK,Texarkana Regional Webb Field,Texarkana,United States,33.45370101928711,-93.99099731445312,2,1,1,0.0,0.0009155838600940382,4,3
2904,MCN,Middle Georgia Regional Airport,Macon,United States,32.69279861450195,-83.64920043945312,4,2,2,0.0,0.0018688452493161162,4,3
2905,SUX,Sioux Gateway Col. Bud Day Field,Sioux City,United States,42.40259933,-96.38439941,2,1,1,0.0,0.0013025356259988342,4,3
2906,HOB,Lea County Regional Airport,Hobbs,United States,32.6875,-103.2170029,2,1,1,0.0,0.0009472401087915126,2,3
2907,NAH,Naha Airport,Naha,Indonesia,3.6832098960876465,125.52799987792967,2,1,1,0.0,1.6080010820702138e-05,2,18
2908,KDI,Wolter Monginsidi Airport,Kendari,Indonesia,-4.081610202789307,122.41799926757812,4,2,2,0.0,0.00028341858991381963,8,18
2909,MLG,Abdul Rachman Saleh Airport,Malang,Indonesia,-7.926559925079999,112.714996338,4,2,2,0.0,0.00039888078731953135,6,18
2910,TJQ,Buluh Tumbang (H A S Hanandjoeddin) Airport,Tanjung Pandan,Indonesia,-2.74571990967,107.754997253,4,2,2,0.0,0.0002605693215556943,8,18
2911,HVN,Tweed New Haven Airport,New Haven,United States,41.26369858,-72.88680267,2,1,1,0.0,0.0010140612985880084,4,3
2912,TAG,Tagbilaran Airport,Tagbilaran,Philippines,9.665442,123.853533,2,1,1,0.0,0.0003334404340357145,6,18
2913,EMD,Emerald Airport,Emerald,Australia,-23.5674991608,148.179000854,2,1,1,0.0,0.0001493614974410942,4,18
2914,SCT,Socotra International Airport,Socotra,Yemen,12.63070011138916,53.905799865722656,2,1,1,0.0,6.671426817782906e-05,4,9
2915,AAY,Al Ghaidah International Airport,Al Ghaidah Intl,Yemen,16.191699981689453,52.17499923706055,2,1,1,0.0,0.00016077273344924884,3,9
2916,AXK,Ataq Airport,Ataq,Yemen,14.551300048828123,46.82619857788086,2,1,1,0.0,0.00016077273344924884,2,9
2917,HOD,Hodeidah International Airport,Hodeidah,Yemen,14.753000259399414,42.97629928588867,7,3,4,0.0,0.0015336335637215598,9,9
2918,MSW,Massawa International Airport,Massawa,Eritrea,15.670000076293944,39.37009811401367,1,0,1,0.0,7.939047605863066e-41,1,9
2919,LWN,Gyumri Shirak Airport,Gyumri,Armenia,40.7504005432,43.859298706100006,2,1,1,0.0,0.0011063312200673726,2,14
2920,PLQ,Palanga International Airport,Palanga,Lithuania,55.973201751708984,21.093900680541992,6,3,3,0.0,0.0037881054120355033,6,2
2921,DAB,Daytona Beach International Airport,Daytona Beach,United States,29.179899,-81.058098,4,2,2,0.0,0.0019975674154458327,10,3
2922,SBA,Santa Barbara Municipal Airport,Santa Barbara,United States,34.42620087,-119.8399963,12,6,6,0.0,0.004278470323658618,16,3
2923,MRY,Monterey Peninsula Airport,Monterey,United States,36.58700180053711,-121.84300231933594,12,6,6,0.0,0.004407546825750168,20,3
2924,ITH,Ithaca Tompkins Regional Airport,Ithaca,United States,42.49100112915039,-76.4583969116211,6,3,3,0.0,0.003179819659160512,8,3
2925,PUW,Pullman Moscow Regional Airport,Pullman,United States,46.7439,-117.110001,4,2,2,0.0,0.0006894820871515592,4,3
2926,THS,Sukhothai Airport,Sukhothai,Thailand,17.238000869750977,99.81819915771484,2,1,1,0.0,0.0009200648406506717,2,18
2927,KOP,Nakhon Phanom Airport,Nakhon Phanom,Thailand,17.383800506591797,104.64299774169922,2,1,1,0.0,0.000104158269511764,4,18
2928,NST,Nakhon Si Thammarat Airport,Nakhon Si Thammarat,Thailand,8.539620399475098,99.9447021484375,2,1,1,0.0,0.000104158269511764,4,18
2929,WGP,Umbu Mehang Kunda Airport,Waingapu,Indonesia,-9.66922,120.302002,2,1,1,0.0,0.00014256326230679392,2,18
2930,BMU,Muhammad Salahuddin Airport,Bima,Indonesia,-8.5396499633789,118.68699645996,4,2,2,0.0,0.00017046915236461308,6,18
2931,MOF,Maumere(Wai Oti) Airport,Maumere,Indonesia,-8.64064979553,122.236999512,4,2,2,0.0,0.000145973191802438,5,18
2932,PKY,Tjilik Riwut Airport,Palangkaraya,Indonesia,-2.22513008118,113.943000793,4,2,2,0.0,0.00031771723550569006,6,18
2933,TNJ,Raja Haji Fisabilillah International Airport,Tanjung Pinang,Indonesia,0.922683000565,104.531997681,2,1,1,0.0,0.0002563175250127374,6,18
2934,TMI,Tumling Tar Airport,Tumling Tar,Nepal,27.315001,87.193298,2,1,1,0.0,0.00019704657496024858,2,9
2935,DHI,Dhangarhi Airport,Dhangarhi,Nepal,28.75329971313477,80.58190155029297,2,1,1,0.0,0.00019704657496024858,2,9
2936,JTY,Astypalaia Airport,Astypalaia,Greece,36.5798988342,26.3757991791,4,2,2,0.0,0.001278407804733473,8,2
2937,JNS,Narsaq Heliport,Narsaq,Greenland,60.9172827256,-46.059923172,4,2,2,0.0,4.646188344086871e-07,4,1
2938,CXH,Vancouver Harbour Water Aerodrome,Vancouver,Canada,49.2943992615,-123.111000061,2,1,1,0.0,1.664938956473094e-34,2,24
2939,YGZ,Grise Fiord Airport,Grise Fiord,Canada,76.4261016846,-82.90920257570001,2,1,1,0.0,7.782349317241335e-10,2,4
2940,YGX,Gillam Airport,Gillam,Canada,56.35749816894531,-94.71060180664062,4,2,2,0.0,0.0001083816895667458,4,4
2941,XKS,Kasabonika Airport,Kasabonika,Canada,53.52470016479492,-88.6427993774414,4,2,2,0.0,3.436458874032637e-07,4,7
2942,YHP,Poplar Hill Airport,Poplar Hill,Canada,52.1133,-94.2556,4,2,2,0.0,2.308882123608741e-08,4,7
2943,YOG,Ogoki Post Airport,Ogoki Post,Canada,51.6585998535,-85.9017028809,2,1,1,0.0,3.146087377021641e-07,2,3
2944,KIF,Kingfisher Lake Airport,Kingfisher Lake,Canada,53.01250076293945,-89.85530090332031,4,2,2,0.0,3.434276065493759e-07,4,7
2945,YNO,North Spirit Lake Airport,North Spirit Lake,Canada,52.4900016784668,-92.97109985351562,4,2,2,0.0,2.308882123608741e-08,4,7
2946,SUR,Summer Beaver Airport,Summer Beaver,Canada,52.70859909057617,-88.54190063476562,2,1,1,0.0,4.960124391032735e-09,2,7
2947,YLE,Whatì Airport,Whatì,Canada,63.13169860839844,-117.24600219726562,2,1,1,0.0,1.388613006244495e-05,2,4
2948,YAA,Anahim Lake Airport,Anahim Lake,Canada,52.45249938964844,-125.3030014038086,2,1,1,0.0,7.906150538462858e-06,2,3
2949,JNN,Nanortalik Heliport,Nanortalik,Greenland,60.141883975899994,-45.232976675,4,2,2,0.0,6.807266440612532e-09,4,1
2950,MLO,Milos Airport,Milos,Greece,36.696899,24.4769,2,1,1,0.0,0.001259598310369598,4,2
2951,JSU,Maniitsoq Airport,Maniitsoq,Greenland,65.4124984741,-52.9393997192,4,2,2,0.0,3.1579343214767015e-05,4,1
2952,JFR,Paamiut Heliport,Paamiut,Greenland,61.9921989441,-49.6624984741,4,2,2,0.0,9.0766753791006e-06,4,1
2953,CNP,Neerlerit Inaat Airport,Neerlerit Inaat,Greenland,70.7431030273,-22.6504993439,2,1,1,0.0,1.664938956473094e-34,2,25
2954,LLU,Alluitsup Paa Heliport,Alluitsup Paa,Greenland,60.46445,-45.56917,4,2,2,0.0,6.807266440612532e-09,4,1
2955,WBM,Wapenamanda Airport,Wapenamanda,Papua New Guinea,-5.6433000564575195,143.89500427246094,2,1,1,0.0,5.211972589990557e-05,2,0
2956,VAI,Vanimo Airport,Vanimo,Papua New Guinea,-2.6926,141.3028,6,3,3,0.0,5.373035653177049e-05,6,0
2957,TIZ,Tari Airport,Tari,Papua New Guinea,-5.84499979019,142.947998047,5,2,3,0.0,5.296394412112166e-05,6,0
2958,MXH,Moro Airport,Moro,Papua New Guinea,-6.36332988739,143.238006592,5,3,2,0.0,5.37287000888558e-05,6,0
2959,MDU,Mendi Airport,Mendi,Papua New Guinea,-6.14774,143.656998,2,1,1,0.0,5.211972589990557e-05,2,0
2960,KVG,Kavieng Airport,Kavieng,Papua New Guinea,-2.57940006256,150.807998657,6,3,3,0.0,5.4462971515753765e-05,8,0
2961,HKN,Kimbe Airport,Hoskins,Papua New Guinea,-5.462170124053955,150.40499877929688,6,3,3,0.0,5.450832468060643e-05,12,0
2962,YNS,Nemiscau Airport,Nemiscau,Canada,51.69110107421875,-76.1355972290039,4,2,2,0.0,1.3637472126198474e-05,4,4
2963,YLC,Kimmirut Airport,Kimmirut,Canada,62.8499984741,-69.88330078119999,2,1,1,0.0,3.7288864079854427e-06,2,4
2964,XGR,Kangiqsualujjuaq (Georges River) Airport,Kangiqsualujjuaq,Canada,58.71139907836914,-65.9927978515625,2,1,1,0.0,1.334579793675773e-05,2,4
2965,YPO,Peawanuck Airport,Peawanuck,Canada,54.98809814453125,-85.44329833984375,2,1,1,0.0,8.991111821519988e-13,2,4
2966,KSD,Karlstad Airport,Karlstad,Sweden,59.4446983337,13.3374004364,4,2,2,0.0,0.0023703984335288037,4,2
2967,SOJ,Sørkjosen Airport,Sorkjosen,Norway,69.786796569824,20.959400177002,5,3,2,0.0,0.00011787743794535142,5,12
2968,SDN,Sandane Airport (Anda),Sandane,Norway,61.830001831055,6.1058301925659,4,2,2,0.0,0.0012340432442856358,4,2
2969,RET,Røst Airport,Røst,Norway,67.527801513672,12.103300094604,4,2,2,0.0,3.269179228279649e-05,4,12
2970,CFN,Donegal Airport,Dongloe,Ireland,55.0442008972168,-8.340999603271484,4,2,2,0.0,0.0024139936216738727,4,2
2971,BRR,Barra Airport,Barra,United Kingdom,57.0228,-7.44306,2,1,1,0.0,0.0007201819458618507,2,2
2972,VLY,Anglesey Airport,Angelsey,United Kingdom,53.2481002808,-4.53533983231,2,1,1,0.0,0.000274594791978627,2,2
2973,LEQ,Land's End Airport,Land's End,United Kingdom,50.102798,-5.67056,2,1,1,0.0,4.859305150808325e-06,2,2
2974,WRY,Westray Airport,Westray,United Kingdom,59.3502998352,-2.95000004768,4,2,2,0.0,3.43547931312998e-05,4,10
2975,SOY,Stronsay Airport,Stronsay,United Kingdom,59.1553001404,-2.64139008522,4,2,2,0.0,3.43547931312998e-05,4,10
2976,EOI,Eday Airport,Eday,United Kingdom,59.19060134887695,-2.7722198963165283,3,2,1,0.0,3.4347739003737905e-05,3,10
2977,CAL,Campbeltown Airport,Campbeltown,United Kingdom,55.437198638916016,-5.686389923095703,2,1,1,0.0,0.0007201819458618507,2,2
2978,KMS,Kumasi Airport,Kumasi,Ghana,6.714560031890869,-1.5908199548721311,2,1,1,0.0,0.0002737656060570359,8,13
2979,ELU,Guemar Airport,Guemar,Algeria,33.5113983154,6.77679014206,2,1,1,0.0,0.0006687403451838794,2,2
2980,BMW,Bordj Badji Mokhtar Airport,Bordj Badji Mokhtar,Algeria,21.375,0.923888981342,2,1,1,0.0,1.5520619372599582e-05,2,2
2981,CBH,Béchar Boudghene Ben Ali Lotfi Airport,Béchar,Algeria,31.64570045471191,-2.269860029220581,2,1,1,0.0,0.0002594961574426797,2,2
2982,BLJ,Batna Airport,Batna,Algeria,35.752101898199996,6.308589935300001,8,4,4,0.0,0.003499609990534474,8,2
2983,ZUM,Churchill Falls Airport,Churchill Falls,Canada,53.5619010925293,-64.10639953613281,4,2,2,0.0,2.1551086883780353e-05,4,4
2984,ZPB,Sachigo Lake Airport,Sachigo Lake,Canada,53.8911018371582,-92.19640350341795,4,2,2,0.0,3.43574172423627e-07,4,7
2985,ZMT,Masset Airport,Masset,Canada,54.02750015258789,-132.125,2,1,1,0.0,0.0005475315644199206,2,3
2986,YRA,Rae Lakes Airport,Gamètì,Canada,64.11609649658203,-117.30999755859376,2,1,1,0.0,1.388613006244495e-05,2,4
2987,YQD,The Pas Airport,The Pas,Canada,53.97140121459961,-101.09100341796876,6,3,3,0.0,0.00010996994502718955,10,4
2988,YPW,Powell River Airport,Powell River,Canada,49.83420181274414,-124.5,2,1,1,0.0,0.0005475315644199206,2,3
2989,CMU,Chimbu Airport,Kundiawa,Papua New Guinea,-6.024290084838867,144.9709930419922,2,1,1,0.0,5.211972589990557e-05,2,0
2990,KGE,Kaghau Airport,Kagau Island,Solomon Islands,-7.3305,157.585,4,2,2,0.0,3.973119174469519e-06,4,0
2991,VAO,Suavanao Airport,Suavanao,Solomon Islands,-7.585559844970703,158.7310028076172,4,3,1,0.0,4.028840754467045e-06,4,0
2992,BJI,Bemidji Regional Airport,Bemidji,United States,47.50939941,-94.93370056,2,1,1,0.0,0.0006982817027303928,2,3
2993,ERI,Erie International Tom Ridge Field,Erie,United States,42.0831270134,-80.1738667488,6,3,3,0.0,0.0022478745549229786,8,3
2994,GTR,Golden Triangle Regional Airport,Columbus Mississippi,United States,33.450298309299995,-88.5914001465,2,1,1,0.0,0.0011743101379582648,6,3
2995,TWF,Joslin Field Magic Valley Regional Airport,Twin Falls,United States,42.4818,-114.487999,2,1,1,0.0,0.00046436088725939907,2,3
2996,FLG,Flagstaff Pulliam Airport,Flagstaff,United States,35.13850021,-111.6709976,2,1,1,0.0,0.0005521764649186639,4,3
2997,LAW,Lawton Fort Sill Regional Airport,Lawton,United States,34.5676994324,-98.4166030884,2,1,1,0.0,0.0009155838600940382,4,3
2998,CSG,Columbus Metropolitan Airport,Columbus,United States,32.516300201416016,-84.93890380859375,2,1,1,0.0,0.0011743101379582648,6,3
2999,EGE,Eagle County Regional Airport,Vail,United States,39.64260101,-106.9179993,2,1,1,0.0,0.000707486606751884,2,3
3000,SAB,Juancho E. Yrausquin Airport,Saba,Netherlands Antilles,17.645000457763672,-63.220001220703125,3,2,1,0.0,0.0002986637437411782,3,3
3001,YPC,Paulatuk (Nora Aliqatchialuk Ruben) Airport,Paulatuk,Canada,69.3608381154,-124.075469971,2,1,1,0.0,2.988303695818011e-09,2,4
3002,YGH,Fort Good Hope Airport,Fort Good Hope,Canada,66.24079895019531,-128.6510009765625,4,2,2,0.0,2.0371063593217799e-07,4,4
3003,KDM,Kaadedhdhoo Airport,Kaadedhdhoo,Maldives,0.4881309866905212,72.99690246582031,4,2,2,0.0,0.00028016554659598356,4,9
3004,GCN,Grand Canyon National Park Airport,Grand Canyon,United States,35.95240020751953,-112.14700317382812,2,1,1,0.0,1.8198200437819382e-05,2,3
3005,BDB,Bundaberg Airport,Bundaberg,Australia,-24.903900146499996,152.319000244,2,1,1,0.0,0.0001493614974410942,4,18
3006,BKQ,Blackall Airport,Blackall,Australia,-24.427799224900003,145.429000854,2,1,1,0.0,0.0001493614974410942,3,18
3007,OZC,Labo Airport,Ozamis,Philippines,8.178509712219238,123.84200286865234,4,2,2,0.0,0.00040283774268543444,8,18
3008,LGP,Legazpi City International Airport,Legazpi,Philippines,13.1575,123.735,4,2,2,0.0,0.00040283774268543444,8,18
3009,LAO,Laoag International Airport,Laoag,Philippines,18.1781005859375,120.53199768066406,2,1,1,0.0,0.0003334404340357145,4,18
3010,DPL,Dipolog Airport,Dipolog,Philippines,8.60198349877,123.341875076,6,3,3,0.0,0.00042017729032303437,8,18
3011,BXU,Bancasi Airport,Butuan,Philippines,8.9515,125.4788,4,2,2,0.0,0.00040283774268543444,8,18
3012,USU,Francisco B. Reyes Airport,Busuanga,Philippines,12.1215000153,120.099998474,4,2,2,0.0,0.00040283774268543444,6,18
3013,KZS,Kastelorizo Airport,Kastelorizo,Greece,36.1417007446,29.576400756799995,2,1,1,0.0,0.0006386650074055051,4,2
3014,PAS,Paros National Airport,Paros,Greece,37.020495,25.113195,2,1,1,0.0,0.001259598310369598,4,2
3015,JNX,Naxos Airport,Cyclades Islands,Greece,37.0811004639,25.3680992126,2,1,1,0.0,0.001259598310369598,4,2
3016,SPR,San Pedro Airport,San Pedro,Belize,17.9139,-87.9711,2,1,1,0.0,0.00012116196913105759,4,3
3017,BNK,Ballina Byron Gateway Airport,Ballina Byron Bay,Australia,-28.8339004517,153.56199646,6,3,3,0.0,0.00047032163173289917,10,18
3018,RUS,Marau Airport,Marau,Solomon Islands,-9.86166954041,160.824996948,2,1,1,0.0,3.914070654716671e-06,2,0
3019,GCC,Gillette Campbell County Airport,Gillette,United States,44.3488998413,-105.539001465,6,3,3,0.0,0.0011890216324116044,6,3
3020,RNL,Rennell/Tingoa Airport,Rennell Island,Solomon Islands,-11.533900260925291,160.06300354003906,2,1,1,0.0,3.914070654716671e-06,2,0
3021,SCZ,Santa Cruz/Graciosa Bay/Luova Airport,Santa Cruz/Graciosa Bay/Luova,Solomon Islands,-10.72029972076416,165.7949981689453,2,1,1,0.0,3.914070654716671e-06,2,0
3022,FRE,Fera/Maringe Airport,Fera Island,Solomon Islands,-8.1075,159.576996,3,1,2,0.0,3.914070654716671e-06,3,0
3023,ATD,Uru Harbour Airport,Atoifi,Solomon Islands,-8.87333,161.011002,2,1,1,0.0,3.914070654716671e-06,2,0
3024,DBQ,Dubuque Regional Airport,Dubuque IA,United States,42.40200043,-90.70950317,2,1,1,0.0,0.0013025356259988342,4,3
3025,OAJ,Albert J Ellis Airport,Jacksonville NC,United States,34.8292007446,-77.61209869380001,6,3,3,0.0,0.0025120207446630975,14,3
3026,KGP,Kogalym International Airport,Kogalym,Russia,62.190399169921875,74.53379821777344,2,1,1,0.0,0.00040496247234888085,2,14
3027,JLN,Joplin Regional Airport,Joplin,United States,37.151798248291016,-94.49829864501952,2,1,1,0.0,0.0009155838600940382,4,3
3028,NVK,Narvik Framnes Airport,Narvik,Norway,68.436897277832,17.386699676514,2,1,1,0.0,3.221285737270369e-05,2,12
3029,COD,Yellowstone Regional Airport,Cody,United States,44.520198822,-109.024002075,4,2,2,0.0,0.001171847494011283,4,3
3030,LBL,Liberal Mid-America Regional Airport,Liberal,United States,37.0442009,-100.9599991,4,2,2,0.0,0.0007178551493277167,10,3
3031,HDN,Yampa Valley Airport,Hayden,United States,40.48120117,-107.2180023,2,1,1,0.0,0.000707486606751884,2,3
3032,CEZ,Cortez Municipal Airport,Cortez,United States,37.3030014038,-108.627998352,2,1,1,0.0,0.000707486606751884,2,3
3033,SPI,Abraham Lincoln Capital Airport,Springfield,United States,39.84410095,-89.67790222,4,4,0,0.0,0.0023446363889555832,5,3
3034,MEI,Key Field,Meridian,United States,32.33259963989258,-88.75189971923828,2,1,1,0.0,0.0011743101379582648,2,3
3035,HVG,Valan Airport,Honningsvag,Norway,71.009696960449,25.983600616455,5,2,3,0.0,1.806249584524772e-06,5,12
3036,SCE,University Park Airport,State College Pennsylvania,United States,40.8493003845,-77.84870147710001,8,4,4,0.0,0.004204099678074787,10,3
3037,LYB,Edward Bodden Airfield,Little Cayman,Cayman Islands,19.660161,-80.088826,4,2,2,0.0,0.00021622877244138064,4,3
3038,DNH,Dunhuang Airport,Dunhuang,China,40.16109848022461,94.80919647216795,8,4,4,0.0,0.0007846969538352771,14,20
3039,OGL,Eugene F. Correira International Airport,Georgetown,Guyana,6.80628,-58.1059,2,1,1,0.0,0.0001279228206919851,2,3
3040,AGT,Guarani International Airport,Ciudad del Este,Paraguay,-25.454516,-54.842682,4,2,2,0.0,0.000742895924482277,8,11
3041,JZH,Jiuzhai Huanglong Airport,Jiuzhaigou,China,32.8533333333,103.682222222,10,5,5,0.0,0.0023011180397028196,32,20
3042,CJM,Chumphon Airport,Chumphon,Thailand,10.711199760437012,99.36170196533205,2,1,1,0.0,0.000104158269511764,2,18
3043,DHN,Dothan Regional Airport,Dothan,United States,31.321300506591797,-85.44960021972656,2,1,1,0.0,0.0011743101379582648,6,3
3044,ROW,Roswell International Air Center Airport,Roswell,United States,33.30160140991211,-104.53099822998048,2,1,1,0.0,0.0009155838600940382,4,3
3045,CUC,Camilo Daza International Airport,Cucuta,Colombia,7.92757,-72.5115,6,3,3,0.0,0.0009333708577334637,8,11
3046,IXG,Belgaum Airport,Belgaum,India,15.8592996597,74.6183013916,2,1,1,0.0,0.000277138081563178,2,9
3047,IXA,Agartala Airport,Agartala,India,23.8869991302,91.2404022217,6,3,3,0.0,0.00017520290854350815,16,9
3048,TRR,China Bay Airport,Trinciomalee,Sri Lanka,8.5385103225708,81.18190002441406,2,1,1,0.0,5.475977370779378e-06,2,9
3049,BTC,Batticaloa Airport,Batticaloa,Sri Lanka,7.70576,81.678802,2,1,1,0.0,5.475977370779378e-06,2,9
3050,UDR,Maharana Pratap Airport,Udaipur,India,24.617700576799997,73.89610290530001,4,2,2,0.0,0.0013004973031978484,14,9
3051,STV,Surat Airport,Surat,India,21.1140995026,72.7417984009,4,2,2,0.0,0.0013004973031978484,6,9
3052,RAJ,Rajkot Airport,Rajkot,India,22.3092002869,70.77950286869999,2,1,1,0.0,0.0005646181607148037,6,9
3053,JGA,Jamnagar Airport,Jamnagar,India,22.465499877929688,70.01260375976562,2,1,1,0.0,0.0005646181607148037,2,9
3054,JLR,Jabalpur Airport,Jabalpur,India,23.177799224853516,80.052001953125,4,2,2,0.0,0.0013004973031978484,6,9
3055,BHU,Bhavnagar Airport,Bhaunagar,India,21.752199173,72.1852035522,2,1,1,0.0,0.0005646181607148037,4,9
3056,BHO,Raja Bhoj International Airport,Bhopal,India,23.2875003815,77.3374023438,5,3,2,0.0,0.001324859673205049,14,9
3057,BDQ,Vadodara Airport,Baroda,India,22.336201,73.226303,4,2,2,0.0,0.0013004973031978484,10,9
3058,BHJ,Bhuj Airport,Bhuj,India,23.2877998352,69.6701965332,2,1,1,0.0,0.0005646181607148037,4,9
3059,SFG,L'Espérance Airport,St. Martin,Guadeloupe,18.099899291992,-63.047199249268,4,2,2,0.0,0.00010612659757313181,8,3
3060,IXU,Aurangabad Airport,Aurangabad,India,19.862699508666992,75.39810180664062,4,2,2,0.0,0.0013004973031978484,10,9
3061,BHK,Bukhara Airport,Bukhara,Uzbekistan,39.775001525878906,64.4832992553711,7,4,3,0.0,0.0026161804654044407,13,14
3062,MQF,Magnitogorsk International Airport,Magnetiogorsk,Russia,53.39310073852539,58.75569915771485,4,2,2,0.0,0.001796289249714849,4,14
3063,PWE,Pevek Airport,Pevek,Russia,69.783302307129,170.59700012207,2,1,1,0.0,0.0005886585599056202,2,14
3064,GDX,Sokol Airport,Magadan,Russia,59.9109992980957,150.72000122070312,8,4,4,0.0,0.001415890963923692,12,14
3065,AKX,Aktobe Airport,Aktyubinsk,Kazakhstan,50.2458,57.206699,8,4,4,0.0,0.001842033574234792,14,14
3066,PLX,Semipalatinsk Airport,Semiplatinsk,Kazakhstan,50.351295,80.234398,6,3,3,0.0,0.0006749153588054038,6,14
3067,PWQ,Pavlodar Airport,Pavlodar,Kazakhstan,52.19499969482422,77.07389831542969,6,3,3,0.0,0.0017549677084471576,6,14
3068,URA,Uralsk Airport,Uralsk,Kazakhstan,51.15079879760742,51.54309844970703,6,3,3,0.0,0.0004372151815142201,6,14
3069,EUX,F. D. Roosevelt Airport,Oranjestad,Netherlands Antilles,17.49650001525879,-62.979400634765625,2,1,1,0.0,0.00028386593064095694,2,3
3070,PSE,Mercedita Airport,Ponce,Puerto Rico,18.00830078125,-66.56300354003906,4,2,2,0.0,0.00222754323982974,4,3
3071,AJL,Lengpui Airport,Aizwal,India,23.840599060099997,92.6196975708,6,3,3,0.0,0.00017520290854350815,12,9
3072,IXS,Silchar Airport,Silchar,India,24.9129009247,92.9786987305,6,3,3,0.0,0.00017520290854350815,14,9
3073,CXB,Cox's Bazar Airport,Cox's Bazar,Bangladesh,21.45219993591309,91.96389770507812,2,1,1,0.0,0.0002719943931713131,6,9
3074,JSR,Jessore Airport,Jessore,Bangladesh,23.183799743652344,89.16079711914062,2,1,1,0.0,0.0002719943931713131,6,9
3075,PRH,Phrae Airport,Phrae,Thailand,18.132200241088867,100.16500091552734,2,1,1,0.0,0.000104158269511764,2,18
3076,LPT,Lampang Airport,Lampang,Thailand,18.27090072631836,99.50420379638672,2,1,1,0.0,0.0009200648406506717,2,18
3077,UTP,U-Tapao International Airport,Pattaya,Thailand,12.67990016937256,101.00499725341795,4,2,2,0.0,0.0002612526310839436,4,18
3078,TRZ,Tiruchirapally Civil Airport Airport,Tiruchirappalli,India,10.765399932861328,78.70970153808594,8,4,4,0.0,0.0019223364421840621,18,18
3079,TIR,Tirupati Airport,Tirupeti,India,13.632499694800002,79.543296814,2,1,1,0.0,0.0001954273651252638,4,9
3080,RJA,Rajahmundry Airport,Rajahmundry,India,17.1103992462,81.81819915770001,2,1,1,0.0,0.0001954273651252638,6,9
3081,VGA,Vijayawada Airport,Vijayawada,India,16.530399322509766,80.79679870605469,4,2,2,0.0,0.00047256544668844186,6,9
3082,AGX,Agatti Airport,Agatti Island,India,10.823699951171877,72.1760025024414,2,1,1,0.0,0.00014801519293374232,2,9
3083,BIR,Biratnagar Airport,Biratnagar,Nepal,26.48150062561035,87.26399993896484,2,1,1,0.0,0.00019704657496024858,2,9
3084,PKR,Pokhara Airport,Pokhara,Nepal,28.200899124145508,83.98210144042969,2,1,1,0.0,0.00019704657496024858,2,9
3085,JKR,Janakpur Airport,Janakpur,Nepal,26.708799362199997,85.9224014282,2,1,1,0.0,0.00019704657496024858,2,9
3086,BWA,Gautam Buddha Airport,Bhairawa,Nepal,27.505685,83.416293,2,1,1,0.0,0.00019704657496024858,2,9
3087,IXL,Leh Kushok Bakula Rimpochee Airport,Leh,India,34.1358985901,77.5465011597,6,3,3,0.0,0.0007752457837097854,12,9
3088,LUH,Ludhiana Airport,Ludhiaha,India,30.854700088500977,75.95259857177734,2,1,1,0.0,0.0007358791424830448,2,9
3089,JDH,Jodhpur Airport,Jodhpur,India,26.251100540161133,73.04889678955078,4,2,2,0.0,0.0013004973031978484,12,9
3090,GWL,Gwalior Airport,Gwalior,India,26.29330062866211,78.22779846191406,2,1,1,0.0,0.0005646181607148037,2,9
3091,DED,Dehradun Airport,Dehra Dun,India,30.189699,78.180298,4,2,2,0.0,0.0008046490350940694,10,9
3092,KNU,Kanpur Airport,Kanpur,India,26.404301,80.410103,2,1,1,0.0,0.0007358791424830448,2,9
3093,IXC,Chandigarh Airport,Chandigarh,India,30.673500061035156,76.78849792480469,6,3,3,0.0,0.001320637676866686,18,9
3094,KUU,Kullu Manali Airport,Kulu,India,31.876699447631836,77.15440368652344,2,1,1,0.0,0.0007358791424830448,2,9
3095,IXD,Allahabad Airport,Allahabad,India,25.440099716186523,81.73390197753906,4,2,2,0.0,0.0013004973031978484,4,9
3096,ZYL,Osmany International Airport,Sylhet Osmani,Bangladesh,24.963199615478516,91.8667984008789,5,4,1,0.0,0.004624587717827689,10,9
3097,RJH,Shah Mokhdum Airport,Rajshahi,Bangladesh,24.43720054626465,88.61650085449219,2,1,1,0.0,3.9265587391649285e-06,2,9
3098,MAZ,Eugenio Maria De Hostos Airport,Mayaguez,Puerto Rico,18.255699157714844,-67.14849853515625,2,1,1,0.0,0.0003402005790496815,2,3
3099,VLV,Dr. Antonio Nicolás Briceño Airport,Valera,Venezuela,9.34047794342041,-70.58406066894531,2,1,1,0.0,0.00031521513479957757,4,11
3100,MLU,Monroe Regional Airport,Monroe,United States,32.51089859008789,-92.0376968383789,6,3,3,0.0,0.003037134106843816,12,3
3101,PCR,German Olano Airport,Puerto Carreno,Colombia,6.18472,-67.4932,4,2,2,0.0,0.00038436506946713946,6,11
3102,POI,Capitan Nicolas Rojas Airport,Potosi,Bolivia,-19.5431003571,-65.72370147710001,2,1,1,0.0,2.465454714878427e-05,4,11
3103,CIJ,Capitán Aníbal Arab Airport,Cobija,Bolivia,-11.040399551400002,-68.7829971313,5,3,2,0.0,3.6444589082957495e-05,5,11
3104,VUP,Alfonso López Pumarejo Airport,Valledupar,Colombia,10.435,-73.2495,2,1,1,0.0,0.00037865707276996986,4,11
3105,AUC,Santiago Perez Airport,Arauca,Colombia,7.06888,-70.7369,2,1,1,0.0,0.00037865707276996986,4,11
3106,TME,Gustavo Vargas Airport,Tame,Colombia,6.45108,-71.7603,4,2,2,0.0,0.0003842047430661622,4,11
3107,SMR,Simón Bolívar International Airport,Santa Marta,Colombia,11.1196,-74.2306,4,2,2,0.0,0.0004800607940408652,8,11
3108,SJE,Jorge E. Gonzalez Torres Airport,San Jose Del Guaviare,Colombia,2.57969,-72.6394,2,1,1,0.0,0.00037865707276996986,4,11
3109,RCH,Almirante Padilla Airport,Rio Hacha,Colombia,11.5262,-72.926,2,1,1,0.0,0.00037865707276996986,2,11
3110,PVA,El Embrujo Airport,Providencia,Colombia,13.3569,-81.3583,2,1,1,0.0,1.5861655952074317e-05,2,11
3111,PSO,Antonio Narino Airport,Pasto,Colombia,1.39625,-77.2915,4,2,2,0.0,0.00044498660422609036,6,11
3112,PPN,Guillermo León Valencia Airport,Popayan,Colombia,2.4544,-76.6093,2,1,1,0.0,0.00037865707276996986,2,11
3113,NVA,Benito Salas Airport,Neiva,Colombia,2.95015,-75.294,2,1,1,0.0,0.00037865707276996986,4,11
3114,SOM,San Tomé Airport,San Tome,Venezuela,8.9451465606689,-64.151084899902,2,1,1,0.0,0.00031521513479957757,2,11
3115,MZL,La Nubia Airport,Manizales,Colombia,5.0296,-75.4647,2,1,1,0.0,0.00037865707276996986,2,11
3116,MVP,Fabio Alberto Leon Bentley Airport,Mitu,Colombia,1.25366,-70.2339,4,2,2,0.0,0.00038436506946713946,6,11
3117,MTR,Los Garzones Airport,Monteria,Colombia,8.82374,-75.8258,4,2,2,0.0,0.00038463982355516773,6,11
3118,APO,Antonio Roldan Betancourt Airport,Carepa,Colombia,7.81196,-76.7164,4,2,2,0.0,0.00038463982355516773,8,11
3119,IPI,San Luis Airport,Ipiales,Colombia,0.861925,-77.6718,2,1,1,0.0,0.00037865707276996986,2,11
3120,IBE,Perales Airport,Ibague,Colombia,4.42161,-75.1333,4,2,2,0.0,0.00038463982355516773,6,11
3121,GPI,Juan Casiano Airport,Guapi,Colombia,2.57013,-77.8986,2,1,1,0.0,6.632953145612051e-05,4,11
3122,FLA,Gustavo Artunduaga Paredes Airport,Florencia,Colombia,1.58919,-75.5644,2,1,1,0.0,0.00037865707276996986,4,11
3123,EJA,Yariguíes Airport,Barrancabermeja,Colombia,7.02433,-73.8068,2,1,1,0.0,0.00037865707276996986,2,11
3124,CZU,Las Brujas Airport,Corozal,Colombia,9.33274,-75.2856,2,1,1,0.0,0.00037865707276996986,4,11
3125,TCO,La Florida Airport,Tumaco,Colombia,1.81442,-78.7492,2,1,1,0.0,6.632953145612051e-05,2,11
3126,SRE,Juana Azurduy De Padilla Airport,Sucre,Bolivia,-19.007099151611328,-65.2886962890625,8,4,4,0.0,9.095636457379428e-05,12,11
3127,PCL,Cap FAP David Abenzur Rengifo International Airport,Pucallpa,Peru,-8.37794017791748,-74.57430267333984,6,3,3,0.0,0.0003472240836038902,12,11
3128,CIX,Capitan FAP Jose A Quinones Gonzales International Airport,Chiclayo,Peru,-6.787479877471924,-79.8281021118164,2,1,1,0.0,0.00033074372340139417,2,11
3129,AYP,Coronel FAP Alfredo Mendivil Duarte Airport,Ayacucho,Peru,-13.154800415039062,-74.20439910888672,2,1,1,0.0,0.00033074372340139417,4,11
3130,STD,Mayor Buenaventura Vivas International Airport,Santo Domingo,Venezuela,7.56538,-72.035103,4,2,2,0.0,0.00032959235949468415,8,11
3131,SNV,Santa Elena de Uairen Airport,Santa Ana De Uairen,Venezuela,4.554999828338623,-61.150001525878906,2,1,1,0.0,5.968029415789236e-06,2,11
3132,SVZ,San Antonio Del Tachira Airport,San Antonio,Venezuela,7.840829849243164,-72.439697265625,2,1,1,0.0,0.00031521513479957757,2,11
3133,PBL,General Bartolome Salom International Airport,Puerto Cabello,Venezuela,10.48050022125244,-68.072998046875,4,2,2,0.0,4.412295009227579e-05,4,11
3134,PYH,Cacique Aramare Airport,Puerto Ayacucho,Venezuela,5.6199898719788,-67.606101989746,2,1,1,0.0,0.00031521513479957757,2,11
3135,MUN,Maturín Airport,Maturin,Venezuela,9.75452995300293,-63.14739990234375,4,2,2,0.0,0.00032959235949468415,8,11
3136,MRD,Alberto Carnevalli Airport,Merida,Venezuela,8.582078,-71.161041,2,1,1,0.0,0.00031521513479957757,4,11
3137,LFR,La Fria Airport,La Fria,Venezuela,8.239167213439941,-72.27102661132812,2,1,1,0.0,0.00031521513479957757,2,11
3138,LSP,Josefa Camejo International Airport,Paraguana,Venezuela,11.78077507019043,-70.15149688720703,6,3,3,0.0,0.0006694798616028737,8,11
3139,CUM,Cumaná (Antonio José de Sucre) Airport,Cumana,Venezuela,10.450332641601562,-64.1304702758789,2,1,1,0.0,0.00031521513479957757,2,11
3140,CZE,José Leonardo Chirinos Airport,Coro,Venezuela,11.41494369506836,-69.68090057373047,2,1,1,0.0,0.00031521513479957757,2,11
3141,CAJ,Canaima Airport,Canaima,Venezuela,6.231988906860352,-62.85443115234375,2,1,1,0.0,5.968029415789236e-06,2,11
3142,BNS,Barinas Airport,Barinas,Venezuela,8.615,-70.21416667,2,1,1,0.0,0.00031521513479957757,4,11
3143,PIU,Capitán FAP Guillermo Concha Iberico International Airport,Piura,Peru,-5.20574998856,-80.61640167239999,2,1,1,0.0,0.00033074372340139417,4,11
3144,PEM,Padre Aldamiz International Airport,Puerto Maldonado,Peru,-12.6135997772,-69.2285995483,4,2,2,0.0,0.00033609408115127385,6,11
3145,TCQ,Coronel FAP Carlos Ciriani Santa Rosa International Airport,Tacna,Peru,-18.0533008575,-70.2758026123,4,2,2,0.0,0.00033609408115127385,4,11
3146,TPP,Cadete FAP Guillermo Del Castillo Paredes Airport,Tarapoto,Peru,-6.508739948272705,-76.37319946289062,6,3,3,0.0,0.0003472240836038901,12,11
3147,TRU,Capitan FAP Carlos Martinez De Pinillos International Airport,Trujillo,Peru,-8.08141040802002,-79.10880279541016,2,1,1,0.0,0.00033074372340139417,2,11
3148,TBP,Capitan FAP Pedro Canga Rodriguez Airport,Tumbes,Peru,-3.55253005027771,-80.38140106201172,2,1,1,0.0,0.00033074372340139417,2,11
3149,JUL,Inca Manco Capac International Airport,Juliaca,Peru,-15.467100143432615,-70.158203125,6,3,3,0.0,0.00034144443890115353,13,11
3150,JAU,Francisco Carle Airport,Jauja,Peru,-11.7831001282,-75.47339630130001,2,1,1,0.0,0.00033074372340139417,2,11
3151,ATA,Comandante FAP German Arias Graziani Airport,Anta,Peru,-9.347439765930176,-77.59839630126953,2,1,1,0.0,0.00033074372340139417,2,11
3152,ANS,Andahuaylas Airport,Andahuaylas,Peru,-13.70639991760254,-73.35040283203125,2,1,1,0.0,0.00033074372340139417,2,11
3153,PHS,Phitsanulok Airport,Phitsanulok,Thailand,16.782899856567383,100.27899932861328,4,2,2,0.0,0.00023408284005881725,6,18
3154,NAW,Narathiwat Airport,Narathiwat,Thailand,6.5199198722839355,101.74299621582033,2,1,1,0.0,0.000104158269511764,2,18
3155,UNN,Ranong Airport,Ranong,Thailand,9.777620315551758,98.58550262451172,2,1,1,0.0,0.000104158269511764,2,18
3156,PUB,Pueblo Memorial Airport,Pueblo,United States,38.289100646972656,-104.49700164794922,2,1,1,0.0,0.000707486606751884,2,3
3157,HVR,Havre City County Airport,Havre,United States,48.54299927,-109.762001,2,1,1,0.0,5.3726739698947514e-05,2,3
3158,CNM,Cavern City Air Terminal,Carlsbad,United States,32.337501525878906,-104.26300048828124,2,1,1,0.0,0.0002082281088302305,2,3
3159,YUM,Yuma MCAS/Yuma International Airport,Yuma,United States,32.65660095,-114.6060028,4,2,2,0.0,0.0016477230539957415,6,3
3160,JBR,Jonesboro Municipal Airport,Jonesboro,United States,35.83169937133789,-90.64640045166016,2,1,1,0.0,0.00045223126744475025,2,3
3161,IPT,Williamsport Regional Airport,Williamsport,United States,41.241798400878906,-76.92109680175781,2,1,1,0.0,0.0010140612985880084,4,3
3162,BFL,Meadows Field,Bakersfield,United States,35.43360138,-119.0569992,10,5,5,0.0,0.004157726356602275,12,3
3163,MSS,Massena International Richards Field,Massena,United States,44.93579864501953,-74.84559631347656,2,1,1,0.0,0.00019529033827688923,2,3
3164,MUE,Waimea Kohala Airport,Kamuela,United States,20.001300811767575,-155.66799926757812,2,1,1,0.0,0.00012582531111729307,2,3
3165,LNK,Lincoln Airport,Lincoln,United States,40.85100173950195,-96.75920104980467,6,3,3,0.0,0.0027083039354811114,6,3
3166,INL,Falls International Airport,International Falls,United States,48.566200256347656,-93.4030990600586,4,2,2,0.0,0.0007085149373795012,4,3
3167,PQI,Northern Maine Regional Airport at Presque Isle,Presque Isle,United States,46.68899918,-68.0447998,2,1,1,0.0,0.0008695885725114755,4,3
3168,LCH,Lake Charles Regional Airport,Lake Charles,United States,30.126100540161133,-93.22329711914062,4,2,2,0.0,0.0018628239688855508,6,3
3169,TST,Trang Airport,Trang,Thailand,7.508739948272705,99.6166000366211,2,1,1,0.0,0.000104158269511764,4,18
3170,HLN,Helena Regional Airport,Helena,United States,46.6068000793457,-111.98300170898438,9,4,5,0.0,0.001918468221689018,9,3
3171,GCK,Garden City Regional Airport,Garden City,United States,37.9275016785,-100.723999023,2,1,1,0.0,0.0009155838600940382,4,3
3172,LFT,Lafayette Regional Airport,Lafayette,United States,30.20529938,-91.98760223,6,3,3,0.0,0.003037134106843816,12,3
3173,HON,Huron Regional Airport,Huron,United States,44.38520050048828,-98.22850036621094,2,1,1,0.0,1.0368773140148068e-05,6,3
3174,GGG,East Texas Regional Airport,Longview,United States,32.38399887084961,-94.71150207519533,2,1,1,0.0,0.0009155838600940382,4,3
3175,HRO,Boone County Airport,Harrison,United States,36.26150131225586,-93.15470123291016,4,2,2,0.0,0.0006465676259578567,4,3
3176,DLG,Dillingham Airport,Dillingham,United States,59.04470062,-158.5050049,4,2,2,0.0,0.00010274230465406027,6,21
3177,PRC,Ernest A. Love Field,Prescott,United States,34.65449905,-112.4199982,2,1,1,0.0,0.0010955465890770775,2,3
3178,HNM,Hana Airport,Hana,United States,20.79560089111328,-156.01400756835938,2,1,1,0.0,0.00012582531111729307,2,3
3179,FSM,Fort Smith Regional Airport,Fort Smith,United States,35.33660125732422,-94.36740112304688,4,2,2,0.0,0.0020898939980523033,10,3
3180,PTU,Platinum Airport,Port Moller,United States,59.01139831542969,-161.82000732421875,1,0,1,0.0,7.939047605863066e-41,1,21
3181,SHV,Shreveport Regional Airport,Shreveport,United States,32.446602,-93.8256,10,5,5,0.0,0.00448254049277013,16,3
3182,BPT,Southeast Texas Regional Airport,Beaumont,United States,29.9507999420166,-94.02069854736328,2,1,1,0.0,0.0009155838600940382,4,3
3183,TEB,Teterboro Airport,Teterboro,United States,40.85010147089999,-74.060798645,2,1,1,0.0,1.4648624693744224e-05,2,3
3184,ENA,Kenai Municipal Airport,Kenai,United States,60.57310104370117,-151.2449951171875,2,1,1,0.0,0.00010125821714493852,6,21
3185,EWN,Coastal Carolina Regional Airport,New Bern,United States,35.0730018616,-77.04290008539999,4,2,2,0.0,0.0019975674154458327,10,3
3186,OGS,Ogdensburg International Airport,Ogdensburg,United States,44.6819000244,-75.46549987790002,2,1,1,0.0,0.00019529033827688923,2,3
3187,COU,Columbia Regional Airport,Columbia,United States,38.81809997558594,-92.21959686279295,4,2,2,0.0,0.0022181194860928723,8,3
3188,ABI,Abilene Regional Airport,Abilene,United States,32.4113006592,-99.6819000244,2,1,1,0.0,0.0009155838600940382,4,3
3189,CLL,Easterwood Field,College Station,United States,30.58860016,-96.36380005,4,2,2,0.0,0.0018628239688855508,6,3
3190,DRO,Durango La Plata County Airport,Durango,United States,37.1515007019,-107.753997803,6,3,3,0.0,0.002175246931764586,10,3
3191,CIC,Chico Municipal Airport,Chico,United States,39.79539871,-121.8580017,2,1,1,0.0,0.0008552765870631369,2,3
3192,SJT,San Angelo Regional Mathis Field,San Angelo,United States,31.35770034790039,-100.49600219726562,2,1,1,0.0,0.0009155838600940382,4,3
3193,MKK,Molokai Airport,Molokai,United States,21.15290069580078,-157.0959930419922,5,3,2,0.0,0.00046227205968459983,7,18
3194,AUG,Augusta State Airport,Augusta,United States,44.320598602299995,-69.7973022461,2,1,1,0.0,0.0008695885725114755,2,3
3195,ACT,Waco Regional Airport,Waco,United States,31.611299514770508,-97.23049926757812,2,1,1,0.0,0.0009155838600940382,4,3
3196,AOO,Altoona Blair County Airport,Altoona,United States,40.29639816,-78.31999969,4,2,2,0.0,0.0010957988291794177,4,3
3197,LRD,Laredo International Airport,Laredo,United States,27.543800354003903,-99.46160125732422,6,3,3,0.0,0.0026007437480599816,8,3
3198,SPS,Sheppard Air Force Base-Wichita Falls Municipal Airport,Wichita Falls,United States,33.9888,-98.491898,2,1,1,0.0,0.0009155838600940382,4,3
3199,MQT,Sawyer International Airport,Gwinn,United States,46.3535995483,-87.395401001,4,2,2,0.0,0.0021100625973946335,6,3
3200,MLB,Melbourne International Airport,Melbourne,United States,28.102800369262695,-80.64530181884766,4,2,2,0.0,0.0019975674154458327,10,3
3201,TBN,Waynesville-St. Robert Regional Forney field,Fort Leonardwood,United States,37.74160004,-92.14070129,2,1,1,0.0,0.00045223126744475025,2,3
3202,HOM,Homer Airport,Homer,United States,59.645599365234375,-151.4770050048828,2,1,1,0.0,0.00010125821714493852,4,21
3203,ISN,Sloulin Field International Airport,Williston,United States,48.177898407,-103.641998291,4,2,2,0.0,0.0014057683094822768,4,3
3204,AGS,Augusta Regional At Bush Field,Bush Field,United States,33.36989974975586,-81.9645004272461,6,3,3,0.0,0.0025120207446630975,14,3
3205,GRB,Austin Straubel International Airport,Green Bay,United States,44.48509979248047,-88.12960052490234,8,4,4,0.0,0.003982654438083292,16,3
3206,HIB,Range Regional Airport,Hibbing,United States,47.38660049,-92.83899689,2,1,1,0.0,0.0006982817027303928,2,3
3207,SBY,Salisbury Ocean City Wicomico Regional Airport,Salisbury,United States,38.34049987792969,-75.51029968261719,4,2,2,0.0,0.0018373185760755762,8,3
3208,ILI,Iliamna Airport,Iliamna,United States,59.75439835,-154.9109955,2,1,1,0.0,0.00010125821714493852,2,21
3209,STG,St George Airport,Point Barrow,United States,56.5783004761,-169.662002563,4,2,2,0.0,0.00010274230017190456,6,21
3210,SNP,St Paul Island Airport,St. Paul Island,United States,57.16730117797851,-170.22000122070312,4,2,2,0.0,0.00010274230017190456,6,21
3211,BTJ,Sultan Iskandar Muda International Airport,Banda Aceh,Indonesia,5.522872024010001,95.42063713070002,6,3,3,0.0,0.0008795589308901784,10,18
3212,DJB,Sultan Thaha Airport,Jambi,Indonesia,-1.6380200386047363,103.6439971923828,4,2,2,0.0,0.0002658207309333585,12,18
3213,LBU,Labuan Airport,Labuan,Malaysia,5.300680160522461,115.25,6,3,3,0.0,0.0006866913113465856,8,18
3214,LDU,Lahad Datu Airport,Lahad Datu,Malaysia,5.032249927520752,118.3239974975586,2,1,1,0.0,0.00011016340102207725,2,18
3215,LMN,Limbang Airport,Limbang,Malaysia,4.808300018310547,115.01000213623048,2,1,1,0.0,2.7452458511163977e-05,2,18
3216,BTU,Bintulu Airport,Bintulu,Malaysia,3.12385010719,113.019996643,10,5,5,0.0,0.0007202216652227674,14,18
3217,BXB,Babo Airport,Babo,Indonesia,-2.5322399139404297,133.43899536132812,2,1,1,0.0,7.048181689809731e-07,2,18
3218,LUW,Syukuran Aminuddin Amir Airport,Luwuk,Indonesia,-1.03892,122.772003,2,1,1,0.0,2.7101064901082206e-05,4,18
3219,TTE,Sultan Khairun Babullah Airport,Ternate,Indonesia,0.831413984298706,127.38099670410156,6,3,3,0.0,0.00029949860073452174,16,18
3220,PSJ,Kasiguncu Airport,Poso,Indonesia,-1.41674995422,120.657997131,2,1,1,0.0,2.7101064901082206e-05,2,18
3221,PLW,Mutiara Airport,Palu,Indonesia,-0.9185420274734496,119.91000366210938,7,3,4,0.0,0.00031038400206905253,15,18
3222,GTO,Jalaluddin Airport,Gorontalo,Indonesia,0.63711899519,122.849998474,4,2,2,0.0,4.3181075721784344e-05,8,18
3223,MKQ,Mopah Airport,Merauke,Indonesia,-8.52029037475586,140.41799926757812,2,1,1,0.0,4.146954774345408e-06,6,18
3224,WMX,Wamena Airport,Wamena,Indonesia,-4.10251,138.957001,2,1,1,0.0,4.146954774345408e-06,2,18
3225,BIK,Frans Kaisiepo Airport,Biak,Indonesia,-1.190019965171814,136.10800170898438,4,2,2,0.0,3.124801967542761e-05,8,18
3226,SNW,Thandwe Airport,Thandwe,Burma,18.4606990814209,94.30010223388672,4,2,2,0.0,0.00015003803285993134,4,18
3227,AKY,Sittwe Airport,Sittwe,Burma,20.132699966430664,92.87259674072266,4,2,2,0.0,0.00015003803285993134,6,18
3228,PBU,Putao Airport,Putao,Burma,27.32990074157715,97.42630004882812,2,1,1,0.0,2.436099095125683e-06,2,18
3229,KYP,Kyaukpyu Airport,Kyaukpyu,Burma,19.42639923095703,93.53479766845705,2,1,1,0.0,0.00014787172565866184,2,18
3230,KET,Kengtung Airport,Kengtung,Burma,21.301599502563477,99.63600158691406,2,1,1,0.0,2.4717839998165223e-06,2,18
3231,NYU,Bagan Airport,Bagan,Burma,21.178800582885746,94.9301986694336,5,2,3,0.0,0.00016868883016177955,13,18
3232,HUI,Phu Bai Airport,Hue,Vietnam,16.401500701899998,107.70300293,4,2,2,0.0,0.0006114788483634228,8,18
3233,LOE,Loei Airport,Loei,Thailand,17.43910026550293,101.72200012207033,2,1,1,0.0,0.000104158269511764,2,18
3234,SNO,Sakon Nakhon Airport,Sakon Nakhon,Thailand,17.195100784301758,104.11900329589844,2,1,1,0.0,0.000104158269511764,2,18
3235,BKS,Fatmawati Soekarno Airport,Bengkulu,Indonesia,-3.8637,102.338997,4,2,2,0.0,0.0002658207309333585,10,18
3236,KUA,Kuantan Airport,Kuantan,Malaysia,3.7753899097442623,103.20899963378906,6,3,3,0.0,0.0013589034741323318,10,18
3237,TLJ,Tatalina LRRS Airport,Tatalina,United States,62.8944015503,-155.977005005,1,0,1,0.0,7.939047605863066e-41,1,21
3238,KTE,Kerteh Airport,Kerteh,Malaysia,4.537220001220703,103.427001953125,2,1,1,0.0,1.4311765520159286e-05,4,18
3239,ITO,Hilo International Airport,Hilo,United States,19.721399307250977,-155.04800415039062,6,3,3,0.0,0.0015512372124960084,8,18
3240,PIZ,Point Lay LRRS Airport,Point Lay,United States,69.73290253,-163.0050049,2,1,1,0.0,1.4880366954529767e-06,2,21
3241,LUR,Cape Lisburne LRRS Airport,Cape Lisburne,United States,68.87509918,-166.1100006,1,0,1,0.0,7.939047605863066e-41,1,21
3242,NTQ,Noto Airport,Wajima,Japan,37.2930984497,136.962005615,2,1,1,0.0,0.0003332204388897051,2,18
3243,HTN,Hotan Airport,Hotan,China,37.03850173950195,79.86489868164062,2,1,1,0.0,0.00020302097525129784,12,20
3244,XIC,Xichang Qingshan Airport,Xichang,China,27.989099502563477,102.18399810791016,6,3,3,0.0,0.0009152885630084714,10,20
3245,WGA,Wagga Wagga City Airport,Wagga Wagga,Australia,-35.1652984619,147.466003418,4,2,2,0.0,0.000460698968195796,6,18
3246,TMW,Tamworth Airport,Tamworth,Australia,-31.0839004517,150.847000122,2,1,1,0.0,0.0002573041769888824,2,18
3247,NLK,Norfolk Island International Airport,Norfolk Island,Norfolk Island,-29.04159927368164,167.93899536132812,5,2,3,0.0,0.0004066656744299766,5,18
3248,DBO,Dubbo City Regional Airport,Dubbo,Australia,-32.2167015076,148.574996948,4,2,2,0.0,0.0002621995563144054,6,18
3249,CFS,Coffs Harbour Airport,Coff's Harbour,Australia,-30.3206005096,153.115997314,4,2,2,0.0,0.000460698968195796,8,18
3250,LEA,Learmonth Airport,Learmonth,Australia,-22.235599517799997,114.088996887,2,1,1,0.0,0.0001272821789688927,6,18
3251,KNX,Kununurra Airport,Kununurra,Australia,-15.7781000137,128.707992554,6,3,3,0.0,0.00017730681708865435,16,18
3252,KGI,Kalgoorlie Boulder Airport,Kalgoorlie,Australia,-30.789400100699996,121.461997986,6,3,3,0.0,0.0004008921245667466,10,18
3253,HBA,Hobart International Airport,Hobart,Australia,-42.836101532,147.509994507,6,3,3,0.0,0.0006100604656368902,18,18
3254,ABX,Albury Airport,Albury,Australia,-36.06779861450195,146.95799255371094,4,2,2,0.0,0.000460698968195796,8,18
3255,AVV,Avalon Airport,Avalon,Australia,-38.039398,144.468994,2,1,1,0.0,0.0002573041769888824,2,18
3256,WEI,Weipa Airport,Weipa,Australia,-12.6786003113,141.925003052,2,1,1,0.0,5.003040876383587e-05,4,18
3257,PPP,Proserpine Whitsunday Coast Airport,Prosserpine,Australia,-20.4950008392,148.552001953,4,2,2,0.0,0.0004066656744299766,6,18
3258,MCY,Sunshine Coast Airport,Maroochydore,Australia,-26.6033,153.091003,4,2,2,0.0,0.000460698968195796,10,18
3259,ABM,Northern Peninsula Airport,Amberley,Australia,-10.9508,142.459,2,1,1,0.0,5.003040876383587e-05,2,18
3260,DIL,Presidente Nicolau Lobato International Airport,Dili,East Timor,-8.54640007019,125.526000977,6,3,3,0.0,0.0009168742173034741,8,18
3261,IPH,Sultan Azlan Shah Airport,Ipoh,Malaysia,4.567969799041748,101.09200286865234,2,1,1,0.0,0.0007356620682548908,4,18
3262,CPO,Desierto de Atacama Airport,Copiapo,Chile,-27.2611999512,-70.7791976929,6,3,3,0.0,0.0002312106855266069,8,11
